Date,Index_Level,iPath_Pure_Beta_Precious_Metals_ETN
2011-04-20,538.3346,50.00
2011-04-21,544.1248,50.54
2011-04-22,544.1248,50.54
2011-04-23,544.1248,50.53
2011-04-24,544.1248,50.53
2011-04-25,548.623,50.95
2011-04-26,541.3176,50.27
2011-04-27,547.5742,50.85
2011-04-28,555.7635,51.61
2011-04-29,565.6763,52.53
2011-04-30,565.6763,52.53
2011-05-01,565.6763,52.53
2011-05-02,558.9975,51.90
2011-05-03,544.7986,50.59
2011-05-04,529.0671,49.12
2011-05-05,511.0558,47.45
2011-05-06,511.2809,47.47
2011-05-07,511.2809,47.47
2011-05-08,511.2809,47.47
2011-05-09,519.5695,48.24
2011-05-10,527.1363,48.94
2011-05-11,514.7175,47.78
2011-05-12,514.2391,47.74
2011-05-13,511.1575,47.45
2011-05-14,511.1575,47.45
2011-05-15,511.1575,47.45
2011-05-16,507.9214,47.15
2011-05-17,503.2248,46.71
2011-05-18,512.0363,47.53
2011-05-19,510.616,47.39
2011-05-20,515.5983,47.85
2011-05-21,515.5983,47.85
2011-05-22,515.5983,47.85
2011-05-23,516.9093,47.97
2011-05-24,522.4237,48.48
2011-05-25,527.5349,48.96
2011-05-26,525.544,48.77
2011-05-27,530.7808,49.26
2011-05-28,530.7808,49.25
2011-05-29,530.7808,49.25
2011-05-30,530.7808,49.25
2011-05-31,531.8604,49.35
2011-06-01,531.9688,49.36
2011-06-02,524.9735,48.71
2011-06-03,527.6352,48.96
2011-06-04,527.6352,48.95
2011-06-05,527.6352,48.95
2011-06-06,530.5916,49.23
2011-06-07,530.4265,49.21
2011-06-08,527.791,48.96
2011-06-09,531.0872,49.27
2011-06-10,524.3423,48.64
2011-06-11,524.3423,48.64
2011-06-12,524.3423,48.64
2011-06-13,516.2047,47.88
2011-06-14,520.4711,48.28
2011-06-15,520.9577,48.32
2011-06-16,522.3698,48.45
2011-06-17,525.4344,48.74
2011-06-18,525.4344,48.73
2011-06-19,525.4344,48.73
2011-06-20,527.1593,48.89
2011-06-21,529.1996,49.08
2011-06-22,532.134,49.35
2011-06-23,518.2278,48.06
2011-06-24,511.8115,47.46
2011-06-25,511.8115,47.46
2011-06-26,511.8115,47.46
2011-06-27,507.6919,47.08
2011-06-28,508.8971,47.19
2011-06-29,514.8195,47.74
2011-06-30,512.8521,47.55
2011-07-01,504.1969,46.75
2011-07-02,504.1969,46.75
2011-07-03,504.1969,46.75
2011-07-04,504.1969,46.75
2011-07-05,517.2101,47.95
2011-07-06,523.1714,48.50
2011-07-07,525.2171,48.69
2011-07-08,528.2618,48.97
2011-07-09,528.2618,48.97
2011-07-10,528.2618,48.97
2011-07-11,528.0632,48.95
2011-07-12,531.5253,49.27
2011-07-13,544.8076,50.50
2011-07-14,547.3244,50.73
2011-07-15,548.5749,50.85
2011-07-16,548.5749,50.85
2011-07-17,548.5749,50.85
2011-07-18,555.4955,51.49
2011-07-19,554.805,51.42
2011-07-20,551.8565,51.15
2011-07-21,547.4395,50.74
2011-07-22,554.6999,51.41
2011-07-23,554.6999,51.41
2011-07-24,554.6999,51.41
2011-07-25,558.3286,51.74
2011-07-26,560.6088,51.95
2011-07-27,559.7,51.87
2011-07-28,557.2877,51.64
2011-07-29,562.3011,52.10
2011-07-30,562.3011,52.10
2011-07-31,562.3011,52.10
2011-08-01,557.4931,51.66
2011-08-02,565.9627,52.44
2011-08-03,576.568,53.42
2011-08-04,568.1978,52.64
2011-08-05,562.8766,52.15
2011-08-06,562.8766,52.15
2011-08-07,562.8766,52.15
2011-08-08,583.1248,54.02
2011-08-09,587.3216,54.41
2011-08-10,602.7267,55.83
2011-08-11,591.8267,54.82
2011-08-12,590.5651,54.71
2011-08-13,590.5651,54.70
2011-08-14,590.5651,54.70
2011-08-15,595.3609,55.15
2011-08-16,604.2511,55.97
2011-08-17,608.1405,56.33
2011-08-18,616.892,57.14
2011-08-19,630.0533,58.35
2011-08-20,630.0533,58.35
2011-08-21,630.0533,58.35
2011-08-22,643.5263,59.60
2011-08-23,632.208,58.55
2011-08-24,594.8,55.08
2011-08-25,600.7811,55.64
2011-08-26,610.8156,56.56
2011-08-27,610.8156,56.56
2011-08-28,610.8156,56.56
2011-08-29,608.1427,56.31
2011-08-30,621.1023,57.51
2011-08-31,622.4593,57.63
2011-09-01,621.0939,57.51
2011-09-02,638.5573,59.12
2011-09-03,638.5573,59.12
2011-09-04,638.5573,59.12
2011-09-05,638.5573,59.12
2011-09-06,634.2827,58.72
2011-09-07,618.1732,57.23
2011-09-08,631.7033,58.48
2011-09-09,629.7875,58.30
2011-09-10,629.7875,58.30
2011-09-11,629.7875,58.30
2011-09-12,613.1247,56.75
2011-09-13,620.4514,57.43
2011-09-14,617.6517,57.17
2011-09-15,602.3158,55.75
2011-09-16,615.189,56.94
2011-09-17,615.189,56.94
2011-09-18,615.189,56.94
2011-09-19,600.7003,55.60
2011-09-20,611.7417,56.62
2011-09-21,612.3699,56.67
2011-09-22,583.3213,53.98
2011-09-23,537.3625,49.73
2011-09-24,537.3625,49.73
2011-09-25,537.3625,49.73
2011-09-26,524.5289,48.54
2011-09-27,544.8038,50.41
2011-09-28,531.4292,49.17
2011-09-29,532.2659,49.25
2011-09-30,532.4567,49.27
2011-10-01,532.4567,49.27
2011-10-02,532.4567,49.26
2011-10-03,544.2278,50.35
2011-10-04,530.0432,49.04
2011-10-05,538.5502,49.82
2011-10-06,546.2803,50.54
2011-10-07,538.6892,49.84
2011-10-08,538.6892,49.83
2011-10-09,538.6892,49.83
2011-10-10,551.1,50.98
2011-10-11,548.4287,50.73
2011-10-12,556.5885,51.49
2011-10-13,549.6142,50.84
2011-10-14,555.0187,51.34
2011-10-15,555.0187,51.34
2011-10-16,555.0187,51.34
2011-10-17,552.2835,51.08
2011-10-18,545.7037,50.47
2011-10-19,542.5763,50.18
2011-10-20,530.3933,49.05
2011-10-21,539.3168,49.88
2011-10-22,539.3168,49.88
2011-10-23,539.3168,49.87
2011-10-24,545.05,50.40
2011-10-25,562.2377,51.99
2011-10-26,569.3569,52.65
2011-10-27,580.9993,53.72
2011-10-28,581.3404,53.75
2011-10-29,581.3404,53.75
2011-10-30,581.3404,53.75
2011-10-31,572.6942,52.95
2011-11-01,564.5493,52.20
2011-11-02,572.8017,52.96
2011-11-03,584.1726,54.01
2011-11-04,580.5488,53.67
2011-11-05,580.5488,53.67
2011-11-06,580.5488,53.67
2011-11-07,592.3098,54.76
2011-11-08,595.4627,55.05
2011-11-09,591.1988,54.65
2011-11-10,581.6106,53.76
2011-11-11,591.1223,54.64
2011-11-12,591.1223,54.64
2011-11-13,591.1223,54.64
2011-11-14,586.6379,54.22
2011-11-15,588.874,54.43
2011-11-16,584.9898,54.07
2011-11-17,563.6842,52.10
2011-11-18,567.577,52.46
2011-11-19,567.577,52.46
2011-11-20,567.577,52.45
2011-11-21,551.1935,50.94
2011-11-22,562.8438,52.01
2011-11-23,558.0796,51.57
2011-11-24,558.0796,51.57
2011-11-25,552.8487,51.09
2011-11-26,552.8487,51.09
2011-11-27,552.8487,51.08
2011-11-28,563.191,52.04
2011-11-29,563.6159,52.08
2011-11-30,574.6488,53.10
2011-12-01,571.6155,52.81
2011-12-02,574.6055,53.09
2011-12-03,574.6055,53.09
2011-12-04,574.6055,53.09
2011-12-05,569.0936,52.58
2011-12-06,569.3586,52.60
2011-12-07,572.6443,52.90
2011-12-08,560.9633,51.82
2011-12-09,563.8424,52.09
2011-12-10,563.8424,52.08
2011-12-11,563.8424,52.08
2011-12-12,546.9384,50.52
2011-12-13,546.207,50.45
2011-12-14,518.7197,47.91
2011-12-15,516.958,47.75
2011-12-16,523.7986,48.38
2011-12-17,523.7986,48.38
2011-12-18,523.7986,48.38
2011-12-19,521.3228,48.15
2011-12-20,528.9408,48.85
2011-12-21,527.0791,48.68
2011-12-22,525.7259,48.55
2011-12-23,524.5809,48.44
2011-12-24,524.5809,48.44
2011-12-25,524.5809,48.44
2011-12-26,524.5809,48.44
2011-12-27,520.7368,48.08
2011-12-28,507.9124,46.90
2011-12-29,501.7103,46.32
2011-12-30,510.5717,47.14
2011-12-31,510.5717,47.14
2012-01-01,510.5717,47.14
2012-01-02,510.5717,47.14
2012-01-03,524.4462,48.42
2012-01-04,526.5852,48.61
2012-01-05,529.1488,48.85
2012-01-06,526.565,48.61
2012-01-07,526.565,48.61
2012-01-08,526.565,48.61
2012-01-09,524.399,48.41
2012-01-10,533.98,49.29
2012-01-11,536.4137,49.51
2012-01-12,539.4032,49.79
2012-01-13,532.5891,49.16
2012-01-14,532.5891,49.16
2012-01-15,532.5891,49.16
2012-01-16,532.5891,49.16
2012-01-17,541.4247,49.97
2012-01-18,544.3191,50.24
2012-01-19,542.8011,50.09
2012-01-20,550.4217,50.80
2012-01-21,550.4217,50.80
2012-01-22,550.4217,50.79
2012-01-23,556.6287,51.37
2012-01-24,551.8984,50.93
2012-01-25,565.7975,52.21
2012-01-26,575.1964,53.08
2012-01-27,576.7499,53.22
2012-01-28,576.7499,53.22
2012-01-29,576.7499,53.21
2012-01-30,575.3225,53.08
2012-01-31,575.5663,53.10
2012-02-01,580.2445,53.53
2012-02-02,584.2895,53.91
2012-02-03,577.7175,53.30
2012-02-04,577.7175,53.30
2012-02-05,577.7175,53.30
2012-02-06,573.9719,52.95
2012-02-07,581.7223,53.66
2012-02-08,575.3347,53.07
2012-02-09,578.7412,53.38
2012-02-10,573.4516,52.90
2012-02-11,573.4516,52.89
2012-02-12,573.4516,52.89
2012-02-13,573.8924,52.93
2012-02-14,570.4216,52.61
2012-02-15,573.2616,52.87
2012-02-16,573.1686,52.86
2012-02-17,571.859,52.74
2012-02-18,571.859,52.74
2012-02-19,571.859,52.74
2012-02-20,571.859,52.74
2012-02-21,585.348,53.98
2012-02-22,587.6882,54.19
2012-02-23,597.2687,55.08
2012-02-24,593.8557,54.76
2012-02-25,593.8557,54.76
2012-02-26,593.8557,54.76
2012-02-27,594.3037,54.80
2012-02-28,604.871,55.77
2012-02-29,574.4568,52.97
2012-03-01,581.7543,53.64
2012-03-02,573.5894,52.88
2012-03-03,573.5894,52.88
2012-03-04,573.5894,52.88
2012-03-05,568.3977,52.40
2012-03-06,556.521,51.30
2012-03-07,563.0299,51.90
2012-03-08,567.7482,52.34
2012-03-09,572.5865,52.78
2012-03-10,572.5865,52.78
2012-03-11,572.5865,52.78
2012-03-12,566.0678,52.18
2012-03-13,565.4688,52.12
2012-03-14,546.5843,50.38
2012-03-15,552.9934,50.97
2012-03-16,551.5325,50.83
2012-03-17,551.5325,50.83
2012-03-18,551.5325,50.83
2012-03-19,555.9308,51.23
2012-03-20,545.8369,50.30
2012-03-21,548.4476,50.54
2012-03-22,542.5056,49.99
2012-03-23,551.5941,50.83
2012-03-24,551.5941,50.83
2012-03-25,551.5941,50.83
2012-03-26,559.4399,51.55
2012-03-27,558.6903,51.48
2012-03-28,548.5125,50.54
2012-03-29,547.8671,50.48
2012-03-30,554.2824,51.07
2012-03-31,554.2824,51.07
2012-04-01,554.2824,51.07
2012-04-02,559.0012,51.50
2012-04-03,557.8687,51.39
2012-04-04,533.6968,49.17
2012-04-05,540.7412,49.81
2012-04-06,540.7412,49.81
2012-04-07,540.7412,49.81
2012-04-08,540.7412,49.81
2012-04-09,543.2211,50.04
2012-04-10,548.0034,50.48
2012-04-11,547.1693,50.40
2012-04-12,556.6183,51.27
2012-04-13,546.5109,50.34
2012-04-14,546.5109,50.34
2012-04-15,546.5109,50.33
2012-04-16,543.9,50.09
2012-04-17,545.5822,50.25
2012-04-18,541.8953,49.91
2012-04-19,543.7111,50.07
2012-04-20,543.4776,50.05
2012-04-21,543.4776,50.05
2012-04-22,543.4776,50.05
2012-04-23,535.9378,49.35
2012-04-24,539.6325,49.69
2012-04-25,537.5062,49.49
2012-04-26,545.8189,50.26
2012-04-27,547.4979,50.41
2012-04-28,547.4979,50.41
2012-04-29,547.4979,50.41
2012-04-30,545.5455,50.23
2012-05-01,544.6972,50.15
2012-05-02,541.348,49.84
2012-05-03,533.772,49.14
2012-05-04,538.2045,49.55
2012-05-05,538.2045,49.55
2012-05-06,538.2045,49.55
2012-05-07,535.3757,49.28
2012-05-08,523.9642,48.23
2012-05-09,520.4813,47.91
2012-05-10,520.5114,47.91
2012-05-11,516.4138,47.53
2012-05-12,516.4138,47.53
2012-05-13,516.4138,47.53
2012-05-14,508.3679,46.79
2012-05-15,506.1806,46.59
2012-05-16,497.1849,45.76
2012-05-17,510.2476,46.96
2012-05-18,517.547,47.63
2012-05-19,517.547,47.63
2012-05-20,517.547,47.63
2012-05-21,514.9917,47.39
2012-05-22,511.3847,47.06
2012-05-23,501.5407,46.15
2012-05-24,506.6566,46.62
2012-05-25,510.4637,46.97
2012-05-26,510.4637,46.97
2012-05-27,510.4637,46.97
2012-05-28,510.4637,46.97
2012-05-29,502.867,46.27
2012-05-30,507.3192,46.68
2012-05-31,505.9455,46.55
2012-06-01,523.4371,48.16
2012-06-02,523.4371,48.16
2012-06-03,523.4371,48.15
2012-06-04,519.1689,47.76
2012-06-05,521.7079,47.99
2012-06-06,530.8099,48.83
2012-06-07,515.2381,47.40
2012-06-08,515.7995,47.45
2012-06-09,515.7995,47.45
2012-06-10,515.7995,47.44
2012-06-11,517.7819,47.63
2012-06-12,523.438,48.14
2012-06-13,524.7703,48.27
2012-06-14,522.4299,48.05
2012-06-15,526.0169,48.38
2012-06-16,526.0169,48.38
2012-06-17,526.0169,48.38
2012-06-18,525.452,48.32
2012-06-19,523.1381,48.11
2012-06-20,521.4258,47.95
2012-06-21,502.2079,46.18
2012-06-22,501.765,46.14
2012-06-23,501.765,46.14
2012-06-24,501.765,46.14
2012-06-25,510.8845,46.98
2012-06-26,505.4556,46.48
2012-06-27,505.8373,46.51
2012-06-28,495.8493,45.59
2012-06-29,514.9074,47.34
2012-06-30,514.9074,47.34
2012-07-01,514.9074,47.34
2012-07-02,512.8349,47.15
2012-07-03,522.1998,48.01
2012-07-04,522.1998,48.01
2012-07-05,516.423,47.47
2012-07-06,505.6258,46.48
2012-07-07,505.6258,46.48
2012-07-08,505.6258,46.48
2012-07-09,510.5175,46.93
2012-07-10,505.7565,46.49
2012-07-11,505.4309,46.46
2012-07-12,503.5051,46.28
2012-07-13,510.9548,46.96
2012-07-14,510.9548,46.96
2012-07-15,510.9548,46.96
2012-07-16,510.617,46.93
2012-07-17,510.0861,46.88
2012-07-18,504.5551,46.37
2012-07-19,507.4305,46.63
2012-07-20,508.3766,46.72
2012-07-21,508.3766,46.72
2012-07-22,508.3766,46.72
2012-07-23,505.9013,46.49
2012-07-24,504.5731,46.36
2012-07-25,515.2706,47.35
2012-07-26,516.9055,47.49
2012-07-27,517.8445,47.58
2012-07-28,517.8445,47.58
2012-07-29,517.8445,47.58
2012-07-30,520.5687,47.83
2012-07-31,517.7492,47.57
2012-08-01,514.2709,47.25
2012-08-02,507.8159,46.65
2012-08-03,515.9641,47.40
2012-08-04,515.9641,47.40
2012-08-05,515.9641,47.40
2012-08-06,517.9179,47.58
2012-08-07,518.1008,47.59
2012-08-08,518.8385,47.66
2012-08-09,519.9582,47.76
2012-08-10,520.4375,47.80
2012-08-11,520.4375,47.80
2012-08-12,520.4375,47.80
2012-08-13,516.639,47.45
2012-08-14,514.1482,47.22
2012-08-15,515.3893,47.33
2012-08-16,520.2582,47.78
2012-08-17,519.3579,47.70
2012-08-18,519.3579,47.69
2012-08-19,519.3579,47.69
2012-08-20,522.898,48.02
2012-08-21,531.4926,48.81
2012-08-22,531.484,48.80
2012-08-23,543.3796,49.89
2012-08-24,544.1577,49.97
2012-08-25,544.1577,49.96
2012-08-26,544.1577,49.96
2012-08-27,546.7453,50.20
2012-08-28,544.5318,49.99
2012-08-29,542.7233,49.83
2012-08-30,539.1495,49.50
2012-08-31,551.0367,50.59
2012-09-01,551.0367,50.59
2012-09-02,551.0367,50.59
2012-09-03,551.0367,50.58
2012-09-04,557.4458,51.17
2012-09-05,556.5928,51.09
2012-09-06,560.9626,51.49
2012-09-07,574.0075,52.69
2012-09-08,574.0075,52.69
2012-09-09,574.0075,52.69
2012-09-10,571.6449,52.47
2012-09-11,572.0968,52.51
2012-09-12,570.573,52.37
2012-09-13,586.5844,53.84
2012-09-14,586.182,53.80
2012-09-15,586.182,53.80
2012-09-16,586.182,53.79
2012-09-17,584.3756,53.63
2012-09-18,586.104,53.79
2012-09-19,585.6414,53.74
2012-09-20,585.7026,53.75
2012-09-21,587.3985,53.90
2012-09-22,587.3985,53.90
2012-09-23,587.3985,53.90
2012-09-24,581.2065,53.33
2012-09-25,581.4828,53.35
2012-09-26,578.3431,53.06
2012-09-27,588.1417,53.96
2012-09-28,586.1413,53.78
2012-09-29,586.1413,53.77
2012-09-30,586.1413,53.77
2012-10-01,590.1166,54.14
2012-10-02,586.975,53.85
2012-10-03,588.09,53.95
2012-10-04,593.9946,54.49
2012-10-05,587.8038,53.92
2012-10-06,587.8038,53.92
2012-10-07,587.8038,53.92
2012-10-08,584.0706,53.57
2012-10-09,581.3319,53.32
2012-10-10,581.9156,53.37
2012-10-11,583.1302,53.48
2012-10-12,578.6309,53.07
2012-10-13,578.6309,53.07
2012-10-14,578.6309,53.07
2012-10-15,569.107,52.19
2012-10-16,572.1949,52.47
2012-10-17,575.0537,52.74
2012-10-18,571.401,52.40
2012-10-19,562.9057,51.62
2012-10-20,562.9057,51.62
2012-10-21,562.9057,51.62
2012-10-22,564.1654,51.73
2012-10-23,557.9988,51.16
2012-10-24,555.3167,50.92
2012-10-25,560.1339,51.36
2012-10-26,559.6798,51.31
2012-10-27,559.6798,51.31
2012-10-28,559.6798,51.31
2012-10-29,559.6798,51.31
2012-10-30,559.6798,51.31
2012-10-31,562.7164,51.59
2012-11-01,561.5392,51.48
2012-11-02,545.4968,50.01
2012-11-03,545.4968,50.01
2012-11-04,545.4968,50.00
2012-11-05,548.6708,50.29
2012-11-06,560.4744,51.37
2012-11-07,558.5657,51.20
2012-11-08,564.0964,51.70
2012-11-09,566.9193,51.96
2012-11-10,566.9193,51.96
2012-11-11,566.9193,51.96
2012-11-12,566.5815,51.93
2012-11-13,564.9408,51.78
2012-11-14,568.0201,52.06
2012-11-15,563.1259,51.61
2012-11-16,561.9372,51.50
2012-11-17,561.9372,51.50
2012-11-18,561.9372,51.49
2012-11-19,570.457,52.27
2012-11-20,566.7042,51.93
2012-11-21,569.766,52.21
2012-11-22,569.766,52.21
2012-11-23,578.8432,53.04
2012-11-24,578.8432,53.04
2012-11-25,578.8432,53.03
2012-11-26,578.5235,53.00
2012-11-27,576.0954,52.78
2012-11-28,568.4362,52.08
2012-11-29,574.0091,52.59
2012-11-30,564.7933,51.74
2012-12-01,564.7933,51.74
2012-12-02,564.7933,51.74
2012-12-03,568.9968,52.12
2012-12-04,558.5905,51.17
2012-12-05,558.7928,51.19
2012-12-06,561.4581,51.43
2012-12-07,562.4366,51.52
2012-12-08,562.4366,51.52
2012-12-09,562.4366,51.51
2012-12-10,565.71,51.81
2012-12-11,562.9364,51.56
2012-12-12,568.3881,52.06
2012-12-13,556.8624,51.00
2012-12-14,556.6601,50.98
2012-12-15,556.6601,50.98
2012-12-16,556.6601,50.98
2012-12-17,556.8689,51.00
2012-12-18,547.4706,50.13
2012-12-19,544.2571,49.84
2012-12-20,532.4909,48.76
2012-12-21,538.2876,49.29
2012-12-22,538.2876,49.29
2012-12-23,538.2876,49.29
2012-12-24,536.7914,49.15
2012-12-25,536.7914,49.15
2012-12-26,537.7038,49.23
2012-12-27,539.3772,49.38
2012-12-28,536.2999,49.10
2012-12-29,536.2999,49.10
2012-12-30,536.2999,49.10
2012-12-31,542.2495,49.64
2013-01-01,542.2495,49.64
2013-01-02,548.9058,50.25
2013-01-03,544.1576,49.81
2013-01-04,534.4128,48.92
2013-01-05,534.4128,48.92
2013-01-06,534.4128,48.92
2013-01-07,534.3754,48.91
2013-01-08,540.0172,49.43
2013-01-09,537.4502,49.19
2013-01-10,545.9267,49.97
2013-01-11,539.4009,49.37
2013-01-12,539.4009,49.37
2013-01-13,539.4009,49.36
2013-01-14,544.7153,49.85
2013-01-15,550.0998,50.34
2013-01-16,549.9849,50.33
2013-01-17,553.0286,50.61
2013-01-18,552.6536,50.57
2013-01-19,552.6536,50.57
2013-01-20,552.6536,50.57
2013-01-21,552.6536,50.57
2013-01-22,555.2544,50.81
2013-01-23,554.8458,50.77
2013-01-24,547.5659,50.10
2013-01-25,542.0405,49.59
2013-01-26,542.0405,49.59
2013-01-27,542.0405,49.59
2013-01-28,539.2013,49.33
2013-01-29,542.9294,49.67
2013-01-30,551.9241,50.49
2013-01-31,543.4834,49.72
2013-02-01,548.283,50.16
2013-02-02,548.283,50.15
2013-02-03,548.283,50.15
2013-02-04,548.6114,50.18
2013-02-05,548.6196,50.18
2013-02-06,549.9184,50.30
2013-02-07,545.9857,49.94
2013-02-08,545.0661,49.85
2013-02-09,545.0661,49.85
2013-02-10,545.0661,49.85
2013-02-11,538.3846,49.24
2013-02-12,538.9941,49.29
2013-02-13,537.2196,49.13
2013-02-14,532.5841,48.70
2013-02-15,524.0013,47.92
2013-02-16,524.0013,47.92
2013-02-17,524.0013,47.92
2013-02-18,524.0013,47.92
2013-02-19,520.8133,47.62
2013-02-20,510.8876,46.71
2013-02-21,511.368,46.76
2013-02-22,508.8872,46.53
2013-02-23,508.8872,46.53
2013-02-24,508.8872,46.53
2013-02-25,514.6152,47.05
2013-02-26,522.8377,47.80
2013-02-27,516.5215,47.22
2013-02-28,509.7876,46.60
2013-03-01,508.6438,46.50
2013-03-02,508.6438,46.50
2013-03-03,508.6438,46.50
2013-03-04,508.7244,46.50
2013-03-05,509.8386,46.60
2013-03-06,510.73,46.68
2013-03-07,510.8266,46.69
2013-03-08,511.8953,46.79
2013-03-09,511.8953,46.79
2013-03-10,511.8953,46.79
2013-03-11,511.7564,46.77
2013-03-12,516.4934,47.20
2013-03-13,514.7432,47.04
2013-03-14,514.5985,47.03
2013-03-15,515.2596,47.09
2013-03-16,515.2596,47.09
2013-03-17,515.2596,47.09
2013-03-18,518.2372,47.36
2013-03-19,519.7675,47.50
2013-03-20,518.7104,47.40
2013-03-21,522.0192,47.70
2013-03-22,517.8682,47.32
2013-03-23,517.8682,47.32
2013-03-24,517.8682,47.32
2013-03-25,518.0597,47.33
2013-03-26,515.2269,47.07
2013-03-27,517.3501,47.27
2013-03-28,513.2597,46.89
2013-03-29,513.2597,46.89
2013-03-30,513.2597,46.89
2013-03-31,513.2597,46.89
2013-04-01,512.8593,46.85
2013-04-02,503.6831,46.01
2013-04-03,496.2409,45.33
2013-04-04,495.8271,45.29
2013-04-05,503.5595,46.00
2013-04-06,503.5595,46.00
2013-04-07,503.5595,45.99
2013-04-08,502.3799,45.89
2013-04-09,509.1594,46.50
2013-04-10,501.3502,45.79
2013-04-11,503.0254,45.94
2013-04-12,481.4992,43.97
2013-04-13,481.4992,43.97
2013-04-14,481.4992,43.97
2013-04-15,433.989,39.63
2013-04-16,441.5779,40.32
2013-04-17,439.0716,40.09
2013-04-18,441.2616,40.29
2013-04-19,440.7955,40.25
2013-04-20,440.7955,40.25
2013-04-21,440.7955,40.25
2013-04-22,448.6544,40.97
2013-04-23,443.4156,40.49
2013-04-24,447.0685,40.82
2013-04-25,462.1672,42.20
2013-04-26,458.2587,41.84
2013-04-27,458.2587,41.84
2013-04-28,458.2587,41.84
2013-04-29,463.3059,42.30
2013-04-30,464.5024,42.40
2013-05-01,454.4872,41.49
2013-05-02,461.8556,42.16
2013-05-03,461.8085,42.16
2013-05-04,461.8085,42.15
2013-05-05,461.8085,42.15
2013-05-06,462.4889,42.21
2013-05-07,457.2108,41.73
2013-05-08,463.7482,42.33
2013-05-09,462.3946,42.20
2013-05-10,453.4923,41.39
2013-05-11,453.4923,41.39
2013-05-12,453.4923,41.39
2013-05-13,453.1086,41.35
2013-05-14,449.3259,41.01
2013-05-15,439.2729,40.09
2013-05-16,437.0319,39.88
2013-05-17,430.3019,39.27
2013-05-18,430.3019,39.27
2013-05-19,430.3019,39.26
2013-05-20,436.0192,39.79
2013-05-21,433.8544,39.59
2013-05-22,431.4049,39.36
2013-05-23,437.4697,39.92
2013-05-24,436.1389,39.79
2013-05-25,436.1389,39.79
2013-05-26,436.1389,39.79
2013-05-27,436.1389,39.79
2013-05-28,432.9039,39.49
2013-05-29,436.9824,39.87
2013-05-30,442.9278,40.41
2013-05-31,436.3416,39.80
2013-06-01,436.3416,39.80
2013-06-02,436.3416,39.80
2013-06-03,443.0435,40.41
2013-06-04,438.1105,39.96
2013-06-05,438.7187,40.02
2013-06-06,443.9535,40.49
2013-06-07,431.7323,39.38
2013-06-08,431.7323,39.38
2013-06-09,431.7323,39.38
2013-06-10,433.2723,39.52
2013-06-11,429.8477,39.20
2013-06-12,434.1445,39.59
2013-06-13,429.7544,39.19
2013-06-14,433.7667,39.56
2013-06-15,433.7667,39.56
2013-06-16,433.7667,39.56
2013-06-17,431.8057,39.38
2013-06-18,427.5297,38.98
2013-06-19,429.0091,39.12
2013-06-20,399.7441,36.45
2013-06-21,401.7455,36.63
2013-06-22,401.7455,36.63
2013-06-23,401.7455,36.63
2013-06-24,395.9923,36.10
2013-06-25,395.5703,36.06
2013-06-26,380.3992,34.68
2013-06-27,375.7381,34.25
2013-06-28,382.8285,34.90
2013-06-29,382.8285,34.90
2013-06-30,382.8285,34.90
2013-07-01,391.0712,35.65
2013-07-02,386.925,35.27
2013-07-03,390.7213,35.62
2013-07-04,390.7213,35.62
2013-07-05,376.9365,34.36
2013-07-06,376.9365,34.36
2013-07-07,376.9365,34.36
2013-07-08,383.642,34.97
2013-07-09,386.748,35.25
2013-07-10,387.2111,35.29
2013-07-11,398.5479,36.32
2013-07-12,397.2356,36.20
2013-07-13,397.2356,36.20
2013-07-14,397.2356,36.20
2013-07-15,398.8514,36.35
2013-07-16,400.8681,36.53
2013-07-17,395.3834,36.03
2013-07-18,396.8646,36.16
2013-07-19,399.2293,36.38
2013-07-20,399.2293,36.38
2013-07-21,399.2293,36.38
2013-07-22,414.3589,37.75
2013-07-23,412.7149,37.60
2013-07-24,408.0766,37.18
2013-07-25,410.8945,37.44
2013-07-26,407.3577,37.11
2013-07-27,407.3577,37.11
2013-07-28,407.3577,37.11
2013-07-29,409.6321,37.32
2013-07-30,407.6556,37.14
2013-07-31,404.5745,36.85
2013-08-01,404.1267,36.81
2013-08-02,405.2417,36.91
2013-08-03,405.2417,36.91
2013-08-04,405.2417,36.91
2013-08-05,402.4376,36.66
2013-08-06,396.7513,36.14
2013-08-07,397.3615,36.19
2013-08-08,406.3568,37.01
2013-08-09,407.8686,37.15
2013-08-10,407.8686,37.15
2013-08-11,407.8686,37.15
2013-08-12,417.3411,38.01
2013-08-13,414.0471,37.71
2013-08-14,419.1207,38.17
2013-08-15,430.8705,39.24
2013-08-16,435.0322,39.61
2013-08-17,435.0322,39.61
2013-08-18,435.0322,39.61
2013-08-19,433.0558,39.43
2013-08-20,434.2905,39.54
2013-08-21,433.2023,39.44
2013-08-22,433.6879,39.49
2013-08-23,442.8446,40.32
2013-08-24,442.8446,40.32
2013-08-25,442.8446,40.32
2013-08-26,443.4142,40.37
2013-08-27,452.8286,41.22
2013-08-28,451.3293,41.09
2013-08-29,448.5744,40.84
2013-08-30,441.7279,40.21
2013-08-31,441.7279,40.21
2013-09-01,441.7279,40.21
2013-09-02,441.7279,40.21
2013-09-03,449.646,40.93
2013-09-04,439.8212,40.03
2013-09-05,435.005,39.59
2013-09-06,441.0957,40.15
2013-09-07,441.0957,40.15
2013-09-08,441.0957,40.14
2013-09-09,440.3706,40.08
2013-09-10,431.7694,39.29
2013-09-11,432.417,39.35
2013-09-12,419.8534,38.21
2013-09-13,412.6356,37.55
2013-09-14,412.6356,37.55
2013-09-15,412.6356,37.55
2013-09-16,416.1413,37.87
2013-09-17,413.1139,37.59
2013-09-18,411.6976,37.46
2013-09-19,434.2838,39.51
2013-09-20,419.3309,38.15
2013-09-21,419.3309,38.15
2013-09-22,419.3309,38.15
2013-09-23,417.688,38.00
2013-09-24,413.901,37.66
2013-09-25,420.0428,38.21
2013-09-26,416.5842,37.90
2013-09-27,420.5188,38.26
2013-09-28,420.5188,38.25
2013-09-29,420.5188,38.25
2013-09-30,417.0276,37.94
2013-10-01,404.781,36.82
2013-10-02,416.3465,37.87
2013-10-03,415.1051,37.76
2013-10-04,413.0996,37.57
2013-10-05,413.0996,37.57
2013-10-06,413.0996,37.57
2013-10-07,419.5863,38.16
2013-10-08,419.7236,38.17
2013-10-09,413.0665,37.57
2013-10-10,410.6067,37.34
2013-10-11,400.8394,36.45
2013-10-12,400.8394,36.45
2013-10-13,400.8394,36.45
2013-10-14,403.2907,36.67
2013-10-15,401.7462,36.53
2013-10-16,404.7265,36.80
2013-10-17,417.1399,37.93
2013-10-18,414.9622,37.73
2013-10-19,414.9622,37.73
2013-10-20,414.9622,37.73
2013-10-21,416.8821,37.90
2013-10-22,425.6276,38.70
2013-10-23,422.7787,38.44
2013-10-24,427.6254,38.88
2013-10-25,427.3486,38.85
2013-10-26,427.3486,38.85
2013-10-27,427.3486,38.85
2013-10-28,426.8288,38.80
2013-10-29,425.0073,38.63
2013-10-30,428.1062,38.92
2013-10-31,416.9641,37.90
2013-11-01,414.2916,37.66
2013-11-02,414.2916,37.66
2013-11-03,414.2916,37.66
2013-11-04,414.0513,37.63
2013-11-05,412.1784,37.46
2013-11-06,415.1207,37.73
2013-11-07,412.3916,37.48
2013-11-08,405.1258,36.82
2013-11-09,405.1258,36.82
2013-11-10,405.1258,36.82
2013-11-11,404.1361,36.73
2013-11-12,399.5033,36.30
2013-11-13,397.3172,36.11
2013-11-14,402.8427,36.61
2013-11-15,403.0981,36.63
2013-11-16,403.0981,36.63
2013-11-17,403.0981,36.63
2013-11-18,397.7913,36.14
2013-11-19,397.9704,36.16
2013-11-20,393.0146,35.71
2013-11-21,388.9295,35.34
2013-11-22,388.6692,35.31
2013-11-23,388.6692,35.31
2013-11-24,388.6692,35.31
2013-11-25,388.0594,35.25
2013-11-26,387.8894,35.24
2013-11-27,386.0837,35.07
2013-11-28,386.0837,35.07
2013-11-29,390.661,35.49
2013-11-30,390.661,35.49
2013-12-01,390.661,35.49
2013-12-02,380.4814,34.56
2013-12-03,379.2209,34.44
2013-12-04,388.9908,35.33
2013-12-05,384.1453,34.89
2013-12-06,383.2377,34.81
2013-12-07,383.2377,34.81
2013-12-08,383.2377,34.81
2013-12-09,385.2863,34.99
2013-12-10,394.5014,35.83
2013-12-11,393.7631,35.76
2013-12-12,381.9777,34.69
2013-12-13,384.9876,34.96
2013-12-14,384.9876,34.96
2013-12-15,384.9876,34.96
2013-12-16,389.5835,35.38
2013-12-17,384.9718,34.96
2013-12-18,387.1072,35.15
2013-12-19,373.2392,33.89
2013-12-20,376.8379,34.21
2013-12-21,376.8379,34.21
2013-12-22,376.8379,34.21
2013-12-23,375.0395,34.05
2013-12-24,376.8811,34.22
2013-12-25,376.8811,34.21
2013-12-26,380.9877,34.59
2013-12-27,381.9657,34.67
2013-12-28,381.9657,34.67
2013-12-29,381.9657,34.67
2013-12-30,377.58,34.27
2013-12-31,376.1331,34.14
2014-01-01,376.1331,34.14
2014-01-02,384.9922,34.94
2014-01-03,388.6224,35.27
2014-01-04,388.6224,35.27
2014-01-05,388.6224,35.27
2014-01-06,387.979,35.21
2014-01-07,384.5267,34.90
2014-01-08,382.4397,34.71
2014-01-09,383.9964,34.85
2014-01-10,390.6928,35.46
2014-01-11,390.6928,35.45
2014-01-12,390.6928,35.45
2014-01-13,392.4828,35.62
2014-01-14,390.6264,35.45
2014-01-15,388.2187,35.23
2014-01-16,388.2339,35.23
2014-01-17,392.1993,35.59
2014-01-18,392.1993,35.59
2014-01-19,392.1993,35.58
2014-01-20,392.1993,35.58
2014-01-21,387.6542,35.17
2014-01-22,386.7375,35.09
2014-01-23,393.128,35.67
2014-01-24,392.3856,35.60
2014-01-25,392.3856,35.60
2014-01-26,392.3856,35.60
2014-01-27,392.2919,35.59
2014-01-28,387.8321,35.18
2014-01-29,390.801,35.45
2014-01-30,384.1087,34.84
2014-01-31,383.4455,34.78
2014-02-01,383.4455,34.78
2014-02-02,383.4455,34.78
2014-02-03,389.5574,35.33
2014-02-04,387.5896,35.15
2014-02-05,390.8131,35.44
2014-02-06,391.5002,35.51
2014-02-07,392.8734,35.63
2014-02-08,392.8734,35.63
2014-02-09,392.8734,35.63
2014-02-10,396.4989,35.96
2014-02-11,400.213,36.29
2014-02-12,402.2756,36.48
2014-02-13,403.7489,36.61
2014-02-14,413.1037,37.46
2014-02-15,413.1037,37.46
2014-02-16,413.1037,37.46
2014-02-17,413.1037,37.46
2014-02-18,416.7897,37.79
2014-02-19,415.5981,37.68
2014-02-20,413.9476,37.53
2014-02-21,415.9941,37.71
2014-02-22,415.9941,37.71
2014-02-23,415.9941,37.71
2014-02-24,420.6933,38.14
2014-02-25,421.3704,38.20
2014-02-26,414.4694,37.57
2014-02-27,415.6795,37.68
2014-02-28,412.7734,37.42
2014-03-01,412.7734,37.42
2014-03-02,412.7734,37.41
2014-03-03,420.6687,38.13
2014-03-04,416.493,37.75
2014-03-05,417.2984,37.82
2014-03-06,421.4624,38.20
2014-03-07,415.1139,37.62
2014-03-08,415.1139,37.62
2014-03-09,415.1139,37.62
2014-03-10,415.8055,37.68
2014-03-11,416.5494,37.75
2014-03-12,424.7586,38.49
2014-03-13,424.408,38.46
2014-03-14,427.0112,38.69
2014-03-15,427.0112,38.69
2014-03-16,427.0112,38.69
2014-03-17,424.9116,38.50
2014-03-18,419.6094,38.02
2014-03-19,415.3334,37.63
2014-03-20,410.8653,37.23
2014-03-21,411.5083,37.28
2014-03-22,411.5083,37.28
2014-03-23,411.5083,37.28
2014-03-24,404.5121,36.65
2014-03-25,404.1534,36.61
2014-03-26,401.3091,36.36
2014-03-27,398.9515,36.14
2014-03-28,399.245,36.17
2014-03-29,399.245,36.17
2014-03-30,399.245,36.16
2014-03-31,396.6187,35.93
2014-04-01,395.4185,35.82
2014-04-02,399.7201,36.21
2014-04-03,397.073,35.96
2014-04-04,402.1759,36.43
2014-04-05,402.1759,36.43
2014-04-06,402.1759,36.42
2014-04-07,400.7739,36.30
2014-04-08,404.0049,36.59
2014-04-09,401.8387,36.39
2014-04-10,406.8282,36.84
2014-04-11,405.7584,36.74
2014-04-12,405.7584,36.74
2014-04-13,405.7584,36.74
2014-04-14,408.0545,36.95
2014-04-15,399.1393,36.14
2014-04-16,400.6008,36.27
2014-04-17,398.1883,36.05
2014-04-18,398.1883,36.05
2014-04-19,398.1883,36.05
2014-04-20,398.1883,36.05
2014-04-21,395.7078,35.83
2014-04-22,394.0198,35.67
2014-04-23,395.2252,35.78
2014-04-24,397.8423,36.02
2014-04-25,400.2372,36.23
2014-04-26,400.2372,36.23
2014-04-27,400.2372,36.23
2014-04-28,399.3302,36.15
2014-04-29,398.3018,36.05
2014-04-30,396.4112,35.88
2014-05-01,392.8541,35.56
2014-05-02,399.8785,36.19
2014-05-03,399.8785,36.19
2014-05-04,399.8785,36.19
2014-05-05,401.4927,36.34
2014-05-06,401.6955,36.36
2014-05-07,395.6127,35.80
2014-05-08,394.3262,35.69
2014-05-09,394.2099,35.68
2014-05-10,394.2099,35.67
2014-05-11,394.2099,35.67
2014-05-12,398.1895,36.03
2014-05-13,397.9954,36.01
2014-05-14,401.7054,36.35
2014-05-15,397.4056,35.96
2014-05-16,396.5707,35.88
2014-05-17,396.5707,35.88
2014-05-18,396.5707,35.88
2014-05-19,396.7831,35.90
2014-05-20,397.1967,35.94
2014-05-21,395.3827,35.77
2014-05-22,397.8879,36.00
2014-05-23,396.6163,35.88
2014-05-24,396.6163,35.88
2014-05-25,396.6163,35.88
2014-05-26,396.6163,35.88
2014-05-27,388.7853,35.17
2014-05-28,387.3494,35.04
2014-05-29,386.5223,34.96
2014-05-30,382.2994,34.58
2014-05-31,382.2994,34.58
2014-06-01,382.2994,34.58
2014-06-02,382.1162,34.56
2014-06-03,382.3515,34.58
2014-06-04,382.4485,34.59
2014-06-05,385.9809,34.91
2014-06-06,385.3408,34.85
2014-06-07,385.3408,34.85
2014-06-08,385.3408,34.85
2014-06-09,386.0401,34.91
2014-06-10,387.987,35.09
2014-06-11,388.2601,35.11
2014-06-12,393.0168,35.54
2014-06-13,393.6623,35.60
2014-06-14,393.6623,35.60
2014-06-15,393.6623,35.60
2014-06-16,394.2388,35.65
2014-06-17,393.5553,35.58
2014-06-18,393.9406,35.62
2014-06-19,407.8721,36.88
2014-06-20,409.9446,37.06
2014-06-21,409.9446,37.06
2014-06-22,409.9446,37.06
2014-06-23,410.2165,37.09
2014-06-24,411.5479,37.20
2014-06-25,412.2159,37.26
2014-06-26,410.8688,37.14
2014-06-27,411.4289,37.19
2014-06-28,411.4289,37.19
2014-06-29,411.4289,37.19
2014-06-30,411.5101,37.20
2014-07-01,412.8819,37.32
2014-07-02,414.7959,37.49
2014-07-03,411.5855,37.20
2014-07-04,411.5855,37.20
2014-07-05,411.5855,37.20
2014-07-06,411.5855,37.20
2014-07-07,410.1427,37.07
2014-07-08,410.0218,37.05
2014-07-09,412.1221,37.24
2014-07-10,417.7498,37.75
2014-07-11,417.1136,37.69
2014-07-12,417.1136,37.69
2014-07-13,417.1136,37.69
2014-07-14,407.2595,36.80
2014-07-15,404.9046,36.59
2014-07-16,404.9937,36.59
2014-07-17,410.7633,37.11
2014-07-18,407.7969,36.84
2014-07-19,407.7969,36.84
2014-07-20,407.7969,36.84
2014-07-21,409.4653,36.99
2014-07-22,407.7022,36.83
2014-07-23,407.2896,36.79
2014-07-24,401.2212,36.25
2014-07-25,405.2408,36.61
2014-07-26,405.2408,36.61
2014-07-27,405.2408,36.61
2014-07-28,405.0176,36.59
2014-07-29,403.8646,36.48
2014-07-30,403.097,36.41
2014-07-31,398.9068,36.03
2014-08-01,401.4949,36.26
2014-08-02,401.4949,36.26
2014-08-03,401.4949,36.26
2014-08-04,399.4436,36.08
2014-08-05,396.6343,35.82
2014-08-06,402.9006,36.39
2014-08-07,403.7329,36.46
2014-08-08,403.1399,36.41
2014-08-09,403.1399,36.41
2014-08-10,403.1399,36.40
2014-08-11,403.7837,36.46
2014-08-12,402.8678,36.38
2014-08-13,402.8678,36.38
2014-08-14,404.0592,36.48
2014-08-15,399.9752,36.11
2014-08-16,399.9752,36.11
2014-08-17,399.9752,36.11
2014-08-18,398.9153,36.02
2014-08-19,397.2078,35.86
2014-08-20,397.3081,35.87
2014-08-21,392.3145,35.42
2014-08-22,393.2919,35.51
2014-08-23,393.2919,35.50
2014-08-24,393.2919,35.50
2014-08-25,392.8529,35.46
2014-08-26,394.4548,35.61
2014-08-27,394.1158,35.58
2014-08-28,396.4026,35.78
2014-08-29,395.1295,35.67
2014-08-30,395.1295,35.66
2014-08-31,395.1295,35.66
2014-09-01,395.1295,35.66
2014-09-02,388.2516,35.04
2014-09-03,389.6655,35.17
2014-09-04,388.5317,35.06
2014-09-05,388.8065,35.09
2014-09-06,388.8065,35.09
2014-09-07,388.8065,35.09
2014-09-08,384.8263,34.73
2014-09-09,383.2771,34.59
2014-09-10,382.5635,34.52
2014-09-11,379.4888,34.24
2014-09-12,377.7811,34.09
2014-09-13,377.7811,34.09
2014-09-14,377.7811,34.09
2014-09-15,378.6871,34.17
2014-09-16,379.5567,34.25
2014-09-17,379.4351,34.23
2014-09-18,376.2751,33.95
2014-09-19,370.566,33.43
2014-09-20,370.566,33.43
2014-09-21,370.566,33.43
2014-09-22,370.5235,33.43
2014-09-23,371.5007,33.51
2014-09-24,370.5406,33.43
2014-09-25,369.7973,33.36
2014-09-26,368.7752,33.26
2014-09-27,368.7752,33.26
2014-09-28,368.7752,33.26
2014-09-29,369.7132,33.35
2014-09-30,365.5275,32.97
2014-10-01,367.4291,33.14
2014-10-02,366.2916,33.04
2014-10-03,360.0453,32.47
2014-10-04,360.0453,32.47
2014-10-05,360.0453,32.47
2014-10-06,365.3573,32.95
2014-10-07,366.6162,33.06
2014-10-08,364.2624,32.85
2014-10-09,370.4898,33.41
2014-10-10,369.0872,33.28
2014-10-11,369.0872,33.28
2014-10-12,369.0872,33.28
2014-10-13,371.2221,33.47
2014-10-14,372.5065,33.59
2014-10-15,375.2686,33.84
2014-10-16,374.2997,33.75
2014-10-17,373.2898,33.66
2014-10-18,373.2898,33.65
2014-10-19,373.2898,33.65
2014-10-20,374.727,33.78
2014-10-21,377.36,34.02
2014-10-22,374.3767,33.75
2014-10-23,370.1858,33.37
2014-10-24,370.9312,33.44
2014-10-25,370.9312,33.44
2014-10-26,370.9312,33.44
2014-10-27,370.2246,33.37
2014-10-28,370.5683,33.40
2014-10-29,369.7341,33.33
2014-10-30,359.445,32.40
2014-10-31,351.6051,31.69
2014-11-01,351.6051,31.69
2014-11-02,351.6051,31.69
2014-11-03,351.6559,31.69
2014-11-04,349.9463,31.54
2014-11-05,342.305,30.85
2014-11-06,341.434,30.77
2014-11-07,349.2567,31.47
2014-11-08,349.2567,31.47
2014-11-09,349.2567,31.47
2014-11-10,346.7479,31.25
2014-11-11,347.5487,31.32
2014-11-12,346.3116,31.20
2014-11-13,346.8669,31.25
2014-11-14,355.8479,32.06
2014-11-17,354.1244,31.90
2014-11-18,357.8334,32.24
2014-11-19,357.7064,32.23
2014-11-20,356.2144,32.09
2014-11-21,359.1253,32.35
2014-11-24,358.5902,32.30
2014-11-25,359.7352,32.40
2014-11-26,359.6412,32.40
2014-11-27,359.6412,32.39
2014-11-28,349.3675,31.47
2014-12-01,364.8461,32.86
2014-12-02,359.345,32.36
2014-12-03,361.2869,32.54
2014-12-04,361.8575,32.59
2014-12-05,356.2826,32.09
2014-12-08,357.4162,32.19
2014-12-09,370.2497,33.34
2014-12-10,369.9075,33.31
2014-12-11,368.6567,33.20
2014-12-12,367.6668,33.11
2014-12-15,361.8012,32.58
2014-12-16,354.6996,31.94
2014-12-17,355.6127,32.02
2014-12-18,355.7122,32.02
2014-12-19,356.4636,32.09
2014-12-22,351.0216,31.60
2014-12-23,350.9933,31.60
2014-12-24,349.6689,31.48
2014-12-25,349.6689,31.48
2014-12-26,356.8803,32.12
2014-12-29,351.9606,31.68
2014-12-30,358.7009,32.28
2014-12-31,351.5859,31.64
2015-01-01,351.5859,31.64
2015-01-02,352.906,31.76
2015-01-05,359.2287,32.33
2015-01-06,364.8902,32.84
2015-01-07,362.4136,32.61
2015-01-08,361.1206,32.50
2015-01-09,363.0608,32.67
2015-01-12,367.6601,33.08
2015-01-13,370.8391,33.37
2015-01-14,370.0777,33.30
2015-01-15,377.7589,33.99
2015-01-16,383.6285,34.51
2015-01-20,388.6649,34.96
2015-01-21,389.64,35.05
2015-01-22,392.0634,35.27
2015-01-23,389.8742,35.07
2015-01-26,385.296,34.66
2015-01-27,388.7139,34.96
2015-01-28,387.3865,34.84
2015-01-29,373.931,33.63
2015-01-30,381.4395,34.31
2015-02-02,381.0953,34.27
2015-02-03,377.4982,33.95
2015-02-04,378.8314,34.07
2015-02-05,377.4888,33.95
2015-02-09,371.9016,33.44
2015-02-10,368.7991,33.16
2015-02-11,365.3048,32.85
2015-02-12,365.6938,32.88
2015-02-13,369.5409,33.23
2015-02-16,369.5409,33.22
2015-02-17,360.9646,32.45
2015-02-18,358.4729,32.23
2015-02-19,360.7613,32.43
2015-02-20,359.6278,32.33
2015-02-23,358.5646,32.23
2015-02-24,357.4311,32.13
2015-02-25,359.5351,32.32
2015-02-26,362.2774,32.56
2015-02-27,362.6862,32.60
2015-03-02,361.067,32.45
2015-03-03,359.4578,32.31
2015-03-04,357.993,32.17
2015-03-05,356.8846,32.07
2015-03-06,347.7695,31.25
2015-03-09,348.1509,31.28
2015-03-10,345.9556,31.09
2015-03-11,342.4779,30.77
2015-03-12,343.4743,30.86
2015-03-13,343.4631,30.86
2015-03-16,344.1986,30.92
2015-03-17,342.8355,30.80
2015-03-18,343.3782,30.85
2015-03-19,350.2209,31.46
2015-03-20,357.4455,32.11
2015-03-23,358.1912,32.18
2015-03-24,359.4826,32.29
2015-03-25,360.9575,32.42
2015-03-26,363.4178,32.64
2015-03-27,361.9212,32.51
2015-03-30,356.473,32.02
2015-03-31,355.6286,31.94
2015-04-01,363.6506,32.66
2015-04-02,360.2832,32.36
2015-04-06,366.345,32.90
2015-04-07,363.2122,32.62
2015-04-08,359.6687,32.30
2015-04-09,356.155,31.98
2015-04-10,359.709,32.30
2015-04-13,358.0419,32.15
2015-04-14,355.861,31.95
2015-04-15,358.4673,32.18
2015-04-16,357.7129,32.12
2015-04-17,358.6857,32.20
2015-04-20,354.8908,31.86
2015-04-21,357.6528,32.11
2015-04-22,352.8616,31.68
2015-04-23,354.7618,31.85
2015-04-24,349.3412,31.36
2015-04-27,359.4837,32.27
2015-04-28,362.8783,32.57
2015-04-29,362.2858,32.52
2015-04-30,353.2551,31.71
2015-05-01,351.3111,31.53
2015-05-04,355.6397,31.92
2015-05-05,357.7866,32.11
2015-05-06,356.7634,32.02
2015-05-07,353.8945,31.76
2015-05-08,356.2403,31.97
2015-05-11,354.1321,31.78
2015-05-12,357.3214,32.06
2015-05-13,366.5862,32.89
2015-05-14,369.3533,33.14
2015-05-15,369.8257,33.18
2015-05-18,371.1375,33.30
2015-05-19,363.1765,32.58
2015-05-20,363.8639,32.64
2015-05-21,362.8433,32.55
2015-05-22,362.4301,32.51
2015-05-26,357.0041,32.02
2015-05-27,356.2446,31.95
2015-05-28,356.883,32.01
2015-05-29,357.2745,32.04
2015-06-01,356.9287,32.01
2015-06-02,358.8262,32.18
2015-06-03,355.136,31.85
2015-06-04,351.124,31.49
2015-06-05,348.9242,31.29
2015-06-08,350.1062,31.39
2015-06-09,351.0444,31.48
2015-06-10,353.1835,31.67
2015-06-11,351.7229,31.54
2015-06-12,350.8349,31.46
2015-06-15,353.5643,31.70
2015-06-16,351.8505,31.54
2015-06-17,350.7976,31.45
2015-06-18,357.6791,32.07
2015-06-19,357.4447,32.04
2015-06-22,353.3893,31.68
2015-06-23,349.7604,31.35
2015-06-24,349.4392,31.32
2015-06-25,348.9462,31.28
2015-06-26,348.9459,31.28
2015-06-29,349.9823,31.37
2015-06-30,347.768,31.17
2015-07-01,347.1654,31.11
2015-07-02,345.7304,30.98
2015-07-06,348.8921,31.26
2015-07-07,340.4296,30.51
2015-07-08,343.8782,30.81
2015-07-09,343.7826,30.80
2015-07-10,344.0312,30.83
2015-07-13,343.3378,30.76
2015-07-14,342.2218,30.66
2015-07-15,339.5602,30.42
2015-07-16,338.4297,30.32
2015-07-17,334.7982,29.99
2015-07-20,328.4992,29.43
2015-07-21,327.7762,29.36
2015-07-22,324.6927,29.09
2015-07-23,325.1483,29.13
2015-07-24,322.0237,28.84
2015-07-27,325.1196,29.12
2015-07-28,325.2378,29.13
2015-07-29,324.8962,29.10
2015-07-30,323.5994,28.98
2015-07-31,323.5994,28.98
2015-08-03,322.9327,28.92
2015-08-04,323.4315,28.96
2015-08-05,322.2187,28.85
2015-08-06,323.8502,29.00
2015-08-07,325.4602,29.14
2015-08-10,329.9717,29.55
2015-08-11,330.7828,29.62
2015-08-12,335.4077,30.03
2015-08-13,333.1656,29.83
2015-08-14,331.6312,29.69
2015-08-17,333.3648,29.84
2015-08-18,330.6536,29.60
2015-08-19,335.0216,29.99
2015-08-20,342.5308,30.66
2015-08-21,343.0539,30.71
2015-08-24,339.1215,30.35
2015-08-25,334.8504,29.97
2015-08-26,328.9998,29.45
2015-08-27,330.1782,29.55
2015-08-28,333.3727,29.84
2015-08-31,333.1913,29.82
2015-09-01,333.1913,29.82
2015-09-02,333.8235,29.87
2015-09-03,331.8688,29.70
2015-09-04,330.4156,29.57
2015-09-08,331.2708,29.64
2015-09-09,325.9827,29.17
2015-09-10,328.0159,29.35
2015-09-11,325.9618,29.16
2015-09-14,326.3517,29.20
2015-09-15,324.9839,29.07
2015-09-16,331.3979,29.65
2015-09-17,331.3812,29.65
2015-09-18,337.0908,30.16
2015-09-21,336.1823,30.07
2015-09-22,332.1738,29.71
2015-09-23,333.9046,29.87
2015-09-24,340.7123,30.47
2015-09-25,338.6976,30.29
2015-09-28,332.8033,29.76
2015-09-29,331.8116,29.68
2015-09-30,328.8329,29.41
2015-10-01,328.4438,29.37
2015-10-02,337.2688,30.16
2015-10-05,339.5452,30.36
2015-10-06,342.8724,30.66
2015-10-07,343.9211,30.75
2015-10-08,341.3811,30.52
2015-10-09,344.3507,30.79
2015-10-12,346.5875,30.99
2015-10-13,346.9959,31.02
2015-10-14,351.3423,31.41
2015-10-15,353.3675,31.59
2015-10-16,352.1043,31.48
2015-10-19,348.4334,31.15
2015-10-20,349.8817,31.28
2015-10-21,346.485,30.97
2015-10-22,346.8314,31.00
2015-10-23,346.01,30.93
2015-10-26,347.1713,31.03
2015-10-27,346.8852,31.00
2015-10-28,351.2749,31.39
2015-10-29,341.1039,30.48
2015-10-30,339.7949,30.37
2015-11-02,337.7747,30.18
2015-11-03,331.8774,29.66
2015-11-04,329.1928,29.42
2015-11-05,328.3849,29.34
2015-11-06,323.1705,28.88
2015-11-09,321.9946,28.77
2015-11-10,321.8056,28.75
2015-11-11,320.4653,28.63
2015-11-12,319.3347,28.53
2015-11-13,319.1983,28.52
2015-11-16,319.9133,28.58
2015-11-17,316.1351,28.24
2015-11-18,315.7185,28.20
2015-11-19,318.5129,28.45
2015-11-20,317.5091,28.36
2015-11-23,314.9371,28.13
2015-11-24,317.094,28.32
2015-11-25,316.1903,28.24
2015-11-27,312.4403,27.90
2015-11-30,314.7551,28.11
2015-12-01,314.3205,28.07
2015-12-02,311.7052,27.84
2015-12-03,313.7566,28.02
2015-12-04,321.2043,28.68
2015-12-07,318.2212,28.41
2015-12-08,317.2566,28.33
2015-12-09,317.8757,28.38
2015-12-10,316.4591,28.25
2015-12-11,316.294,28.24
2015-12-14,312.546,27.90
2015-12-15,312.4697,27.90
2015-12-16,318.2341,28.41
2015-12-17,309.3491,27.62
2015-12-18,314.7707,28.10
2015-12-21,319.4463,28.51
2015-12-22,317.9173,28.38
2015-12-23,316.4335,28.24
2015-12-24,318.6426,28.44
2015-12-28,314.596,28.08
2015-12-29,314.7296,28.09
2015-12-30,312.4114,27.88
2015-12-31,312.3287,27.87
2016-01-04,316.0353,28.20
2016-01-05,317.3851,28.32
2016-01-06,320.5809,28.60
2016-01-07,326.0055,29.09
2016-01-08,321.728,28.71
2016-01-11,321.0824,28.65
2016-01-12,317.9536,28.37
2016-01-13,320.2509,28.57
2016-01-14,315.192,28.12
2016-01-15,319.8952,28.54
2016-01-19,320.5114,28.59
2016-01-20,324.7023,28.96
2016-01-21,322.4724,28.76
2016-01-22,321.9309,28.71
2016-01-25,325.0177,28.99
2016-01-26,329.9535,29.43
2016-01-27,328.4697,29.29
2016-01-28,327.4064,29.20
2016-01-29,327.5294,29.21
2016-02-01,330.7256,29.49
2016-02-02,330.2975,29.45
2016-02-03,335.6276,29.93
2016-02-04,339.9768,30.32
2016-02-05,339.7041,30.29
2016-02-08,352.1137,31.39
2016-02-09,352.3835,31.42
2016-02-10,350.6819,31.27
2016-02-11,365.5388,32.59
2016-02-12,363.5545,32.41
2016-02-16,354.1639,31.57
2016-02-17,355.1198,31.66
2016-02-18,358.9052,31.99
2016-02-19,359.7148,32.06
2016-02-22,354.0153,31.55
2016-02-23,357.2344,31.84
2016-02-24,361.3666,32.21
2016-02-25,360.702,32.15
2016-02-26,354.1841,31.57
2016-02-29,358.4147,31.94
2016-03-01,356.8408,31.80
2016-03-02,360.6352,32.14
2016-03-03,365.0673,32.53
2016-03-04,370.4819,33.01
2016-03-07,368.6361,32.85
2016-03-08,367.2937,32.73
2016-03-09,365.8815,32.60
2016-03-10,370.3548,33.00
2016-03-11,367.4659,32.74
2016-03-14,363.7245,32.40
2016-03-15,359.211,32.00
2016-03-16,358.7428,31.96
2016-03-17,370.7272,33.02
2016-03-18,367.1863,32.71
2016-03-21,365.0455,32.52
2016-03-22,366.3045,32.63
2016-03-23,357.7289,31.86
2016-03-24,356.9088,31.79
2016-03-28,356.5263,31.75
2016-03-29,360.38,32.09
2016-03-30,358.184,31.90
2016-03-31,360.974,32.15
2016-04-01,356.2461,31.72
2016-04-04,354.8062,31.59
2016-04-05,358.011,31.88
2016-04-06,356.3663,31.73
2016-04-07,360.0685,32.06
2016-04-08,362.5758,32.28
2016-04-11,368.5971,32.82
2016-04-12,370.4008,32.98
2016-04-13,367.8989,32.75
2016-04-14,362.0552,32.23
2016-04-15,364.5983,32.46
2016-04-18,364.435,32.44
2016-04-19,372.2416,33.13
2016-04-20,373.0489,33.21
2016-04-21,371.8968,33.10
2016-04-22,366.2358,32.60
2016-04-25,369.1348,32.85
2016-04-26,370.3634,32.96
2016-04-27,372.8283,33.18
2016-04-28,377.7357,33.62
2016-04-29,384.5003,34.22
2016-05-02,385.1899,34.28
2016-05-03,383.429,34.12
2016-05-04,378.4431,33.67
2016-05-05,378.0672,33.64
2016-05-06,384.1036,34.18
2016-05-09,375.713,33.43
2016-05-10,375.3047,33.39
2016-05-11,378.8702,33.71
2016-05-12,376.8204,33.52
2016-05-13,377.3064,33.57
2016-05-16,377.7897,33.61
2016-05-17,378.9064,33.71
2016-05-18,377.8148,33.61
2016-05-19,370.3576,32.94
2016-05-20,370.158,32.92
2016-05-23,369.4187,32.86
2016-05-24,363.3138,32.31
2016-05-25,362.0286,32.20
2016-05-26,361.4802,32.15
2016-05-27,359.7376,31.99
2016-05-31,358.7077,31.90
2016-06-01,357.7507,31.81
2016-06-02,357.6982,31.81
2016-06-03,366.3688,32.58
2016-06-06,367.8076,32.70
2016-06-07,367.4787,32.67
2016-06-08,373.7346,33.23
2016-06-09,377.4638,33.56
2016-06-10,378.5249,33.65
2016-06-13,381.6229,33.93
2016-06-14,381.8176,33.94
2016-06-15,382.2402,33.98
2016-06-16,385.1059,34.23
2016-06-17,383.4054,34.08
2016-06-20,383.2555,34.07
2016-06-21,377.7963,33.58
2016-06-22,377.1814,33.52
2016-06-23,375.7349,33.39
2016-06-24,391.6166,34.81
2016-06-27,391.951,34.83
2016-06-28,390.914,34.74
2016-06-29,395.3486,35.13
2016-06-30,394.8178,35.08
2016-07-01,403.5071,35.86
2016-07-05,409.5928,36.39
2016-07-06,412.916,36.69
2016-07-07,410.1343,36.44
2016-07-08,410.4387,36.47
2016-07-11,410.9668,36.51
2016-07-12,405.3997,36.02
2016-07-13,408.457,36.29
2016-07-14,405.3538,36.01
2016-07-15,403.5291,35.85
2016-07-18,403.5839,35.85
2016-07-19,404.0119,35.89
2016-07-20,399.2032,35.46
2016-07-21,402.927,35.79
2016-07-22,400.63,35.58
2016-07-25,399.4432,35.48
2016-07-26,399.8658,35.51
2016-07-27,402.7187,35.76
2016-07-28,405.1756,35.98
2016-07-29,409.6998,36.38
2016-08-01,410.8872,36.49
2016-08-02,414.8415,36.84
2016-08-03,411.9622,36.58
2016-08-04,412.4746,36.62
2016-08-05,404.2801,35.90
2016-08-08,403.5108,35.82
2016-08-09,404.9882,35.96
2016-08-10,407.6454,36.19
2016-08-11,406.5374,36.09
2016-08-12,403.5273,35.82
2016-08-15,405.1752,35.97
2016-08-16,407.5043,36.17
2016-08-17,404.5994,35.91
2016-08-18,407.0284,36.13
