Date,Index_Level,iPath_Pure_Beta_Coffee_ETN
2011-04-20,60.078,50.00
2011-04-21,59.1234,49.20
2011-04-22,59.1234,49.20
2011-04-23,59.1234,49.20
2011-04-24,59.1234,49.20
2011-04-25,58.4077,48.60
2011-04-26,59.5018,49.51
2011-04-27,59.5019,49.51
2011-04-28,60.0391,49.96
2011-04-29,60.1685,50.06
2011-04-30,60.1685,50.06
2011-05-01,60.1685,50.06
2011-05-02,61.223,50.94
2011-05-03,61.4419,51.12
2011-05-04,59.1346,49.20
2011-05-05,57.8916,48.16
2011-05-06,57.7623,48.05
2011-05-07,57.7623,48.05
2011-05-08,57.7623,48.05
2011-05-09,57.7507,48.04
2011-05-10,56.8177,47.26
2011-05-11,54.9464,45.71
2011-05-12,55.2697,45.97
2011-05-13,54.1783,45.07
2011-05-14,54.1783,45.06
2011-05-15,54.1783,45.06
2011-05-16,53.1361,44.20
2011-05-17,53.5688,44.55
2011-05-18,54.3456,45.20
2011-05-19,53.1166,44.18
2011-05-20,52.212,43.42
2011-05-21,52.212,43.42
2011-05-22,52.212,43.42
2011-05-23,52.8906,43.98
2011-05-24,52.6449,43.78
2011-05-25,53.4119,44.42
2011-05-26,53.5988,44.57
2011-05-27,53.2449,44.27
2011-05-28,53.2449,44.27
2011-05-29,53.2449,44.27
2011-05-30,53.2449,44.27
2011-05-31,53.4812,44.47
2011-06-01,51.8294,43.09
2011-06-02,52.9209,44.00
2011-06-03,54.7008,45.48
2011-06-04,54.7008,45.48
2011-06-05,54.7008,45.48
2011-06-06,52.7541,43.86
2011-06-07,53.2753,44.29
2011-06-08,53.2714,44.28
2011-06-09,53.9287,44.83
2011-06-10,53.619,44.57
2011-06-11,53.619,44.57
2011-06-12,53.619,44.57
2011-06-13,54.0415,44.92
2011-06-14,54.4012,45.22
2011-06-15,53.1126,44.15
2011-06-16,52.1737,43.36
2011-06-17,50.4457,41.93
2011-06-18,50.4457,41.93
2011-06-19,50.4457,41.92
2011-06-20,49.2072,40.89
2011-06-21,49.3371,41.00
2011-06-22,49.1873,40.88
2011-06-23,49.6868,41.29
2011-06-24,50.0465,41.59
2011-06-25,50.0465,41.59
2011-06-26,50.0465,41.59
2011-06-27,50.1565,41.68
2011-06-28,51.7249,42.98
2011-06-29,52.0845,43.28
2011-06-30,53.0635,44.09
2011-07-01,52.674,43.76
2011-07-02,52.674,43.76
2011-07-03,52.674,43.76
2011-07-04,52.674,43.76
2011-07-05,53.8629,44.75
2011-07-06,53.4433,44.40
2011-07-07,53.6631,44.58
2011-07-08,52.6043,43.70
2011-07-09,52.6043,43.70
2011-07-10,52.6043,43.70
2011-07-11,51.7636,43.00
2011-07-12,51.5372,42.81
2011-07-13,52.7097,43.78
2011-07-14,51.6195,42.88
2011-07-15,50.6742,42.09
2011-07-16,50.6742,42.09
2011-07-17,50.6742,42.09
2011-07-18,49.6502,41.24
2011-07-19,48.7837,40.52
2011-07-20,48.7246,40.47
2011-07-21,48.2323,40.06
2011-07-22,48.3997,40.19
2011-07-23,48.3997,40.19
2011-07-24,48.3997,40.19
2011-07-25,48.6755,40.42
2011-07-26,49.0892,40.76
2011-07-27,48.3606,40.16
2011-07-28,47.8584,39.74
2011-07-29,47.9767,39.84
2011-07-30,47.9767,39.83
2011-07-31,47.9767,39.83
2011-08-01,48.3117,40.11
2011-08-02,48.6664,40.40
2011-08-03,48.3514,40.14
2011-08-04,47.2191,39.20
2011-08-05,47.6427,39.55
2011-08-06,47.6427,39.55
2011-08-07,47.6427,39.55
2011-08-08,46.8652,38.90
2011-08-09,46.9736,38.99
2011-08-10,46.9441,38.97
2011-08-11,48.0668,39.90
2011-08-12,48.0275,39.86
2011-08-13,48.0275,39.86
2011-08-14,48.0275,39.86
2011-08-15,49.1207,40.77
2011-08-16,50.2237,41.68
2011-08-17,52.5479,43.61
2011-08-18,52.8631,43.87
2011-08-19,53.1487,44.11
2011-08-20,53.1487,44.11
2011-08-21,53.1487,44.11
2011-08-22,52.8534,43.86
2011-08-23,53.4935,44.39
2011-08-24,53.917,44.74
2011-08-25,54.2617,45.03
2011-08-26,54.9905,45.63
2011-08-27,54.9905,45.63
2011-08-28,54.9905,45.63
2011-08-29,56.0246,46.48
2011-08-30,56.4678,46.85
2011-08-31,56.7731,47.10
2011-09-01,57.0685,47.35
2011-09-02,56.7337,47.07
2011-09-03,56.7337,47.07
2011-09-04,56.7337,47.07
2011-09-05,56.7337,47.07
2011-09-06,55.3354,45.90
2011-09-07,56.0347,46.48
2011-09-08,55.9559,46.42
2011-09-09,53.1789,44.11
2011-09-10,53.1789,44.11
2011-09-11,53.1789,44.11
2011-09-12,53.3661,44.26
2011-09-13,53.2381,44.16
2011-09-14,52.3321,43.40
2011-09-15,51.3178,42.56
2011-09-16,51.2882,42.54
2011-09-17,51.2882,42.54
2011-09-18,51.2882,42.53
2011-09-19,51.6133,42.80
2011-09-20,51.2489,42.50
2011-09-21,49.624,41.15
2011-09-22,47.1226,39.08
2011-09-23,45.5864,37.80
2011-09-24,45.5864,37.80
2011-09-25,45.5864,37.80
2011-09-26,46.4727,38.53
2011-09-27,47.4379,39.33
2011-09-28,45.9902,38.13
2011-09-29,45.5274,37.75
2011-09-30,45.0843,37.38
2011-10-01,45.0843,37.38
2011-10-02,45.0843,37.38
2011-10-03,44.0109,36.49
2011-10-04,44.6215,36.99
2011-10-05,44.848,37.18
2011-10-06,46.1677,38.27
2011-10-07,44.1883,36.63
2011-10-08,44.1883,36.63
2011-10-09,44.1883,36.63
2011-10-10,44.5693,36.94
2011-10-11,44.0054,36.48
2011-10-12,45.1807,37.45
2011-10-13,46.7614,38.76
2011-10-14,47.1303,39.06
2011-10-15,47.1303,39.06
2011-10-16,47.1303,39.06
2011-10-17,46.0528,38.17
2011-10-18,45.5578,37.76
2011-10-19,46.4218,38.47
2011-10-20,45.5578,37.75
2011-10-21,48.0624,39.83
2011-10-22,48.0624,39.83
2011-10-23,48.0624,39.83
2011-10-24,49.2372,40.80
2011-10-25,46.5773,38.59
2011-10-26,45.9949,38.11
2011-10-27,46.1599,38.25
2011-10-28,46.3153,38.37
2011-10-29,46.3153,38.37
2011-10-30,46.3153,38.37
2011-10-31,44.733,37.06
2011-11-01,44.1312,36.56
2011-11-02,44.2185,36.63
2011-11-03,44.7719,37.09
2011-11-04,45.3932,37.60
2011-11-05,45.3932,37.60
2011-11-06,45.3932,37.60
2011-11-07,45.898,38.02
2011-11-08,45.2088,37.45
2011-11-09,45.3253,37.54
2011-11-10,45.3156,37.54
2011-11-11,46.0728,38.16
2011-11-12,46.0728,38.16
2011-11-13,46.0728,38.16
2011-11-14,45.4612,37.65
2011-11-15,47.1213,39.03
2011-11-16,46.4126,38.44
2011-11-17,45.8399,37.96
2011-11-18,46.3738,38.40
2011-11-19,46.3738,38.40
2011-11-20,46.3738,38.40
2011-11-21,46.0147,38.10
2011-11-22,45.9953,38.09
2011-11-23,45.7041,37.85
2011-11-24,45.7041,37.84
2011-11-25,45.1508,37.39
2011-11-26,45.1508,37.38
2011-11-27,45.1508,37.38
2011-11-28,44.2286,36.62
2011-11-29,44.1801,36.58
2011-11-30,45.9955,38.08
2011-12-01,45.7625,37.89
2011-12-02,44.5685,36.90
2011-12-03,44.5685,36.90
2011-12-04,44.5685,36.90
2011-12-05,45.8986,38.00
2011-12-06,45.7724,37.89
2011-12-07,44.6269,36.94
2011-12-08,44.3944,36.75
2011-12-09,44.2205,36.60
2011-12-10,44.2205,36.60
2011-12-11,44.2205,36.60
2011-12-12,42.9348,35.54
2011-12-13,43.2925,35.83
2011-12-14,42.3526,35.05
2011-12-15,42.3046,35.01
2011-12-16,41.7867,34.58
2011-12-17,41.7867,34.58
2011-12-18,41.7867,34.58
2011-12-19,42.602,35.26
2011-12-20,43.2542,35.79
2011-12-21,42.7171,35.35
2011-12-22,42.9952,35.58
2011-12-23,42.6596,35.30
2011-12-24,42.6596,35.30
2011-12-25,42.6596,35.30
2011-12-26,42.6596,35.30
2011-12-27,43.2734,35.80
2011-12-28,44.0215,36.42
2011-12-29,43.5516,36.03
2011-12-30,44.0503,36.44
2011-12-31,44.0503,36.44
2012-01-01,44.0503,36.44
2012-01-02,44.0503,36.44
2012-01-03,44.1176,36.50
2012-01-04,44.0121,36.41
2012-01-05,42.6407,35.27
2012-01-06,43.0723,35.63
2012-01-07,43.0723,35.63
2012-01-08,43.0723,35.63
2012-01-09,43.0915,35.64
2012-01-10,43.8857,36.30
2012-01-11,45.5525,37.68
2012-01-12,45.3867,37.54
2012-01-13,43.7691,36.20
2012-01-14,43.7691,36.20
2012-01-15,43.7691,36.20
2012-01-16,43.7691,36.20
2012-01-17,43.7786,36.20
2012-01-18,43.7313,36.16
2012-01-19,44.0916,36.46
2012-01-20,43.883,36.29
2012-01-21,43.883,36.29
2012-01-22,43.883,36.29
2012-01-23,42.7548,35.35
2012-01-24,42.935,35.50
2012-01-25,42.2997,34.98
2012-01-26,42.7359,35.34
2012-01-27,42.2903,34.97
2012-01-28,42.2903,34.96
2012-01-29,42.2903,34.96
2012-01-30,42.1482,34.85
2012-01-31,41.8923,34.63
2012-02-01,41.7311,34.50
2012-02-02,42.0062,34.73
2012-02-03,42.0821,34.79
2012-02-04,42.0821,34.79
2012-02-05,42.0821,34.79
2012-02-06,42.6228,35.23
2012-02-07,42.9737,35.52
2012-02-08,42.7557,35.34
2012-02-09,41.9403,34.67
2012-02-10,41.7887,34.54
2012-02-11,41.7887,34.54
2012-02-12,41.7887,34.54
2012-02-13,41.258,34.10
2012-02-14,39.6555,32.77
2012-02-15,38.9729,32.21
2012-02-16,38.7265,32.00
2012-02-17,38.9352,32.18
2012-02-18,38.9352,32.18
2012-02-19,38.9352,32.17
2012-02-20,38.9352,32.17
2012-02-21,39.6183,32.74
2012-02-22,38.8219,32.08
2012-02-23,38.841,32.09
2012-02-24,39.154,32.35
2012-02-25,39.154,32.35
2012-02-26,39.154,32.35
2012-02-27,39.3249,32.49
2012-02-28,39.6475,32.76
2012-02-29,39.0692,32.28
2012-03-01,39.2115,32.39
2012-03-02,38.7754,32.03
2012-03-03,38.7754,32.03
2012-03-04,38.7754,32.03
2012-03-05,38.7474,32.01
2012-03-06,37.1353,30.68
2012-03-07,36.2725,29.96
2012-03-08,36.4323,30.09
2012-03-09,35.8221,29.59
2012-03-10,35.8221,29.59
2012-03-11,35.8221,29.59
2012-03-12,35.5564,29.37
2012-03-13,35.8078,29.57
2012-03-14,35.3174,29.17
2012-03-15,35.6445,29.44
2012-03-16,35.0771,28.97
2012-03-17,35.0771,28.97
2012-03-18,35.0771,28.97
2012-03-19,35.2986,29.15
2012-03-20,35.3179,29.16
2012-03-21,35.5296,29.34
2012-03-22,34.0389,28.11
2012-03-23,34.3853,28.39
2012-03-24,34.3853,28.39
2012-03-25,34.3853,28.39
2012-03-26,34.3951,28.40
2012-03-27,36.04,29.76
2012-03-28,35.0109,28.91
2012-03-29,33.9433,28.02
2012-03-30,35.0976,28.98
2012-03-31,35.0976,28.98
2012-04-01,35.0976,28.97
2012-04-02,35.8192,29.57
2012-04-03,35.6558,29.43
2012-04-04,35.5405,29.34
2012-04-05,35.2039,29.06
2012-04-06,35.2039,29.06
2012-04-07,35.2039,29.06
2012-04-08,35.2039,29.06
2012-04-09,34.2519,28.27
2012-04-10,34.2616,28.28
2012-04-11,34.7143,28.65
2012-04-12,35.0607,28.94
2012-04-13,34.3184,28.32
2012-04-14,34.3184,28.32
2012-04-15,34.3184,28.32
2012-04-16,33.5022,27.65
2012-04-17,33.277,27.46
2012-04-18,33.3334,27.51
2012-04-19,33.4555,27.61
2012-04-20,34.0562,28.10
2012-04-21,34.0562,28.10
2012-04-22,34.0562,28.10
2012-04-23,34.047,28.09
2012-04-24,34.8729,28.77
2012-04-25,33.6436,27.76
2012-04-26,33.4654,27.61
2012-04-27,33.5405,27.67
2012-04-28,33.5405,27.67
2012-04-29,33.5405,27.67
2012-04-30,34.1226,28.15
2012-05-01,34.9955,28.87
2012-05-02,34.7516,28.67
2012-05-03,33.4659,27.61
2012-05-04,33.2596,27.44
2012-05-05,33.2596,27.44
2012-05-06,33.2596,27.44
2012-05-07,33.3537,27.51
2012-05-08,33.2787,27.45
2012-05-09,33.3069,27.47
2012-05-10,33.9639,28.01
2012-05-11,33.6731,27.77
2012-05-12,33.6731,27.77
2012-05-13,33.6731,27.77
2012-05-14,33.8329,27.90
2012-05-15,33.9174,27.97
2012-05-16,33.8237,27.89
2012-05-17,34.2179,28.22
2012-05-18,34.0303,28.06
2012-05-19,34.0303,28.06
2012-05-20,34.0303,28.06
2012-05-21,33.2892,27.45
2012-05-22,33.1297,27.32
2012-05-23,31.7502,26.18
2012-05-24,31.7596,26.19
2012-05-25,31.9568,26.35
2012-05-26,31.9568,26.35
2012-05-27,31.9568,26.35
2012-05-28,31.9568,26.35
2012-05-29,31.516,25.98
2012-05-30,31.3096,25.81
2012-05-31,30.587,25.22
2012-06-01,30.0051,24.74
2012-06-02,30.0051,24.74
2012-06-03,30.0051,24.73
2012-06-04,30.1837,24.88
2012-06-05,29.7426,24.52
2012-06-06,29.6582,24.45
2012-06-07,29.7334,24.51
2012-06-08,29.541,24.35
2012-06-09,29.541,24.35
2012-06-10,29.541,24.35
2012-06-11,29.4035,24.23
2012-06-12,29.1425,24.02
2012-06-13,28.9378,23.85
2012-06-14,28.3503,23.36
2012-06-15,28.5157,23.50
2012-06-16,28.5157,23.50
2012-06-17,28.5157,23.50
2012-06-18,28.4149,23.42
2012-06-19,29.7737,24.53
2012-06-20,28.617,23.58
2012-06-21,29.7463,24.51
2012-06-22,29.2139,24.07
2012-06-23,29.2139,24.07
2012-06-24,29.2139,24.07
2012-06-25,29.7375,24.50
2012-06-26,31.0229,25.56
2012-06-27,30.8669,25.43
2012-06-28,30.5181,25.14
2012-06-29,31.9045,26.28
2012-06-30,31.9045,26.28
2012-07-01,31.9045,26.28
2012-07-02,32.6209,26.87
2012-07-03,33.6677,27.73
2012-07-04,33.6677,27.73
2012-07-05,33.6495,27.72
2012-07-06,32.9426,27.14
2012-07-07,32.9426,27.13
2012-07-08,32.9426,27.13
2012-07-09,34.0171,28.02
2012-07-10,34.4028,28.34
2012-07-11,34.4396,28.36
2012-07-12,33.9806,27.99
2012-07-13,34.7428,28.61
2012-07-14,34.7428,28.61
2012-07-15,34.7428,28.61
2012-07-16,34.3666,28.30
2012-07-17,33.9811,27.98
2012-07-18,33.9903,27.99
2012-07-19,35.1749,28.97
2012-07-20,34.8169,28.67
2012-07-21,34.8169,28.67
2012-07-22,34.8169,28.67
2012-07-23,34.4591,28.37
2012-07-24,32.7422,26.96
2012-07-25,32.8983,27.09
2012-07-26,32.4853,26.75
2012-07-27,32.4394,26.71
2012-07-28,32.4394,26.71
2012-07-29,32.4394,26.71
2012-07-30,33.2661,27.39
2012-07-31,32.55,26.80
2012-08-01,32.5684,26.81
2012-08-02,32.0084,26.35
2012-08-03,32.4217,26.69
2012-08-04,32.4217,26.69
2012-08-05,32.4217,26.69
2012-08-06,32.725,26.94
2012-08-07,32.1926,26.50
2012-08-08,31.807,26.18
2012-08-09,31.1368,25.63
2012-08-10,31.1002,25.60
2012-08-11,31.1002,25.60
2012-08-12,31.1002,25.60
2012-08-13,30.678,25.25
2012-08-14,30.4853,25.09
2012-08-15,30.2926,24.93
2012-08-16,29.7142,24.45
2012-08-17,29.9714,24.66
2012-08-18,29.9714,24.66
2012-08-19,29.9714,24.66
2012-08-20,30.2196,24.87
2012-08-21,30.1554,24.81
2012-08-22,29.7698,24.49
2012-08-23,29.724,24.46
2012-08-24,29.9169,24.61
2012-08-25,29.9169,24.61
2012-08-26,29.9169,24.61
2012-08-27,30.7344,25.29
2012-08-28,30.8447,25.38
2012-08-29,30.606,25.18
2012-08-30,30.0092,24.69
2012-08-31,30.2573,24.89
2012-09-01,30.2573,24.89
2012-09-02,30.2573,24.89
2012-09-03,30.2573,24.89
2012-09-04,30.3586,24.97
2012-09-05,29.4955,24.26
2012-09-06,29.0548,23.90
2012-09-07,29.9456,24.63
2012-09-08,29.9456,24.63
2012-09-09,29.9456,24.63
2012-09-10,31.8927,26.23
2012-09-11,32.6154,26.82
2012-09-12,32.6137,26.82
2012-09-13,32.8588,27.02
2012-09-14,33.2728,27.36
2012-09-15,33.2728,27.36
2012-09-16,33.2728,27.36
2012-09-17,32.328,26.58
2012-09-18,32.6521,26.85
2012-09-19,32.0942,26.39
2012-09-20,31.0593,25.54
2012-09-21,31.9324,26.26
2012-09-22,31.9324,26.26
2012-09-23,31.9324,26.25
2012-09-24,31.7437,26.10
2012-09-25,31.9868,26.30
2012-09-26,31.2219,25.67
2012-09-27,32.086,26.38
2012-09-28,31.9511,26.27
2012-09-29,31.9511,26.27
2012-09-30,31.9511,26.27
2012-10-01,32.7524,26.92
2012-10-02,33.7515,27.74
2012-10-03,33.2836,27.36
2012-10-04,32.2306,26.49
2012-10-05,30.9796,25.46
2012-10-06,30.9796,25.46
2012-10-07,30.9796,25.46
2012-10-08,31.1598,25.61
2012-10-09,30.5119,25.08
2012-10-10,30.215,24.83
2012-10-11,29.72,24.43
2012-10-12,29.9091,24.58
2012-10-13,29.9091,24.58
2012-10-14,29.9091,24.58
2012-10-15,29.7653,24.46
2012-10-16,30.1165,24.75
2012-10-17,29.8825,24.56
2012-10-18,29.3876,24.15
2012-10-19,29.9097,24.58
2012-10-20,29.9097,24.58
2012-10-21,29.9097,24.58
2012-10-22,30.378,24.96
2012-10-23,29.739,24.43
2012-10-24,29.5591,24.29
2012-10-25,29.7842,24.47
2012-10-26,29.1902,23.98
2012-10-27,29.1902,23.98
2012-10-28,29.1902,23.98
2012-10-29,29.1902,23.98
2012-10-30,29.1902,23.98
2012-10-31,28.6866,23.57
2012-11-01,28.4797,23.39
2012-11-02,28.7588,23.62
2012-11-03,28.7588,23.62
2012-11-04,28.7588,23.62
2012-11-05,28.048,23.04
2012-11-06,27.9761,22.98
2012-11-07,28.0572,23.04
2012-11-08,28.2384,23.19
2012-11-09,28.0062,23.00
2012-11-10,28.0062,23.00
2012-11-11,28.0062,23.00
2012-11-12,28.4837,23.39
2012-11-13,27.2434,22.37
2012-11-14,27.5087,22.59
2012-11-15,27.7209,22.76
2012-11-16,27.4646,22.55
2012-11-17,27.4646,22.55
2012-11-18,27.4646,22.55
2012-11-19,28.3135,23.25
2012-11-20,27.4473,22.54
2012-11-21,27.6418,22.70
2012-11-22,27.6418,22.70
2012-11-23,27.1734,22.31
2012-11-24,27.1734,22.31
2012-11-25,27.1734,22.31
2012-11-26,26.8377,22.03
2012-11-27,26.882,22.07
2012-11-28,27.881,22.89
2012-11-29,28.1551,23.11
2012-11-30,27.1386,22.28
2012-12-01,27.1386,22.28
2012-12-02,27.1386,22.28
2012-12-03,27.1565,22.29
2012-12-04,26.7322,21.94
2012-12-05,26.8649,22.05
2012-12-06,27.1921,22.32
2012-12-07,27.7048,22.74
2012-12-08,27.7048,22.74
2012-12-09,27.7048,22.74
2012-12-10,26.5028,21.75
2012-12-11,26.9449,22.11
2012-12-12,26.4234,21.68
2012-12-13,25.9107,21.26
2012-12-14,25.8312,21.20
2012-12-15,25.8312,21.20
2012-12-16,25.8312,21.20
2012-12-17,26.3264,21.60
2012-12-18,25.964,21.30
2012-12-19,26.1143,21.43
2012-12-20,25.7784,21.15
2012-12-21,26.4061,21.67
2012-12-22,26.4061,21.67
2012-12-23,26.4061,21.67
2012-12-24,26.4681,21.72
2012-12-25,26.4681,21.71
2012-12-26,26.6892,21.90
2012-12-27,26.645,21.86
2012-12-28,26.4594,21.71
2012-12-29,26.4594,21.71
2012-12-30,26.4594,21.71
2012-12-31,25.938,21.28
2013-01-01,25.938,21.28
2013-01-02,26.9018,22.07
2013-01-03,26.3891,21.65
2013-01-04,26.5483,21.78
2013-01-05,26.5483,21.78
2013-01-06,26.5483,21.77
2013-01-07,27.0789,22.21
2013-01-08,26.6899,21.89
2013-01-09,26.6565,21.86
2013-01-10,26.9426,22.10
2013-01-11,27.579,22.62
2013-01-12,27.579,22.62
2013-01-13,27.579,22.62
2013-01-14,27.5809,22.62
2013-01-15,27.4247,22.49
2013-01-16,27.5202,22.57
2013-01-17,27.9717,22.94
2013-01-18,28.102,23.04
2013-01-19,28.102,23.04
2013-01-20,28.102,23.04
2013-01-21,28.102,23.04
2013-01-22,26.8,21.97
2013-01-23,27.13,22.24
2013-01-24,26.4615,21.69
2013-01-25,26.7568,21.94
2013-01-26,26.7568,21.94
2013-01-27,26.7568,21.93
2013-01-28,26.8698,22.03
2013-01-29,27.0001,22.13
2013-01-30,26.6615,21.86
2013-01-31,26.5487,21.76
2013-02-01,26.7137,21.90
2013-02-02,26.7137,21.90
2013-02-03,26.7137,21.90
2013-02-04,26.0975,21.39
2013-02-05,26.0628,21.36
2013-02-06,25.7416,21.10
2013-02-07,25.4291,20.84
2013-02-08,25.5507,20.94
2013-02-09,25.5507,20.94
2013-02-10,25.5507,20.94
2013-02-11,25.3338,20.76
2013-02-12,25.3686,20.79
2013-02-13,25.0909,20.56
2013-02-14,24.952,20.45
2013-02-15,24.8479,20.36
2013-02-16,24.8479,20.36
2013-02-17,24.8479,20.36
2013-02-18,24.8479,20.36
2013-02-19,24.5356,20.10
2013-02-20,25.0566,20.53
2013-02-21,25.074,20.54
2013-02-22,25.4387,20.84
2013-02-23,25.4387,20.84
2013-02-24,25.4387,20.84
2013-02-25,25.3261,20.75
2013-02-26,25.387,20.80
2013-02-27,25.3784,20.79
2013-02-28,25.3351,20.75
2013-03-01,25.3525,20.77
2013-03-02,25.3525,20.77
2013-03-03,25.3525,20.77
2013-03-04,25.9085,21.22
2013-03-05,24.9621,20.45
2013-03-06,24.997,20.47
2013-03-07,25.3183,20.74
2013-03-08,25.4833,20.87
2013-03-09,25.4833,20.87
2013-03-10,25.4833,20.87
2013-03-11,25.4315,20.83
2013-03-12,25.1797,20.62
2013-03-13,24.8759,20.37
2013-03-14,24.7197,20.24
2013-03-15,24.3551,19.94
2013-03-16,24.3551,19.94
2013-03-17,24.3551,19.94
2013-03-18,23.8083,19.50
2013-03-19,23.5999,19.32
2013-03-20,23.6781,19.39
2013-03-21,23.6956,19.40
2013-03-22,23.9561,19.61
2013-03-23,23.9561,19.61
2013-03-24,23.9561,19.61
2013-03-25,23.9997,19.65
2013-03-26,24.321,19.91
2013-03-27,24.1734,19.79
2013-03-28,24.2516,19.85
2013-03-29,24.2516,19.85
2013-03-30,24.2516,19.85
2013-03-31,24.2516,19.85
2013-04-01,24.4689,20.03
2013-04-02,24.1043,19.73
2013-04-03,24.6687,20.19
2013-04-04,24.6514,20.18
2013-04-05,24.7643,20.27
2013-04-06,24.7643,20.27
2013-04-07,24.7643,20.27
2013-04-08,24.0698,19.70
2013-04-09,23.9396,19.59
2013-04-10,24.0265,19.66
2013-04-11,24.1655,19.78
2013-04-12,23.8182,19.49
2013-04-13,23.8182,19.49
2013-04-14,23.8182,19.49
2013-04-15,23.636,19.34
2013-04-16,23.8357,19.50
2013-04-17,23.7663,19.45
2013-04-18,24.4523,20.01
2013-04-19,24.8692,20.35
2013-04-20,24.8692,20.35
2013-04-21,24.8692,20.35
2013-04-22,24.8519,20.33
2013-04-23,23.8881,19.54
2013-04-24,24.0358,19.66
2013-04-25,23.8621,19.52
2013-04-26,23.263,19.03
2013-04-27,23.263,19.03
2013-04-28,23.263,19.03
2013-04-29,23.2284,19.00
2013-04-30,23.4628,19.19
2013-05-01,23.3934,19.14
2013-05-02,24.2184,19.81
2013-05-03,24.4702,20.02
2013-05-04,24.4702,20.02
2013-05-05,24.4702,20.01
2013-05-06,24.618,20.14
2013-05-07,24.783,20.27
2013-05-08,25.0324,20.47
2013-05-09,25.6834,21.00
2013-05-10,25.1048,20.53
2013-05-11,25.1048,20.53
2013-05-12,25.1048,20.53
2013-05-13,25.3281,20.71
2013-05-14,25.0115,20.45
2013-05-15,24.4297,19.98
2013-05-16,24.3099,19.88
2013-05-17,23.8051,19.47
2013-05-18,23.8051,19.46
2013-05-19,23.8051,19.46
2013-05-20,23.5057,19.22
2013-05-21,23.095,18.88
2013-05-22,22.3762,18.29
2013-05-23,22.6415,18.51
2013-05-24,22.1624,18.12
2013-05-25,22.1624,18.12
2013-05-26,22.1624,18.12
2013-05-27,22.1624,18.12
2013-05-28,21.9913,17.98
2013-05-29,22.1625,18.12
2013-05-30,21.8887,17.89
2013-05-31,22.1027,18.07
2013-06-01,22.1027,18.07
2013-06-02,22.1027,18.07
2013-06-03,22.4108,18.32
2013-06-04,22.1884,18.14
2013-06-05,22.1627,18.11
2013-06-06,22.4708,18.37
2013-06-07,22.0772,18.04
2013-06-08,22.0772,18.04
2013-06-09,22.0772,18.04
2013-06-10,22.3922,18.30
2013-06-11,22.1738,18.12
2013-06-12,21.3061,17.41
2013-06-13,21.4654,17.54
2013-06-14,21.2153,17.34
2013-06-15,21.2153,17.34
2013-06-16,21.2153,17.34
2013-06-17,21.082,17.23
2013-06-18,21.1237,17.26
2013-06-19,21.2738,17.38
2013-06-20,20.2568,16.55
2013-06-21,20.3986,16.67
2013-06-22,20.3986,16.67
2013-06-23,20.3986,16.67
2013-06-24,20.5404,16.78
2013-06-25,20.5904,16.82
2013-06-26,20.2653,16.56
2013-06-27,20.8239,17.01
2013-06-28,20.5655,16.80
2013-06-29,20.5655,16.80
2013-06-30,20.5655,16.80
2013-07-01,20.7823,16.98
2013-07-02,21.2242,17.34
2013-07-03,20.7407,16.94
2013-07-04,20.7407,16.94
2013-07-05,20.7158,16.92
2013-07-06,20.7158,16.92
2013-07-07,20.7158,16.92
2013-07-08,21.0576,17.20
2013-07-09,20.8576,17.03
2013-07-10,20.7576,16.95
2013-07-11,21.0327,17.18
2013-07-12,20.3742,16.64
2013-07-13,20.3742,16.64
2013-07-14,20.3742,16.64
2013-07-15,20.9828,17.13
2013-07-16,21.383,17.46
2013-07-17,21.6831,17.70
2013-07-18,21.6415,17.67
2013-07-19,20.8662,17.04
2013-07-20,20.8662,17.04
2013-07-21,20.8662,17.04
2013-07-22,21.3164,17.40
2013-07-23,21.4665,17.53
2013-07-24,20.6662,16.87
2013-07-25,21.2248,17.33
2013-07-26,20.7163,16.91
2013-07-27,20.7163,16.91
2013-07-28,20.7163,16.91
2013-07-29,20.583,16.80
2013-07-30,20.4996,16.73
2013-07-31,20.2245,16.51
2013-08-01,19.7327,16.11
2013-08-02,20.1829,16.47
2013-08-03,20.1829,16.47
2013-08-04,20.1829,16.47
2013-08-05,20.4247,16.67
2013-08-06,20.1246,16.42
2013-08-07,20.6415,16.85
2013-08-08,20.8082,16.98
2013-08-09,20.9416,17.09
2013-08-10,20.9416,17.09
2013-08-11,20.9416,17.09
2013-08-12,21.0251,17.16
2013-08-13,20.5082,16.74
2013-08-14,20.8918,17.05
2013-08-15,20.7918,16.97
2013-08-16,20.6167,16.82
2013-08-17,20.6167,16.82
2013-08-18,20.6167,16.82
2013-08-19,20.4667,16.70
2013-08-20,19.8082,16.16
2013-08-21,19.5331,15.94
2013-08-22,19.5164,15.92
2013-08-23,19.5165,15.92
2013-08-24,19.5165,15.92
2013-08-25,19.5165,15.92
2013-08-26,19.6333,16.02
2013-08-27,19.4665,15.88
2013-08-28,19.75,16.11
2013-08-29,19.6166,16.00
2013-08-30,19.3916,15.82
2013-08-31,19.3916,15.82
2013-09-01,19.3916,15.82
2013-09-02,19.3916,15.82
2013-09-03,19.5417,15.94
2013-09-04,19.4834,15.89
2013-09-05,19.4834,15.89
2013-09-06,19.6502,16.03
2013-09-07,19.6502,16.03
2013-09-08,19.6502,16.03
2013-09-09,19.6836,16.05
2013-09-10,19.4513,15.86
2013-09-11,20.1329,16.42
2013-09-12,20.0951,16.39
2013-09-13,20.0036,16.31
2013-09-14,20.0036,16.31
2013-09-15,20.0036,16.31
2013-09-16,19.8817,16.21
2013-09-17,19.1905,15.65
2013-09-18,19.1824,15.64
2013-09-19,19.3287,15.76
2013-09-20,19.1499,15.61
2013-09-21,19.1499,15.61
2013-09-22,19.1499,15.61
2013-09-23,19.5402,15.93
2013-09-24,19.6703,16.04
2013-09-25,19.5727,15.96
2013-09-26,19.3207,15.75
2013-09-27,19.0035,15.49
2013-09-28,19.0035,15.49
2013-09-29,19.0035,15.49
2013-09-30,19.0036,15.49
2013-10-01,19.0686,15.54
2013-10-02,19.1337,15.60
2013-10-03,19.2719,15.71
2013-10-04,19.1174,15.58
2013-10-05,19.1174,15.58
2013-10-06,19.1174,15.58
2013-10-07,19.1337,15.59
2013-10-08,19.2237,15.67
2013-10-09,19.2615,15.70
2013-10-10,19.1177,15.58
2013-10-11,19.5,15.89
2013-10-12,19.5,15.89
2013-10-13,19.5,15.89
2013-10-14,19.5502,15.93
2013-10-15,19.4583,15.85
2013-10-16,19.3581,15.77
2013-10-17,19.166,15.62
2013-10-18,19.1577,15.61
2013-10-19,19.1577,15.61
2013-10-20,19.1577,15.61
2013-10-21,18.8321,15.34
2013-10-22,18.7068,15.24
2013-10-23,18.4729,15.05
2013-10-24,18.4311,15.01
2013-10-25,18.2306,14.85
2013-10-26,18.2306,14.85
2013-10-27,18.2306,14.85
2013-10-28,17.9716,14.64
2013-10-29,17.8714,14.56
2013-10-30,17.8547,14.54
2013-10-31,17.6124,14.35
2013-11-01,17.6375,14.37
2013-11-02,17.6375,14.37
2013-11-03,17.6375,14.37
2013-11-04,17.3285,14.11
2013-11-05,17.2867,14.08
2013-11-06,16.9609,13.81
2013-11-07,17.3703,14.15
2013-11-08,17.3903,14.16
2013-11-09,17.3903,14.16
2013-11-10,17.3903,14.16
2013-11-11,17.2582,14.05
2013-11-12,17.6721,14.39
2013-11-13,17.2099,14.01
2013-11-14,17.1612,13.97
2013-11-15,17.7216,14.43
2013-11-16,17.7216,14.43
2013-11-17,17.7216,14.43
2013-11-18,17.7786,14.47
2013-11-19,17.6324,14.36
2013-11-20,17.9005,14.57
2013-11-21,18.0955,14.73
2013-11-22,17.462,14.22
2013-11-23,17.462,14.22
2013-11-24,17.462,14.22
2013-11-25,17.6327,14.35
2013-11-26,17.6652,14.38
2013-11-27,17.5597,14.29
2013-11-28,17.5597,14.29
2013-11-29,18.0065,14.66
2013-11-30,18.0065,14.66
2013-12-01,18.0065,14.66
2013-12-02,17.8523,14.53
2013-12-03,17.901,14.57
2013-12-04,17.6087,14.33
2013-12-05,17.2188,14.01
2013-12-06,17.2839,14.07
2013-12-07,17.2839,14.07
2013-12-08,17.2839,14.07
2013-12-09,17.2352,14.03
2013-12-10,17.9094,14.57
2013-12-11,17.8201,14.50
2013-12-12,18.08,14.71
2013-12-13,18.7217,15.23
2013-12-14,18.7217,15.23
2013-12-15,18.7217,15.23
2013-12-16,18.73,15.24
2013-12-17,18.5432,15.09
2013-12-18,18.8356,15.32
2013-12-19,18.4783,15.03
2013-12-20,18.7301,15.24
2013-12-21,18.7301,15.24
2013-12-22,18.7301,15.24
2013-12-23,18.8195,15.31
2013-12-24,18.6409,15.16
2013-12-25,18.6409,15.16
2013-12-26,18.7547,15.26
2013-12-27,18.9009,15.37
2013-12-28,18.9009,15.37
2013-12-29,18.9009,15.37
2013-12-30,18.633,15.16
2013-12-31,17.9832,14.63
2014-01-01,17.9832,14.63
2014-01-02,18.097,14.72
2014-01-03,18.9012,15.37
2014-01-04,18.9012,15.37
2014-01-05,18.9012,15.37
2014-01-06,19.6567,15.99
2014-01-07,19.0475,15.49
2014-01-08,19.6405,15.97
2014-01-09,19.3887,15.77
2014-01-10,19.5999,15.94
2014-01-11,19.5999,15.94
2014-01-12,19.5999,15.94
2014-01-13,19.4701,15.83
2014-01-14,19.3645,15.75
2014-01-15,19.0396,15.48
2014-01-16,19.2264,15.63
2014-01-17,19.0315,15.47
2014-01-18,19.0315,15.47
2014-01-19,19.0315,15.47
2014-01-20,19.0315,15.47
2014-01-21,18.8772,15.35
2014-01-22,18.6579,15.17
2014-01-23,18.7148,15.21
2014-01-24,18.5849,15.11
2014-01-25,18.5849,15.11
2014-01-26,18.5849,15.11
2014-01-27,18.4956,15.03
2014-01-28,18.6256,15.14
2014-01-29,19.0236,15.46
2014-01-30,19.4948,15.85
2014-01-31,20.3396,16.53
2014-02-01,20.3396,16.53
2014-02-02,20.3396,16.53
2014-02-03,22.0861,17.95
2014-02-04,22.1348,17.99
2014-02-05,23.2477,18.89
2014-02-06,22.0536,17.92
2014-02-07,22.0455,17.92
2014-02-08,22.0455,17.91
2014-02-09,22.0455,17.91
2014-02-10,22.1298,17.98
2014-02-11,22.2865,18.11
2014-02-12,22.8946,18.60
2014-02-13,22.6974,18.44
2014-02-14,22.7534,18.49
2014-02-15,22.7534,18.49
2014-02-16,22.7534,18.49
2014-02-17,22.7534,18.49
2014-02-18,24.7604,20.12
2014-02-19,27.5986,22.42
2014-02-20,27.095,22.01
2014-02-21,27.103,22.02
2014-02-22,27.103,22.02
2014-02-23,27.103,22.02
2014-02-24,28.1984,22.91
2014-02-25,28.1825,22.89
2014-02-26,28.4144,23.08
2014-02-27,28.6703,23.29
2014-02-28,28.8302,23.42
2014-03-01,28.8302,23.42
2014-03-02,28.8302,23.42
2014-03-03,30.933,25.12
2014-03-04,29.6539,24.08
2014-03-05,32.3642,26.28
2014-03-06,31.2689,25.39
2014-03-07,31.4769,25.56
2014-03-08,31.4769,25.56
2014-03-09,31.4769,25.56
2014-03-10,32.5208,26.41
2014-03-11,32.8825,26.70
2014-03-12,32.8269,26.66
2014-03-13,32.9301,26.74
2014-03-14,31.7258,25.76
2014-03-15,31.7258,25.76
2014-03-16,31.7258,25.76
2014-03-17,30.6246,24.86
2014-03-18,30.6484,24.88
2014-03-19,29.6897,24.10
2014-03-20,27.8831,22.64
2014-03-21,27.4236,22.26
2014-03-22,27.4236,22.26
2014-03-23,27.4236,22.26
2014-03-24,28.2557,22.94
2014-03-25,28.0893,22.80
2014-03-26,28.2082,22.90
2014-03-27,28.2558,22.94
2014-03-28,28.9373,23.49
2014-03-29,28.9373,23.49
2014-03-30,28.9373,23.49
2014-03-31,28.5254,23.15
2014-04-01,28.1054,22.81
2014-04-02,27.7014,22.48
2014-04-03,28.0025,22.73
2014-04-04,29.6507,24.06
2014-04-05,29.6507,24.06
2014-04-06,29.6507,24.06
2014-04-07,30.9899,25.15
2014-04-08,31.4881,25.55
2014-04-09,32.0151,25.98
2014-04-10,33.0122,26.79
2014-04-11,32.256,26.17
2014-04-12,32.256,26.17
2014-04-13,32.256,26.17
2014-04-14,32.868,26.67
2014-04-15,30.9226,25.09
2014-04-16,29.9578,24.31
2014-04-17,32.3503,26.25
2014-04-18,32.3503,26.25
2014-04-19,32.3503,26.25
2014-04-20,32.3503,26.25
2014-04-21,31.5739,25.61
2014-04-22,33.7939,27.41
2014-04-23,33.8802,27.48
2014-04-24,34.0214,27.60
2014-04-25,32.7977,26.60
2014-04-26,32.7977,26.60
2014-04-27,32.7977,26.60
2014-04-28,31.8721,25.85
2014-04-29,33.5509,27.21
2014-04-30,32.5939,26.44
2014-05-01,32.3586,26.25
2014-05-02,32.2095,26.12
2014-05-03,32.2095,26.12
2014-05-04,32.2095,26.12
2014-05-05,32.5312,26.38
2014-05-06,32.0762,26.01
2014-05-07,31.8723,25.85
2014-05-08,31.0173,25.15
2014-05-09,29.2052,23.68
2014-05-10,29.2052,23.68
2014-05-11,29.2052,23.68
2014-05-12,30.0446,24.36
2014-05-13,29.6838,24.07
2014-05-14,29.2524,23.72
2014-05-15,31.2292,25.32
2014-05-16,29.3858,23.83
2014-05-17,29.3858,23.83
2014-05-18,29.3858,23.82
2014-05-19,29.1427,23.63
2014-05-20,29.4878,23.91
2014-05-21,28.8211,23.37
2014-05-22,28.8211,23.36
2014-05-23,28.9074,23.43
2014-05-24,28.9074,23.43
2014-05-25,28.9074,23.43
2014-05-26,28.9074,23.43
2014-05-27,28.5074,23.11
2014-05-28,28.0132,22.71
2014-05-29,28.9232,23.44
2014-05-30,28.2251,22.88
2014-05-31,28.2251,22.88
2014-06-01,28.2251,22.88
2014-06-02,27.4171,22.22
2014-06-03,27.2367,22.07
2014-06-04,27.0799,21.95
2014-06-05,26.9308,21.82
2014-06-06,27.4016,22.21
2014-06-07,27.4016,22.21
2014-06-08,27.4016,22.20
2014-06-09,26.3561,21.36
2014-06-10,26.4106,21.40
2014-06-11,27.3313,22.15
2014-06-12,27.3931,22.20
2014-06-13,27.6777,22.43
2014-06-14,27.6777,22.43
2014-06-15,27.6777,22.43
2014-06-16,27.5701,22.34
2014-06-17,26.9934,21.87
2014-06-18,26.6704,21.61
2014-06-19,26.5474,21.51
2014-06-20,27.5318,22.30
2014-06-21,27.5318,22.30
2014-06-22,27.5318,22.30
2014-06-23,27.8395,22.55
2014-06-24,27.6549,22.40
2014-06-25,28.547,23.12
2014-06-26,28.3548,22.97
2014-06-27,27.0782,21.93
2014-06-28,27.0782,21.93
2014-06-29,27.0782,21.93
2014-06-30,27.4858,22.26
2014-07-01,26.8476,21.74
2014-07-02,27.2167,22.04
2014-07-03,26.986,21.86
2014-07-04,26.986,21.85
2014-07-05,26.986,21.85
2014-07-06,26.986,21.85
2014-07-07,26.8785,21.77
2014-07-08,27.1477,21.98
2014-07-09,27.14,21.98
2014-07-10,25.6327,20.76
2014-07-11,25.402,20.57
2014-07-12,25.402,20.57
2014-07-13,25.402,20.57
2014-07-14,25.8558,20.93
2014-07-15,25.4867,20.64
2014-07-16,25.5789,20.71
2014-07-17,25.7943,20.88
2014-07-18,27.1094,21.95
2014-07-19,27.1094,21.95
2014-07-20,27.1094,21.95
2014-07-21,27.171,22.00
2014-07-22,26.4712,21.43
2014-07-23,27.7401,22.46
2014-07-24,27.9863,22.65
2014-07-25,28.117,22.76
2014-07-26,28.117,22.76
2014-07-27,28.117,22.76
2014-07-28,28.4478,23.03
2014-07-29,28.394,22.98
2014-07-30,28.6632,23.20
2014-07-31,30.5705,24.74
2014-08-01,30.1629,24.41
2014-08-02,30.1629,24.41
2014-08-03,30.1629,24.41
2014-08-04,29.9015,24.20
2014-08-05,29.7477,24.07
2014-08-06,29.9707,24.25
2014-08-07,28.9402,23.42
2014-08-08,28.4634,23.03
2014-08-09,28.4634,23.03
2014-08-10,28.4634,23.03
2014-08-11,29.7401,24.06
2014-08-12,29.0557,23.51
2014-08-13,29.0557,23.51
2014-08-14,28.9865,23.45
2014-08-15,29.7095,24.04
2014-08-16,29.7095,24.04
2014-08-17,29.7095,24.04
2014-08-18,29.7018,24.03
2014-08-19,28.6328,23.16
2014-08-20,29.0636,23.51
2014-08-21,29.1636,23.59
2014-08-22,28.8175,23.31
2014-08-23,28.8175,23.31
2014-08-24,28.8175,23.31
2014-08-25,28.8637,23.35
2014-08-26,30.3711,24.57
2014-08-27,30.4788,24.65
2014-08-28,30.7634,24.88
2014-08-29,30.948,25.03
2014-08-30,30.948,25.03
2014-08-31,30.948,25.03
2014-09-01,30.948,25.03
2014-09-02,32.2171,26.05
2014-09-03,31.1174,25.17
2014-09-04,31.1405,25.18
2014-09-05,30.4637,24.64
2014-09-06,30.4637,24.63
2014-09-07,30.4637,24.63
2014-09-08,29.91,24.19
2014-09-09,29.6251,23.95
2014-09-10,27.8967,22.56
2014-09-11,28.5346,23.07
2014-09-12,28.3985,22.96
2014-09-13,28.3985,22.96
2014-09-14,28.3985,22.96
2014-09-15,28.0523,22.68
2014-09-16,28.5115,23.05
2014-09-17,28.4588,23.01
2014-09-18,27.9093,22.56
2014-09-19,27.435,22.18
2014-09-20,27.435,22.18
2014-09-21,27.435,22.18
2014-09-22,27.6383,22.34
2014-09-23,27.8641,22.52
2014-09-24,29.0989,23.52
2014-09-25,28.0825,22.70
2014-09-26,28.6472,23.16
2014-09-27,28.6472,23.15
2014-09-28,28.6472,23.15
2014-09-29,29.4226,23.78
2014-09-30,29.7313,24.03
2014-10-01,30.7929,24.89
2014-10-02,31.9975,25.86
2014-10-03,31.6663,25.59
2014-10-04,31.6663,25.59
2014-10-05,31.6663,25.59
2014-10-06,33.797,27.31
2014-10-07,33.157,26.79
2014-10-08,32.871,26.56
2014-10-09,33.9476,27.43
2014-10-10,33.7594,27.28
2014-10-11,33.7594,27.28
2014-10-12,33.7594,27.28
2014-10-13,33.4282,27.01
2014-10-14,33.9928,27.46
2014-10-15,33.112,26.75
2014-10-16,33.2851,26.89
2014-10-17,32.3139,26.11
2014-10-18,32.3139,26.11
2014-10-19,32.3139,26.10
2014-10-20,30.6425,24.75
2014-10-21,30.6802,24.78
2014-10-22,29.4078,23.76
2014-10-23,29.7391,24.02
2014-10-24,29.4756,23.81
2014-10-25,29.4756,23.81
2014-10-26,29.4756,23.81
2014-10-27,29.3853,23.73
2014-10-28,29.6112,23.92
2014-10-29,29.2047,23.59
2014-10-30,28.9111,23.35
2014-10-31,28.9563,23.39
2014-11-01,28.9563,23.39
2014-11-02,28.9563,23.38
2014-11-03,28.6326,23.12
2014-11-04,28.9864,23.41
2014-11-05,28.6928,23.17
2014-11-06,28.3089,22.86
2014-11-07,28.1207,22.71
2014-11-08,28.1207,22.71
2014-11-09,28.1207,22.71
2014-11-10,27.9626,22.58
2014-11-11,28.4219,22.95
2014-11-12,28.4219,22.95
2014-11-13,29.0845,23.48
2014-11-14,29.5664,23.87
2014-11-17,28.8813,23.32
2014-11-18,29.0469,23.45
2014-11-19,29.9806,24.20
2014-11-20,28.4371,22.96
2014-11-21,28.7157,23.18
2014-11-24,28.6857,23.15
2014-11-25,29.3708,23.71
2014-11-26,29.2504,23.61
2014-11-27,29.2504,23.61
2014-11-28,28.2264,22.78
2014-12-01,28.6707,23.14
2014-12-02,27.6167,22.29
2014-12-03,27.6543,22.32
2014-12-04,27.4736,22.17
2014-12-05,27.1198,21.88
2014-12-08,26.812,21.63
2014-12-09,27.1684,21.92
2014-12-10,26.8802,21.69
2014-12-11,26.572,21.44
2014-12-12,26.2157,21.15
2014-12-15,26.9062,21.71
2014-12-16,26.7577,21.59
2014-12-17,25.9039,20.90
2014-12-18,26.2752,21.20
2014-12-19,26.3197,21.23
2014-12-22,25.9486,20.93
2014-12-23,25.7779,20.79
2014-12-24,25.6591,20.70
2014-12-25,25.6591,20.70
2014-12-26,25.4291,20.51
2014-12-29,24.9169,20.10
2014-12-30,24.8724,20.06
2014-12-31,25.1397,20.27
2015-01-01,25.1397,20.27
2015-01-02,24.3156,19.61
2015-01-05,25.3551,20.45
2015-01-06,26.3649,21.26
2015-01-07,26.3946,21.28
2015-01-08,26.6619,21.50
2015-01-09,27.1297,21.87
2015-01-12,26.6397,21.48
2015-01-13,26.6769,21.51
2015-01-14,27.1075,21.85
2015-01-15,26.6249,21.46
2015-01-16,25.786,20.79
2015-01-20,24.7985,19.99
2015-01-21,24.3457,19.62
2015-01-22,24.1526,19.47
2015-01-23,24.5239,19.77
2015-01-26,24.4348,19.69
2015-01-27,25.3778,20.45
2015-01-28,25.3036,20.39
2015-01-29,24.1676,19.48
2015-01-30,24.4497,19.70
2015-02-02,24.5389,19.77
2015-02-03,24.2939,19.58
2015-02-04,24.9027,20.07
2015-02-05,24.8804,20.05
2015-02-09,25.3033,20.39
2015-02-10,24.1006,19.42
2015-02-11,24.0992,19.42
2015-02-12,24.8602,20.03
2015-02-13,24.7287,19.92
2015-02-16,24.7287,19.92
2015-02-17,23.6177,19.03
2015-02-18,23.3472,18.81
2015-02-19,22.7259,18.31
2015-02-20,22.7698,18.34
2015-02-23,22.09,17.79
2015-02-24,22.1923,17.87
2015-02-25,21.3956,17.23
2015-02-26,20.9716,16.89
2015-02-27,20.979,16.90
2015-03-02,20.6647,16.64
2015-03-03,19.422,15.64
2015-03-04,20.5624,16.56
2015-03-05,20.1969,16.26
2015-03-06,20.9059,16.83
2015-03-09,20.482,16.49
2015-03-10,20.2115,16.27
2015-03-11,19.7437,15.90
2015-03-12,19.8022,15.94
2015-03-13,19.466,15.67
2015-03-16,20.6648,16.64
2015-03-17,20.6721,16.64
2015-03-18,20.9572,16.87
2015-03-19,21.542,17.34
2015-03-20,21.4397,17.26
2015-03-23,21.2205,17.08
2015-03-24,20.548,16.54
2015-03-25,20.9354,16.85
2015-03-26,20.9793,16.89
2015-03-27,20.6869,16.65
2015-03-30,19.8317,15.96
2015-03-31,19.8975,16.01
2015-04-01,20.1826,16.24
2015-04-02,21.016,16.91
2015-04-06,21.7617,17.51
2015-04-07,21.1769,17.04
2015-04-08,20.2851,16.32
2015-04-09,20.4875,16.48
2015-04-10,20.1569,16.22
2015-04-13,19.9143,16.02
2015-04-14,19.9733,16.07
2015-04-15,20.0521,16.13
2015-04-16,20.6322,16.60
2015-04-17,20.625,16.59
2015-04-20,20.6179,16.59
2015-04-21,20.8328,16.76
2015-04-22,20.9545,16.86
2015-04-23,20.6394,16.60
2015-04-24,20.7397,16.68
2015-04-27,20.0236,16.10
2015-04-28,20.2456,16.28
2015-04-29,20.3101,16.33
2015-04-30,20.0738,16.14
2015-05-01,19.6083,15.77
2015-05-04,19.4293,15.62
2015-05-05,19.5295,15.70
2015-05-06,19.0139,15.29
2015-05-07,19.2646,15.49
2015-05-08,19.6728,15.82
2015-05-11,19.6084,15.77
2015-05-12,19.7373,15.87
2015-05-13,19.7445,15.87
2015-05-14,20.0453,16.12
2015-05-15,20.1455,16.20
2015-05-18,20.8617,16.77
2015-05-19,20.389,16.39
2015-05-20,19.8663,15.97
2015-05-21,18.7992,15.11
2015-05-22,18.5915,14.94
2015-05-26,18.169,14.60
2015-05-27,18.2192,14.64
2015-05-28,18.3051,14.71
2015-05-29,18.4197,14.80
2015-06-01,18.9139,15.20
2015-06-02,19.3436,15.54
2015-06-03,19.5942,15.75
2015-06-04,19.7733,15.89
2015-06-05,19.6802,15.81
2015-06-08,19.8712,15.97
2015-06-09,19.9846,16.06
2015-06-10,19.8393,15.94
2015-06-11,19.286,15.50
2015-06-12,19.279,15.49
2015-06-15,18.7132,15.03
2015-06-16,18.9507,15.22
2015-06-17,18.5945,14.94
2015-06-18,18.9577,15.23
2015-06-19,18.7062,15.03
2015-06-22,19.0415,15.29
2015-06-23,18.6504,14.98
2015-06-24,19.3699,15.56
2015-06-25,19.3769,15.56
2015-06-26,19.1394,15.37
2015-06-29,18.9997,15.26
2015-06-30,18.9997,15.26
2015-07-01,18.2662,14.67
2015-07-02,18.3221,14.71
2015-07-06,18.0148,14.47
2015-07-07,17.931,14.40
2015-07-08,17.938,14.40
2015-07-09,17.9869,14.44
2015-07-10,18.1196,14.55
2015-07-13,18.4689,14.83
2015-07-14,18.909,15.18
2015-07-15,18.6016,14.93
2015-07-16,18.4899,14.84
2015-07-17,18.427,14.79
2015-07-20,18.3013,14.69
2015-07-21,18.0988,14.53
2015-07-22,17.9591,14.42
2015-07-23,17.4701,14.02
2015-07-24,17.5539,14.09
2015-07-27,17.2746,13.86
2015-07-28,17.2187,13.82
2015-07-29,17.4982,14.04
2015-07-30,17.8964,14.36
2015-07-31,17.9523,14.41
2015-08-03,17.7637,14.25
2015-08-04,17.8895,14.36
2015-08-05,18.0223,14.46
2015-08-06,17.7918,14.28
2015-08-07,18.2808,14.67
2015-08-10,19.0772,15.31
2015-08-11,19.6082,15.73
2015-08-12,18.8958,15.16
2015-08-13,19.6433,15.76
2015-08-14,19.7202,15.82
2015-08-17,19.3571,15.53
2015-08-18,19.427,15.58
2015-08-19,18.8333,15.11
2015-08-20,18.5051,14.84
2015-08-21,17.6668,14.17
2015-08-24,17.0033,13.64
2015-08-25,16.8427,13.51
2015-08-26,17.0732,13.69
2015-08-27,17.4016,13.96
2015-08-28,17.3318,13.90
2015-08-31,17.3668,13.93
2015-09-01,17.3668,13.93
2015-09-02,16.5355,13.26
2015-09-03,16.7032,13.39
2015-09-04,16.6474,13.35
2015-09-08,16.9061,13.55
2015-09-09,16.9201,13.57
2015-09-10,16.2634,13.04
2015-09-11,16.2844,13.06
2015-09-14,16.7945,13.46
2015-09-15,16.5849,13.30
2015-09-16,16.5011,13.23
2015-09-17,16.564,13.28
2015-09-18,16.5361,13.26
2015-09-21,16.3825,13.13
2015-09-22,16.131,12.93
2015-09-23,16.2358,13.01
2015-09-24,16.5292,13.25
2015-09-25,17.144,13.74
2015-09-28,16.648,13.34
2015-09-29,16.8855,13.53
2015-09-30,16.9554,13.59
2015-10-01,16.8715,13.52
2015-10-02,17.3676,13.92
2015-10-05,17.8217,14.28
2015-10-06,17.8985,14.34
2015-10-07,17.6121,14.11
2015-10-08,17.9471,14.38
2015-10-09,18.3856,14.73
2015-10-12,18.7889,15.05
2015-10-13,18.7738,15.04
2015-10-14,18.8147,15.07
2015-10-15,18.6852,14.97
2015-10-16,17.6086,14.11
2015-10-19,17.3496,13.90
2015-10-20,17.4587,13.98
2015-10-21,16.9476,13.57
2015-10-22,16.784,13.44
2015-10-23,16.6001,13.30
2015-10-26,16.4502,13.17
2015-10-27,16.4365,13.16
2015-10-28,16.6887,13.36
2015-10-29,16.8522,13.50
2015-10-30,16.934,13.56
2015-11-02,16.6478,13.33
2015-11-03,16.8455,13.49
2015-11-04,16.8864,13.52
2015-11-05,16.9342,13.56
2015-11-06,16.5117,13.22
2015-11-09,16.5392,13.24
2015-11-10,16.3143,13.06
2015-11-11,16.3757,13.11
2015-11-12,16.185,12.96
2015-11-13,15.783,12.64
2015-11-16,16.1103,12.90
2015-11-17,16.1171,12.90
2015-11-18,15.7765,12.63
2015-11-19,16.6556,13.33
2015-11-20,16.9556,13.57
2015-11-23,16.69,13.36
2015-11-24,16.9695,13.58
2015-11-25,17.1126,13.70
2015-11-27,16.847,13.48
2015-11-30,16.3088,13.05
2015-12-01,16.3429,13.08
2015-12-02,16.418,13.14
2015-12-03,17.0179,13.62
2015-12-04,17.3042,13.85
2015-12-07,17.1818,13.75
2015-12-08,17.0669,13.65
2015-12-09,17.2796,13.82
2015-12-10,17.2155,13.77
2015-12-11,16.5419,13.23
2015-12-14,16.3905,13.11
2015-12-15,16.3906,13.11
2015-12-16,16.3115,13.05
2015-12-17,16.1928,12.95
2015-12-18,16.292,13.03
2015-12-21,16.0877,12.87
2015-12-22,16.2925,13.03
2015-12-23,16.5104,13.20
2015-12-24,16.3653,13.09
2015-12-28,16.2998,13.04
2015-12-29,16.5838,13.26
2015-12-30,16.8612,13.48
2015-12-31,17.264,13.81
2016-01-04,16.8948,13.51
2016-01-05,16.7826,13.42
2016-01-06,16.3866,13.10
2016-01-07,16.1886,12.94
2016-01-08,16.2614,13.00
2016-01-11,15.6873,12.54
2016-01-12,15.6807,12.54
2016-01-13,15.7403,12.58
2016-01-14,15.8724,12.69
2016-01-15,15.7471,12.59
2016-01-19,15.8399,12.66
2016-01-20,15.3184,12.24
2016-01-21,15.6684,12.52
2016-01-22,15.8666,12.68
2016-01-25,15.9264,12.73
2016-01-26,15.9331,12.73
2016-01-27,16.1181,12.88
2016-01-28,16.2437,12.98
2016-01-29,15.8807,12.69
2016-02-01,16.0462,12.82
2016-02-02,16.3237,13.04
2016-02-03,16.5352,13.21
2016-02-04,16.7598,13.39
2016-02-05,16.41,13.11
2016-02-08,15.8493,12.66
2016-02-09,15.7076,12.55
2016-02-10,15.7012,12.54
2016-02-11,15.4598,12.35
2016-02-12,15.7527,12.58
2016-02-16,15.6817,12.53
2016-02-17,15.6558,12.51
2016-02-18,15.5909,12.45
2016-02-19,15.6366,12.49
2016-02-22,16.1185,12.87
2016-02-23,15.9429,12.73
2016-02-24,15.6828,12.52
2016-02-25,15.5788,12.44
2016-02-26,15.4748,12.36
2016-02-29,15.4622,12.35
2016-03-01,15.4168,12.31
2016-03-02,15.5081,12.38
2016-03-03,15.788,12.61
2016-03-04,16.1982,12.93
2016-03-07,16.1921,12.93
2016-03-08,16.3159,13.03
2016-03-09,16.4072,13.10
2016-03-10,16.3748,13.07
2016-03-11,16.8175,13.43
2016-03-14,16.9936,13.57
2016-03-15,16.805,13.41
2016-03-16,17.2152,13.74
2016-03-17,17.658,14.09
2016-03-18,17.9185,14.30
2016-03-21,17.5675,14.02
2016-03-22,17.9842,14.35
2016-03-23,17.5287,13.99
2016-03-24,17.0863,13.64
2016-03-28,17.2235,13.74
2016-03-29,17.074,13.62
2016-03-30,17.0155,13.58
2016-03-31,17.0873,13.63
2016-04-01,17.0614,13.61
2016-04-04,16.502,13.17
2016-04-05,16.2547,12.97
2016-04-06,16.3264,13.03
2016-04-07,16.1117,12.85
2016-04-08,16.1834,12.91
2016-04-11,16.5222,13.18
2016-04-12,16.659,13.29
2016-04-13,16.3206,13.02
2016-04-14,16.516,13.17
2016-04-15,16.4836,13.15
2016-04-18,16.6206,13.26
2016-04-19,16.8746,13.46
2016-04-20,16.9854,13.55
2016-04-21,16.3866,13.07
2016-04-22,16.2825,12.99
2016-04-25,16.3153,13.01
2016-04-26,16.5889,13.23
2016-04-27,16.0551,12.80
2016-04-28,15.9836,12.75
2016-04-29,16.0619,12.81
2016-05-02,15.8213,12.62
2016-05-03,15.7758,12.58
2016-05-04,15.828,12.62
2016-05-05,16.0495,12.80
2016-05-06,16.4402,13.11
2016-05-09,16.6805,13.30
2016-05-10,16.9844,13.54
2016-05-11,17.1197,13.65
2016-05-12,17.1763,13.69
2016-05-13,17.202,13.71
2016-05-16,17.637,14.06
2016-05-17,17.5412,13.98
2016-05-18,17.2281,13.73
2016-05-19,16.4548,13.12
2016-05-20,16.5444,13.19
2016-05-23,16.2251,12.93
2016-05-24,16.1805,12.90
2016-05-25,16.1231,12.85
2016-05-26,16.1361,12.86
2016-05-27,16.1107,12.84
2016-05-31,16.1305,12.85
2016-06-01,16.169,12.88
2016-06-02,16.3098,13.00
2016-06-03,16.8214,13.40
2016-06-06,17.4101,13.87
2016-06-07,17.4934,13.94
2016-06-08,18.4398,14.69
2016-06-09,17.6983,14.10
2016-06-10,18.0628,14.39
2016-06-13,18.1336,14.44
2016-06-14,17.8716,14.24
2016-06-15,18.249,14.54
2016-06-16,18.4218,14.67
2016-06-17,18.5881,14.81
2016-06-20,18.3903,14.65
2016-06-21,18.3585,14.62
2016-06-22,18.2052,14.50
2016-06-23,18.6146,14.82
2016-06-24,17.8921,14.25
2016-06-27,17.771,14.15
2016-06-28,18.3211,14.59
2016-06-29,18.8264,14.99
2016-06-30,18.9672,15.10
2016-07-01,19.0761,15.19
2016-07-05,18.9807,15.11
2016-07-06,18.7123,14.90
2016-07-07,18.5206,14.74
2016-07-08,18.8085,14.97
2016-07-11,19.4612,15.49
2016-07-12,19.2184,15.30
2016-07-13,19.2569,15.33
2016-07-14,19.8391,15.79
2016-07-15,19.2508,15.32
2016-07-18,19.4944,15.52
2016-07-19,19.1236,15.22
2016-07-20,19.1813,15.27
2016-07-21,19.1751,15.26
2016-07-22,18.5485,14.76
2016-07-25,18.4466,14.68
2016-07-26,18.5172,14.74
2016-07-27,18.4661,14.69
2016-07-28,18.5942,14.80
2016-07-29,19.1253,15.22
2016-08-01,18.774,14.94
2016-08-02,18.4991,14.72
2016-08-03,18.4033,14.64
2016-08-04,18.6401,14.83
2016-08-05,18.6978,14.88
2016-08-08,18.5256,14.74
2016-08-09,18.5193,14.73
2016-08-10,18.2124,14.49
2016-08-11,18.0591,14.37
2016-08-12,17.9569,14.28
2016-08-15,17.9829,14.30
2016-08-16,18.0086,14.32
2016-08-17,17.6697,14.05
2016-08-18,18.0985,14.39
