Date,Index_Level,iPath_Seasonal_Natural_Gas_ETN
2011-04-20,168.0654,50.00
2011-04-21,171.0406,50.88
2011-04-22,171.0406,50.88
2011-04-23,171.0406,50.88
2011-04-24,171.0406,50.88
2011-04-25,170.9734,50.86
2011-04-26,170.7343,50.79
2011-04-27,169.401,50.39
2011-04-28,173.2311,51.53
2011-04-29,176.6167,52.53
2011-04-30,176.6167,52.53
2011-05-01,176.6167,52.53
2011-05-02,177.4041,52.76
2011-05-03,177.3018,52.73
2011-05-04,174.1219,51.78
2011-05-05,164.6501,48.97
2011-05-06,163.7613,48.70
2011-05-07,163.7613,48.70
2011-05-08,163.7613,48.70
2011-05-09,161.3683,47.99
2011-05-10,163.8647,48.73
2011-05-11,162.3602,48.28
2011-05-12,163.2494,48.54
2011-05-13,164.4122,48.89
2011-05-14,164.4122,48.89
2011-05-15,164.4122,48.88
2011-05-16,166.5669,49.52
2011-05-17,162.9423,48.45
2011-05-18,163.6605,48.66
2011-05-19,160.4804,47.71
2011-05-20,163.9343,48.74
2011-05-21,163.9343,48.74
2011-05-22,163.9343,48.73
2011-05-23,167.0465,49.66
2011-05-24,166.7048,49.56
2011-05-25,167.7993,49.88
2011-05-26,165.4742,49.19
2011-05-27,169.9883,50.53
2011-05-28,169.9883,50.53
2011-05-29,169.9883,50.53
2011-05-30,169.9883,50.52
2011-05-31,173.5457,51.58
2011-06-01,172.5543,51.29
2011-06-02,175.94,52.29
2011-06-03,173.5807,51.59
2011-06-04,173.5807,51.59
2011-06-05,173.5807,51.59
2011-06-06,177.0012,52.60
2011-06-07,177.5486,52.76
2011-06-08,178.1302,52.93
2011-06-09,172.5906,51.29
2011-06-10,175.053,52.02
2011-06-11,175.053,52.02
2011-06-12,175.053,52.01
2011-06-13,171.7024,51.02
2011-06-14,169.856,50.47
2011-06-15,170.1298,50.55
2011-06-16,165.4793,49.17
2011-06-17,162.3676,48.24
2011-06-18,162.3676,48.24
2011-06-19,162.3676,48.24
2011-06-20,162.3683,48.24
2011-06-21,164.3519,48.82
2011-06-22,162.0266,48.13
2011-06-23,157.8205,46.88
2011-06-24,158.8466,47.19
2011-06-25,158.8466,47.18
2011-06-26,158.8466,47.18
2011-06-27,158.8813,47.19
2011-06-28,161.3778,47.93
2011-06-29,159.9074,47.50
2011-06-30,162.062,48.13
2011-07-01,160.5232,47.68
2011-07-02,160.5232,47.68
2011-07-03,160.5232,47.67
2011-07-04,160.5232,47.67
2011-07-05,161.9941,48.11
2011-07-06,157.8905,46.89
2011-07-07,155.0864,46.05
2011-07-08,157.3094,46.71
2011-07-09,157.3094,46.71
2011-07-10,157.3094,46.71
2011-07-11,159.2248,47.28
2011-07-12,159.8747,47.47
2011-07-13,161.9951,48.10
2011-07-14,160.5931,47.68
2011-07-15,164.697,48.90
2011-07-16,164.697,48.90
2011-07-17,164.697,48.90
2011-07-18,164.9026,48.96
2011-07-19,164.3555,48.79
2011-07-20,162.7483,48.32
2011-07-21,159.4654,47.34
2011-07-22,159.6365,47.39
2011-07-23,159.6365,47.39
2011-07-24,159.6365,47.39
2011-07-25,158.7476,47.12
2011-07-26,158.1323,46.94
2011-07-27,157.859,46.86
2011-07-28,155.4312,46.13
2011-07-29,152.593,45.29
2011-07-30,152.593,45.29
2011-07-31,152.593,45.29
2011-08-01,154.0643,45.72
2011-08-02,153.1414,45.45
2011-08-03,151.3294,44.91
2011-08-04,146.9524,43.61
2011-08-05,148.0814,43.95
2011-08-06,148.0814,43.94
2011-08-07,148.0814,43.94
2011-08-08,148.4248,44.04
2011-08-09,150.0666,44.53
2011-08-10,150.5456,44.67
2011-08-11,153.7947,45.63
2011-08-12,151.8797,45.06
2011-08-13,151.8797,45.06
2011-08-14,151.8797,45.06
2011-08-15,150.8543,44.76
2011-08-16,147.8107,43.85
2011-08-17,147.503,43.76
2011-08-18,146.0668,43.33
2011-08-19,147.2981,43.70
2011-08-20,147.2981,43.70
2011-08-21,147.2981,43.70
2011-08-22,144.4941,42.86
2011-08-23,146.2383,43.38
2011-08-24,143.7418,42.64
2011-08-25,145.1441,43.05
2011-08-26,146.136,43.35
2011-08-27,146.136,43.35
2011-08-28,146.136,43.34
2011-08-29,143.195,42.47
2011-08-30,145.1103,43.04
2011-08-31,150.001,44.49
2011-09-01,149.8301,44.44
2011-09-02,144.0162,42.71
2011-09-03,144.0162,42.71
2011-09-04,144.0162,42.71
2011-09-05,144.0162,42.71
2011-09-06,145.658,43.19
2011-09-07,145.3845,43.11
2011-09-08,145.8634,43.25
2011-09-09,143.5037,42.55
2011-09-10,143.5037,42.55
2011-09-11,143.5037,42.55
2011-09-12,142.6833,42.31
2011-09-13,145.5904,43.17
2011-09-14,147.6425,43.77
2011-09-15,143.4701,42.54
2011-09-16,142.1021,42.13
2011-09-17,142.1021,42.13
2011-09-18,142.1021,42.13
2011-09-19,142.6836,42.30
2011-09-20,141.6576,41.99
2011-09-21,140.187,41.56
2011-09-22,138.3402,41.01
2011-09-23,137.5194,40.76
2011-09-24,137.5194,40.76
2011-09-25,137.5194,40.76
2011-09-26,140.1187,41.53
2011-09-27,140.3582,41.60
2011-09-28,138.2037,40.96
2011-09-29,137.3146,40.70
2011-09-30,135.5021,40.16
2011-10-01,135.5021,40.16
2011-10-02,135.5021,40.16
2011-10-03,134.3395,39.81
2011-10-04,134.8868,39.97
2011-10-05,132.8348,39.36
2011-10-06,133.9293,39.69
2011-10-07,130.6461,38.71
2011-10-08,130.6461,38.71
2011-10-09,130.6461,38.71
2011-10-10,131.0473,38.83
2011-10-11,131.421,38.94
2011-10-12,129.8547,38.48
2011-10-13,130.1561,38.56
2011-10-14,132.757,39.33
2011-10-15,132.757,39.33
2011-10-16,132.757,39.33
2011-10-17,131.6711,39.01
2011-10-18,129.0704,38.24
2011-10-19,129.6135,38.40
2011-10-20,129.385,38.33
2011-10-21,128.5563,38.08
2011-10-22,128.5563,38.08
2011-10-23,128.5563,38.08
2011-10-24,127.9278,37.89
2011-10-25,129.3855,38.32
2011-10-26,128.1852,37.97
2011-10-27,127.8709,37.87
2011-10-28,130.9577,38.79
2011-10-29,130.9577,38.79
2011-10-30,130.9577,38.79
2011-10-31,131.3295,38.89
2011-11-01,128.5286,38.06
2011-11-02,127.2425,37.68
2011-11-03,127.5855,37.78
2011-11-04,127.3569,37.71
2011-11-05,127.3569,37.71
2011-11-06,127.3569,37.71
2011-11-07,125.6136,37.20
2011-11-08,126.5282,37.47
2011-11-09,124.0702,36.74
2011-11-10,123.5272,36.58
2011-11-11,122.4411,36.25
2011-11-12,122.4411,36.25
2011-11-13,122.4411,36.25
2011-11-14,120.8692,35.79
2011-11-15,119.8689,35.49
2011-11-16,118.8114,35.17
2011-11-17,119.8118,35.47
2011-11-18,119.0973,35.26
2011-11-19,119.0973,35.26
2011-11-20,119.0973,35.26
2011-11-21,120.9266,35.80
2011-11-22,120.7552,35.74
2011-11-23,121.8413,36.07
2011-11-24,121.8413,36.06
2011-11-25,123.4705,36.55
2011-11-26,123.4705,36.55
2011-11-27,123.4705,36.54
2011-11-28,120.7554,35.74
2011-11-29,122.7848,36.34
2011-11-30,121.5273,35.97
2011-12-01,123.5852,36.57
2011-12-02,122.8136,36.35
2011-12-03,122.8136,36.34
2011-12-04,122.8136,36.34
2011-12-05,120.213,35.57
2011-12-06,120.5846,35.68
2011-12-07,118.9269,35.19
2011-12-08,118.6697,35.11
2011-12-09,115.097,34.06
2011-12-10,115.097,34.06
2011-12-11,115.097,34.05
2011-12-12,113.5537,33.60
2011-12-13,114.2111,33.79
2011-12-14,111.4387,32.97
2011-12-15,110.8099,32.78
2011-12-16,110.9243,32.82
2011-12-17,110.9243,32.82
2011-12-18,110.9243,32.81
2011-12-19,110.2956,32.63
2011-12-20,111.4103,32.96
2011-12-21,112.2392,33.20
2011-12-22,112.525,33.29
2011-12-23,111.296,32.92
2011-12-24,111.296,32.92
2011-12-25,111.296,32.92
2011-12-26,111.296,32.92
2011-12-27,111.4104,32.95
2011-12-28,110.4101,32.66
2011-12-29,108.1522,31.99
2011-12-30,107.3806,31.76
2011-12-31,107.3806,31.76
2012-01-01,107.3806,31.76
2012-01-02,107.3806,31.76
2012-01-03,107.2094,31.70
2012-01-04,109.3245,32.33
2012-01-05,106.8094,31.58
2012-01-06,108.1814,31.99
2012-01-07,108.1814,31.99
2012-01-08,108.1814,31.99
2012-01-09,107.2098,31.70
2012-01-10,105.6378,31.23
2012-01-11,102.3224,30.25
2012-01-12,101.2077,29.92
2012-01-13,100.3503,29.67
2012-01-14,100.3503,29.67
2012-01-15,100.3503,29.67
2012-01-16,100.3503,29.67
2012-01-17,96.006,28.38
2012-01-18,95.3201,28.18
2012-01-19,91.776,27.13
2012-01-20,93.0622,27.51
2012-01-21,93.0622,27.51
2012-01-22,93.0622,27.51
2012-01-23,98.4644,29.10
2012-01-24,99.9793,29.55
2012-01-25,102.5804,30.32
2012-01-26,99.608,29.44
2012-01-27,102.0662,30.17
2012-01-28,102.0662,30.17
2012-01-29,102.0662,30.16
2012-01-30,100.3802,29.67
2012-01-31,96.4932,28.52
2012-02-01,94.464,27.92
2012-02-02,99.5803,29.43
2012-02-03,100.2378,29.62
2012-02-04,100.2378,29.62
2012-02-05,100.2378,29.62
2012-02-06,102.4105,30.26
2012-02-07,98.9237,29.23
2012-02-08,98.1808,29.01
2012-02-09,99.3529,29.36
2012-02-10,100.868,29.80
2012-02-11,100.868,29.80
2012-02-12,100.868,29.80
2012-02-13,100.8115,29.78
2012-02-14,102.1837,30.19
2012-02-15,100.6405,29.73
2012-02-16,101.8127,30.08
2012-02-17,103.1564,30.47
2012-02-18,103.1564,30.47
2012-02-19,103.1564,30.47
2012-02-20,103.1564,30.47
2012-02-21,102.7002,30.34
2012-02-22,103.2721,30.50
2012-02-23,103.0437,30.44
2012-02-24,101.4718,29.97
2012-02-25,101.4718,29.97
2012-02-26,101.4718,29.97
2012-02-27,98.4998,29.09
2012-02-28,95.7275,28.27
2012-02-29,97.5572,28.81
2012-03-01,94.8992,28.03
2012-03-02,95.6141,28.24
2012-03-03,95.6141,28.24
2012-03-04,95.6141,28.23
2012-03-05,92.9853,27.46
2012-03-06,92.128,27.20
2012-03-07,90.7276,26.79
2012-03-08,90.6992,26.78
2012-03-09,92.7575,27.39
2012-03-10,92.7575,27.39
2012-03-11,92.7575,27.39
2012-03-12,91.9292,27.14
2012-03-13,93.3873,27.57
2012-03-14,94.9883,28.04
2012-03-15,95.5317,28.20
2012-03-16,95.9036,28.31
2012-03-17,95.9036,28.31
2012-03-18,95.9036,28.31
2012-03-19,96.8191,28.58
2012-03-20,95.4187,28.17
2012-03-21,95.7048,28.25
2012-03-22,94.4473,27.88
2012-03-23,94.3618,27.85
2012-03-24,94.3618,27.85
2012-03-25,94.3618,27.85
2012-03-26,93.848,27.70
2012-03-27,93.5624,27.61
2012-03-28,93.2768,27.53
2012-03-29,90.0468,26.58
2012-03-30,90.9332,26.84
2012-03-31,90.9332,26.84
2012-04-01,90.9332,26.84
2012-04-02,92.6204,27.33
2012-04-03,93.1352,27.48
2012-04-04,92.335,27.25
2012-04-05,90.5628,26.72
2012-04-06,90.5628,26.72
2012-04-07,90.5628,26.72
2012-04-08,90.5628,26.72
2012-04-09,91.1639,26.90
2012-04-10,89.7348,26.48
2012-04-11,88.5629,26.13
2012-04-12,87.7055,25.88
2012-04-13,87.5628,25.83
2012-04-14,87.5628,25.83
2012-04-15,87.5628,25.83
2012-04-16,87.5062,25.81
2012-04-17,86.3343,25.47
2012-04-18,85.9057,25.34
2012-04-19,84.2478,24.85
2012-04-20,84.0765,24.80
2012-04-21,84.0765,24.80
2012-04-22,84.0765,24.80
2012-04-23,84.5916,24.95
2012-04-24,85.1064,25.10
2012-04-25,87.2793,25.74
2012-04-26,87.451,25.79
2012-04-27,88.8806,26.21
2012-04-28,88.8806,26.21
2012-04-29,88.8806,26.21
2012-04-30,90.9681,26.83
2012-05-01,92.2834,27.21
2012-05-02,89.9966,26.54
2012-05-03,92.1696,27.18
2012-05-04,90.9691,26.83
2012-05-05,90.9691,26.82
2012-05-06,90.9691,26.82
2012-05-07,92.7709,27.35
2012-05-08,94.1148,27.75
2012-05-09,95.8018,28.25
2012-05-10,96.4596,28.44
2012-05-11,96.0024,28.30
2012-05-12,96.0024,28.30
2012-05-13,96.0024,28.30
2012-05-14,94.0019,27.71
2012-05-15,95.403,28.13
2012-05-16,97.6904,28.80
2012-05-17,97.2332,28.66
2012-05-18,99.1775,29.24
2012-05-19,99.1775,29.24
2012-05-20,99.1775,29.23
2012-05-21,95.9476,28.28
2012-05-22,97.5489,28.75
2012-05-23,97.1489,28.63
2012-05-24,95.0906,28.03
2012-05-25,93.8043,27.65
2012-05-26,93.8043,27.65
2012-05-27,93.8043,27.65
2012-05-28,93.8043,27.65
2012-05-29,90.7746,26.75
2012-05-30,88.9164,26.20
2012-05-31,90.2318,26.59
2012-06-01,88.345,26.03
2012-06-02,88.345,26.03
2012-06-03,88.345,26.03
2012-06-04,89.8895,26.49
2012-06-05,90.5187,26.67
2012-06-06,90.3473,26.62
2012-06-07,88.3747,26.04
2012-06-08,89.0896,26.25
2012-06-09,89.0896,26.25
2012-06-10,89.0896,26.25
2012-06-11,87.3747,25.74
2012-06-12,87.4035,25.75
2012-06-13,85.9456,25.32
2012-06-14,91.4353,26.94
2012-06-15,90.6635,26.71
2012-06-16,90.6635,26.71
2012-06-17,90.6635,26.71
2012-06-18,93.1802,27.45
2012-06-19,91.8366,27.05
2012-06-20,92.1799,27.15
2012-06-21,92.752,27.32
2012-06-22,94.0103,27.69
2012-06-23,94.0103,27.69
2012-06-24,94.0103,27.69
2012-06-25,94.4399,27.81
2012-06-26,95.9841,28.27
2012-06-27,95.241,28.05
2012-06-28,94.0118,27.69
2012-06-29,95.9277,28.25
2012-06-30,95.9277,28.25
2012-07-01,95.9277,28.25
2012-07-02,96.1286,28.31
2012-07-03,98.0446,28.87
2012-07-04,98.0446,28.87
2012-07-05,98.5884,29.03
2012-07-06,94.3283,27.77
2012-07-07,94.3283,27.77
2012-07-08,94.3283,27.77
2012-07-09,96.6737,28.46
2012-07-10,94.1577,27.72
2012-07-11,96.4168,28.39
2012-07-12,96.9889,28.55
2012-07-13,97.1893,28.61
2012-07-14,97.1893,28.61
2012-07-15,97.1893,28.61
2012-07-16,94.9883,27.96
2012-07-17,94.817,27.91
2012-07-18,97.3335,28.65
2012-07-19,96.5903,28.43
2012-07-20,98.6779,29.05
2012-07-21,98.6779,29.05
2012-07-22,98.6779,29.04
2012-07-23,99.0218,29.15
2012-07-24,100.7949,29.67
2012-07-25,99.0509,29.15
2012-07-26,100.5381,29.59
2012-07-27,99.1658,29.19
2012-07-28,99.1658,29.18
2012-07-29,99.1658,29.18
2012-07-30,102.9983,30.31
2012-07-31,102.3409,30.12
2012-08-01,101.226,29.79
2012-08-02,95.0212,27.96
2012-08-03,93.7061,27.57
2012-08-04,93.7061,27.57
2012-08-05,93.7061,27.57
2012-08-06,95.0223,27.96
2012-08-07,97.4818,28.68
2012-08-08,97.9396,28.82
2012-08-09,97.7969,28.77
2012-08-10,94.6803,27.86
2012-08-11,94.6803,27.86
2012-08-12,94.6803,27.85
2012-08-13,93.6802,27.56
2012-08-14,95.5964,28.12
2012-08-15,93.5664,27.52
2012-08-16,92.5658,27.23
2012-08-17,92.5089,27.21
2012-08-18,92.5089,27.21
2012-08-19,92.5089,27.21
2012-08-20,93.9396,27.63
2012-08-21,93.1106,27.39
2012-08-22,94.2547,27.72
2012-08-23,94.112,27.68
2012-08-24,91.9103,27.03
2012-08-25,91.9103,27.03
2012-08-26,91.9103,27.03
2012-08-27,89.9093,26.44
2012-08-28,87.9936,25.88
2012-08-29,89.7097,26.38
2012-08-30,91.1112,26.79
2012-08-31,92.0838,27.08
2012-09-01,92.0838,27.08
2012-09-02,92.0838,27.08
2012-09-03,92.0838,27.08
2012-09-04,92.6854,27.25
2012-09-05,90.9412,26.74
2012-09-06,90.1121,26.50
2012-09-07,88.0533,25.89
2012-09-08,88.0533,25.89
2012-09-09,88.0533,25.89
2012-09-10,90.971,26.75
2012-09-11,95.0608,27.95
2012-09-12,97.5205,28.67
2012-09-13,96.8058,28.46
2012-09-14,95.033,27.94
2012-09-15,95.033,27.94
2012-09-16,95.033,27.94
2012-09-17,93.6039,27.51
2012-09-18,92.7462,27.26
2012-09-19,92.5177,27.19
2012-09-20,92.947,27.32
2012-09-21,95.9788,28.21
2012-09-22,95.9788,28.21
2012-09-23,95.9788,28.21
2012-09-24,95.0931,27.95
2012-09-25,96.7236,28.43
2012-09-26,99.7554,29.32
2012-09-27,102.2439,30.05
2012-09-28,103.3882,30.38
2012-09-29,103.3882,30.38
2012-09-30,103.3882,30.38
2012-10-01,107.3073,31.53
2012-10-02,107.7938,31.67
2012-10-03,104.7624,30.78
2012-10-04,105.2489,30.93
2012-10-05,105.3063,30.94
2012-10-06,105.3063,30.94
2012-10-07,105.3063,30.94
2012-10-08,105.8685,31.10
2012-10-09,107.5701,31.60
2012-10-10,107.6493,31.63
2012-10-11,109.4603,32.16
2012-10-12,108.5568,31.89
2012-10-13,108.5568,31.89
2012-10-14,108.5568,31.89
2012-10-15,107.0263,31.44
2012-10-16,107.2275,31.50
2012-10-17,108.3074,31.81
2012-10-18,109.4877,32.16
2012-10-19,110.0404,32.32
2012-10-20,110.0404,32.32
2012-10-21,110.0404,32.32
2012-10-22,107.3801,31.54
2012-10-23,108.937,32.00
2012-10-24,107.2552,31.50
2012-10-25,108.0338,31.73
2012-10-26,106.9043,31.40
2012-10-27,106.9043,31.40
2012-10-28,106.9043,31.39
2012-10-29,106.9043,31.39
2012-10-30,106.9043,31.39
2012-10-31,106.5042,31.27
2012-11-01,106.7556,31.35
2012-11-02,103.7933,30.48
2012-11-03,103.7933,30.48
2012-11-04,103.7933,30.48
2012-11-05,103.6688,30.44
2012-11-06,105.2007,30.89
2012-11-07,104.4478,30.67
2012-11-08,105.126,30.86
2012-11-09,102.8917,30.21
2012-11-10,102.8917,30.21
2012-11-11,102.8917,30.21
2012-11-12,104.3238,30.63
2012-11-13,107.2115,31.47
2012-11-14,107.5884,31.58
2012-11-15,106.1575,31.16
2012-11-16,107.4383,31.54
2012-11-17,107.4383,31.54
2012-11-18,107.4383,31.54
2012-11-19,106.4098,31.23
2012-11-20,108.3685,31.81
2012-11-21,109.8502,32.24
2012-11-22,109.8502,32.24
2012-11-23,110.0265,32.29
2012-11-24,110.0265,32.29
2012-11-25,110.0265,32.29
2012-11-26,107.6671,31.60
2012-11-27,108.1947,31.75
2012-11-28,106.4123,31.23
2012-11-29,103.5251,30.38
2012-11-30,101.7677,29.86
2012-12-01,101.7677,29.86
2012-12-02,101.7677,29.86
2012-12-03,102.572,30.10
2012-12-04,101.5177,29.79
2012-12-05,104.5562,30.68
2012-12-06,103.9538,30.50
2012-12-07,102.1713,29.98
2012-12-08,102.1713,29.98
2012-12-09,102.1713,29.98
2012-12-10,100.4646,29.47
2012-12-11,99.2847,29.13
2012-12-12,98.5568,28.91
2012-12-13,98.5319,28.90
2012-12-14,98.1304,28.79
2012-12-15,98.1304,28.79
2012-12-16,98.1304,28.79
2012-12-17,98.7087,28.95
2012-12-18,100.0899,29.36
2012-12-19,98.5081,28.89
2012-12-20,101.5466,29.78
2012-12-21,101.2454,29.70
2012-12-22,101.2454,29.69
2012-12-23,101.2454,29.69
2012-12-24,99.94,29.31
2012-12-25,99.94,29.31
2012-12-26,100.3169,29.42
2012-12-27,99.8903,29.29
2012-12-28,101.2967,29.71
2012-12-29,101.2967,29.70
2012-12-30,101.2967,29.70
2012-12-31,99.1379,29.07
2013-01-01,99.1379,29.07
2013-01-02,97.2048,28.50
2013-01-03,96.3763,28.26
2013-01-04,98.0338,28.74
2013-01-05,98.0338,28.74
2013-01-06,98.0338,28.74
2013-01-07,97.8837,28.70
2013-01-08,97.005,28.44
2013-01-09,95.0214,27.86
2013-01-10,96.4278,28.27
2013-01-11,98.4118,28.85
2013-01-12,98.4118,28.85
2013-01-13,98.4118,28.85
2013-01-14,99.0652,29.04
2013-01-15,100.2205,29.38
2013-01-16,100.0198,29.32
2013-01-17,101.2756,29.69
2013-01-18,102.6318,30.08
2013-01-19,102.6318,30.08
2013-01-20,102.6318,30.08
2013-01-21,102.6318,30.08
2013-01-22,102.6829,30.09
2013-01-23,102.9342,30.17
2013-01-24,101.2017,29.66
2013-01-25,101.6288,29.78
2013-01-26,101.6288,29.78
2013-01-27,101.6288,29.78
2013-01-28,98.6913,28.92
2013-01-29,97.7875,28.66
2013-01-30,99.2191,29.07
2013-01-31,99.4955,29.15
2013-02-01,98.5414,28.87
2013-02-02,98.5414,28.87
2013-02-03,98.5414,28.87
2013-02-04,99.1949,29.06
2013-02-05,100.6516,29.49
2013-02-06,100.702,29.50
2013-02-07,98.4421,28.84
2013-02-08,98.3167,28.80
2013-02-09,98.3167,28.80
2013-02-10,98.3167,28.80
2013-02-11,98.694,28.91
2013-02-12,97.4135,28.54
2013-02-13,98.7949,28.94
2013-02-14,96.0327,28.13
2013-02-15,95.4553,27.96
2013-02-16,95.4553,27.96
2013-02-17,95.4553,27.96
2013-02-18,95.4553,27.96
2013-02-19,97.3648,28.52
2013-02-20,97.1391,28.45
2013-02-21,96.4111,28.24
2013-02-22,97.3657,28.52
2013-02-23,97.3657,28.51
2013-02-24,97.3657,28.51
2013-02-25,99.7776,29.22
2013-02-26,99.4264,29.12
2013-02-27,99.2258,29.06
2013-02-28,100.2056,29.34
2013-03-01,99.8292,29.23
2013-03-02,99.8292,29.23
2013-03-03,99.8292,29.23
2013-03-04,101.0608,29.59
2013-03-05,101.1365,29.61
2013-03-06,99.9313,29.26
2013-03-07,101.7901,29.80
2013-03-08,102.7197,30.07
2013-03-09,102.7197,30.07
2013-03-10,102.7197,30.07
2013-03-11,103.0471,30.17
2013-03-12,102.6455,30.05
2013-03-13,103.0727,30.17
2013-03-14,105.1826,30.79
2013-03-15,106.5893,31.20
2013-03-16,106.5893,31.20
2013-03-17,106.5893,31.20
2013-03-18,106.4143,31.15
2013-03-19,108.0219,31.62
2013-03-20,107.6957,31.52
2013-03-21,107.4699,31.45
2013-03-22,107.445,31.45
2013-03-23,107.445,31.45
2013-03-24,107.445,31.45
2013-03-25,105.989,31.02
2013-03-26,108.2999,31.69
2013-03-27,109.8573,32.15
2013-03-28,109.0287,31.91
2013-03-29,109.0287,31.91
2013-03-30,109.0287,31.90
2013-03-31,109.0287,31.90
2013-04-01,109.3561,32.00
2013-04-02,108.628,31.79
2013-04-03,106.9454,31.29
2013-04-04,107.8749,31.56
2013-04-05,110.9393,32.46
2013-04-06,110.9393,32.46
2013-04-07,110.9393,32.46
2013-04-08,109.9604,32.17
2013-04-09,108.5792,31.77
2013-04-10,110.011,32.18
2013-04-11,111.8196,32.71
2013-04-12,114.1305,33.39
2013-04-13,114.1305,33.39
2013-04-14,114.1305,33.39
2013-04-15,111.8957,32.73
2013-04-16,112.147,32.80
2013-04-17,113.6793,33.25
2013-04-18,117.447,34.35
2013-04-19,117.6732,34.42
2013-04-20,117.6732,34.42
2013-04-21,117.6732,34.42
2013-04-22,114.3332,33.44
2013-04-23,114.1827,33.39
2013-04-24,112.3995,32.87
2013-04-25,112.5252,32.91
2013-04-26,113.2538,33.12
2013-04-27,113.2538,33.12
2013-04-28,113.2538,33.12
2013-04-29,117.8256,34.45
2013-04-30,116.9467,34.20
2013-05-01,116.7459,34.14
2013-05-02,109.8639,32.12
2013-05-03,110.0901,32.19
2013-05-04,110.0901,32.19
2013-05-05,110.0901,32.19
2013-05-06,109.4877,32.01
2013-05-07,107.5538,31.45
2013-05-08,108.9856,31.86
2013-05-09,108.9606,31.85
2013-05-10,106.876,31.24
2013-05-11,106.876,31.24
2013-05-12,106.876,31.24
2013-05-13,106.801,31.22
2013-05-14,108.5594,31.73
2013-05-15,109.7401,32.08
2013-05-16,106.927,31.26
2013-05-17,109.7655,32.08
2013-05-18,109.7655,32.08
2013-05-19,109.7655,32.08
2013-05-20,110.8962,32.41
2013-05-21,113.0063,33.03
2013-05-22,112.7804,32.96
2013-05-23,113.936,33.30
2013-05-24,113.5594,33.19
2013-05-25,113.5594,33.19
2013-05-26,113.5594,33.19
2013-05-27,113.5594,33.19
2013-05-28,112.0529,32.74
2013-05-29,111.199,32.49
2013-05-30,107.5821,31.44
2013-05-31,106.4519,31.11
2013-06-01,106.4519,31.10
2013-06-02,106.4519,31.10
2013-06-03,106.3267,31.07
2013-06-04,106.5529,31.13
2013-06-05,106.6786,31.17
2013-06-06,102.6849,30.00
2013-06-07,103.0367,30.10
2013-06-08,103.0367,30.10
2013-06-09,103.0367,30.10
2013-06-10,102.5096,29.95
2013-06-11,100.6007,29.39
2013-06-12,102.0326,29.81
2013-06-13,102.8114,30.03
2013-06-14,100.8271,29.45
2013-06-15,100.8271,29.45
2013-06-16,100.8271,29.45
2013-06-17,103.6157,30.26
2013-06-18,104.3694,30.48
2013-06-19,105.5501,30.83
2013-06-20,103.7165,30.29
2013-06-21,101.3806,29.61
2013-06-22,101.3806,29.61
2013-06-23,101.3806,29.61
2013-06-24,100.7781,29.43
2013-06-25,98.7185,28.83
2013-06-26,100.2007,29.26
2013-06-27,96.4581,28.17
2013-06-28,95.78,27.97
2013-06-29,95.78,27.97
2013-06-30,95.78,27.97
2013-07-01,96.1322,28.07
2013-07-02,97.9661,28.60
2013-07-03,98.8705,28.87
2013-07-04,98.8705,28.87
2013-07-05,97.1878,28.38
2013-07-06,97.1878,28.37
2013-07-07,97.1878,28.37
2013-07-08,100.0016,29.19
2013-07-09,98.2685,28.69
2013-07-10,98.8213,28.85
2013-07-11,97.264,28.39
2013-07-12,98.0931,28.64
2013-07-13,98.0931,28.63
2013-07-14,98.0931,28.63
2013-07-15,98.5959,28.78
2013-07-16,98.6462,28.79
2013-07-17,97.541,28.47
2013-07-18,101.3342,29.58
2013-07-19,100.7817,29.42
2013-07-20,100.7817,29.41
2013-07-21,100.7817,29.41
2013-07-22,98.4459,28.73
2013-07-23,100.129,29.22
2013-07-24,99.0741,28.91
2013-07-25,98.0191,28.60
2013-07-26,96.1854,28.07
2013-07-27,96.1854,28.07
2013-07-28,96.1854,28.07
2013-07-29,94.4273,27.55
2013-07-30,93.7743,27.36
2013-07-31,94.2517,27.50
2013-08-01,93.1214,27.17
2013-08-02,92.1418,26.88
2013-08-03,92.1418,26.88
2013-08-04,92.1418,26.88
2013-08-05,91.514,26.70
2013-08-06,91.3383,26.65
2013-08-07,89.8814,26.22
2013-08-08,91.037,26.56
2013-08-09,89.7811,26.19
2013-08-10,89.7811,26.19
2013-08-11,89.7811,26.19
2013-08-12,91.6403,26.73
2013-08-13,91.0124,26.55
2013-08-14,92.1681,26.88
2013-08-15,94.0021,27.42
2013-08-16,92.8718,27.09
2013-08-17,92.8718,27.09
2013-08-18,92.8718,27.09
2013-08-19,95.1582,27.75
2013-08-20,94.9574,27.69
2013-08-21,95.3343,27.80
2013-08-22,97.2185,28.35
2013-08-23,95.8119,27.94
2013-08-24,95.8119,27.94
2013-08-25,95.8119,27.94
2013-08-26,96.3398,28.09
2013-08-27,96.7418,28.21
2013-08-28,96.7419,28.21
2013-08-29,97.3198,28.38
2013-08-30,96.4909,28.14
2013-08-31,96.4909,28.13
2013-09-01,96.4909,28.13
2013-09-02,96.4909,28.13
2013-09-03,98.0991,28.60
2013-09-04,98.3504,28.67
2013-09-05,96.2152,28.05
2013-09-06,94.9843,27.69
2013-09-07,94.9843,27.69
2013-09-08,94.9843,27.69
2013-09-09,96.4165,28.11
2013-09-10,95.9895,27.98
2013-09-11,95.4118,27.81
2013-09-12,96.894,28.24
2013-09-13,98.0245,28.57
2013-09-14,98.0245,28.57
2013-09-15,98.0245,28.57
2013-09-16,99.4315,28.98
2013-09-17,99.733,29.07
2013-09-18,99.0799,28.88
2013-09-19,99.4819,28.99
2013-09-20,98.7785,28.79
2013-09-21,98.7785,28.79
2013-09-22,98.7785,28.79
2013-09-23,96.6432,28.16
2013-09-24,93.8045,27.34
2013-09-25,93.4277,27.23
2013-09-26,94.2316,27.46
2013-09-27,94.6838,27.59
2013-09-28,94.6838,27.59
2013-09-29,94.6838,27.59
2013-09-30,93.6791,27.30
2013-10-01,94.5835,27.56
2013-10-02,93.0009,27.10
2013-10-03,92.0463,26.82
2013-10-04,92.2975,26.89
2013-10-05,92.2975,26.89
2013-10-06,92.2975,26.89
2013-10-07,95.1615,27.72
2013-10-08,97.0195,28.26
2013-10-09,96.4286,28.09
2013-10-10,97.0473,28.27
2013-10-11,97.9276,28.53
2013-10-12,97.9276,28.53
2013-10-13,97.9276,28.52
2013-10-14,98.5505,28.71
2013-10-15,97.928,28.52
2013-10-16,97.375,28.36
2013-10-17,96.9603,28.24
2013-10-18,97.3296,28.35
2013-10-19,97.3296,28.35
2013-10-20,97.3296,28.35
2013-10-21,95.509,27.82
2013-10-22,93.9872,27.37
2013-10-23,94.1948,27.43
2013-10-24,94.5177,27.52
2013-10-25,95.6016,27.84
2013-10-26,95.6016,27.84
2013-10-27,95.6016,27.84
2013-10-28,93.0424,27.09
2013-10-29,92.5122,26.94
2013-10-30,92.4431,26.92
2013-10-31,91.4056,26.61
2013-11-01,89.8838,26.17
2013-11-02,89.8838,26.17
2013-11-03,89.8838,26.17
2013-11-04,88.5006,25.77
2013-11-05,89.3539,26.01
2013-11-06,89.6307,26.09
2013-11-07,89.6769,26.11
2013-11-08,90.5533,26.36
2013-11-09,90.5533,26.36
2013-11-10,90.5533,26.36
2013-11-11,90.6229,26.38
2013-11-12,91.2687,26.57
2013-11-13,90.3004,26.28
2013-11-14,90.8771,26.45
2013-11-15,91.7535,26.71
2013-11-16,91.7535,26.71
2013-11-17,91.7535,26.70
2013-11-18,91.2006,26.54
2013-11-19,90.0478,26.21
2013-11-20,91.9158,26.75
2013-11-21,92.4925,26.92
2013-11-22,93.5535,27.23
2013-11-23,93.5535,27.22
2013-11-24,93.5535,27.22
2013-11-25,94.4535,27.49
2013-11-26,94.8227,27.59
2013-11-27,95.0996,27.67
2013-11-28,95.0996,27.67
2013-11-29,95.9763,27.93
2013-11-30,95.9763,27.93
2013-12-01,95.9763,27.92
2013-12-02,96.369,28.04
2013-12-03,96.5076,28.08
2013-12-04,96.5078,28.08
2013-12-05,98.399,28.63
2013-12-06,98.7451,28.73
2013-12-07,98.7451,28.73
2013-12-08,98.7451,28.73
2013-12-09,100.3138,29.18
2013-12-10,100.4524,29.22
2013-12-11,100.983,29.37
2013-12-12,101.1677,29.43
2013-12-13,100.4991,29.23
2013-12-14,100.4991,29.23
2013-12-15,100.4991,29.23
2013-12-16,100.7072,29.29
2013-12-17,100.5921,29.26
2013-12-18,99.739,29.01
2013-12-19,101.3996,29.49
2013-12-20,100.4773,29.22
2013-12-21,100.4773,29.22
2013-12-22,100.4773,29.22
2013-12-23,100.5701,29.25
2013-12-24,100.3166,29.17
2013-12-25,100.3166,29.17
2013-12-26,101.447,29.50
2013-12-27,101.009,29.37
2013-12-28,101.009,29.37
2013-12-29,101.009,29.37
2013-12-30,102.1627,29.70
2013-12-31,99.4416,28.91
2014-01-01,99.4416,28.91
2014-01-02,101.1024,29.39
2014-01-03,100.8489,29.32
2014-01-04,100.8489,29.32
2014-01-05,100.8489,29.32
2014-01-06,101.1492,29.41
2014-01-07,100.3653,29.18
2014-01-08,98.2899,28.57
2014-01-09,94.9461,27.60
2014-01-10,94.9924,27.61
2014-01-11,94.9924,27.61
2014-01-12,94.9924,27.61
2014-01-13,97.7142,28.40
2014-01-14,98.8674,28.74
2014-01-15,98.3601,28.59
2014-01-16,98.9598,28.76
2014-01-17,98.4756,28.62
2014-01-18,98.4756,28.62
2014-01-19,98.4756,28.62
2014-01-20,98.4756,28.62
2014-01-21,100.5516,29.22
2014-01-22,102.0277,29.65
2014-01-23,102.3045,29.73
2014-01-24,103.5269,30.08
2014-01-25,103.5269,30.08
2014-01-26,103.5269,30.08
2014-01-27,101.9359,29.62
2014-01-28,103.7119,30.13
2014-01-29,106.6179,30.98
2014-01-30,103.6199,30.11
2014-01-31,105.9955,30.80
2014-02-01,105.9955,30.80
2014-02-02,105.9955,30.79
2014-02-03,107.1491,31.13
2014-02-04,109.9629,31.95
2014-02-05,108.0027,31.38
2014-02-06,108.6255,31.56
2014-02-07,108.1874,31.43
2014-02-08,108.1874,31.43
2014-02-09,108.1874,31.43
2014-02-10,106.1813,30.84
2014-02-11,109.0644,31.68
2014-02-12,108.9032,31.63
2014-02-13,109.9413,31.93
2014-02-14,108.7654,31.59
2014-02-15,108.7654,31.59
2014-02-16,108.7654,31.59
2014-02-17,108.7654,31.59
2014-02-18,111.1882,32.29
2014-02-19,112.8258,32.77
2014-02-20,110.8656,32.20
2014-02-21,112.8953,32.78
2014-02-22,112.8953,32.78
2014-02-23,112.8953,32.78
2014-02-24,108.3523,31.46
2014-02-25,109.4595,31.78
2014-02-26,107.3147,31.16
2014-02-27,107.4993,31.21
2014-02-28,108.5142,31.51
2014-03-01,108.5142,31.51
2014-03-02,108.5142,31.51
2014-03-03,106.6465,30.96
2014-03-04,109.1606,31.69
2014-03-05,107.2926,31.15
2014-03-06,109.5991,31.82
2014-03-07,109.2302,31.71
2014-03-08,109.2302,31.71
2014-03-09,109.2302,31.71
2014-03-10,109.6458,31.83
2014-03-11,108.7234,31.56
2014-03-12,106.9015,31.03
2014-03-13,105.1257,30.51
2014-03-14,105.9331,30.75
2014-03-15,105.9331,30.75
2014-03-16,105.9331,30.75
2014-03-17,107.9171,31.32
2014-03-18,106.6257,30.95
2014-03-19,107.5023,31.20
2014-03-20,105.2191,30.54
2014-03-21,104.3428,30.28
2014-03-22,104.3428,30.28
2014-03-23,104.3428,30.28
2014-03-24,103.7897,30.12
2014-03-25,106.4653,30.89
2014-03-26,106.3732,30.87
2014-03-27,109.2333,31.70
2014-03-28,108.4031,31.45
2014-03-29,108.4031,31.45
2014-03-30,108.4031,31.45
2014-03-31,106.0048,30.76
2014-04-01,103.9522,30.16
2014-04-02,105.8898,30.72
2014-04-03,108.0811,31.36
2014-04-04,107.3893,31.16
2014-04-05,107.3893,31.15
2014-04-06,107.3893,31.15
2014-04-07,108.0125,31.33
2014-04-08,108.8429,31.57
2014-04-09,109.6272,31.80
2014-04-10,111.2649,32.28
2014-04-11,110.6884,32.11
2014-04-12,110.6884,32.11
2014-04-13,110.6884,32.11
2014-04-14,109.6969,31.82
2014-04-15,109.7662,31.84
2014-04-16,109.1436,31.66
2014-04-17,112.9264,32.75
2014-04-18,112.9264,32.75
2014-04-19,112.9264,32.75
2014-04-20,112.9264,32.75
2014-04-21,112.281,32.56
2014-04-22,113.3652,32.88
2014-04-23,112.9732,32.76
2014-04-24,112.4197,32.60
2014-04-25,110.9436,32.17
2014-04-26,110.9436,32.17
2014-04-27,110.9436,32.17
2014-04-28,113.5964,32.94
2014-04-29,114.4729,33.19
2014-04-30,114.2884,33.14
2014-05-01,112.3049,32.56
2014-05-02,111.3824,32.29
2014-05-03,111.3824,32.29
2014-05-04,111.3824,32.29
2014-05-05,111.544,32.34
2014-05-06,113.5508,32.92
2014-05-07,112.2592,32.54
2014-05-08,108.4766,31.45
2014-05-09,107.531,31.17
2014-05-10,107.531,31.17
2014-05-11,107.531,31.17
2014-05-12,105.4784,30.57
2014-05-13,103.7255,30.06
2014-05-14,103.864,30.10
2014-05-15,106.0553,30.74
2014-05-16,104.856,30.39
2014-05-17,104.856,30.39
2014-05-18,104.856,30.39
2014-05-19,105.6404,30.62
2014-05-20,107.1397,31.05
2014-05-21,105.3407,30.53
2014-05-22,102.6652,29.75
2014-05-23,103.5879,30.02
2014-05-24,103.5879,30.02
2014-05-25,103.5879,30.02
2014-05-26,103.5879,30.02
2014-05-27,105.4796,30.56
2014-05-28,107.3941,31.12
2014-05-29,106.4254,30.84
2014-05-30,106.241,30.78
2014-05-31,106.241,30.78
2014-06-01,106.241,30.78
2014-06-02,107.9481,31.27
2014-06-03,108.3173,31.38
2014-06-04,108.6865,31.49
2014-06-05,109.6092,31.75
2014-06-06,110.1168,31.90
2014-06-07,110.1168,31.90
2014-06-08,110.1168,31.90
2014-06-09,108.8485,31.53
2014-06-10,106.5651,30.87
2014-06-11,106.4037,30.82
2014-06-12,111.5475,32.31
2014-06-13,111.5476,32.31
2014-06-14,111.5476,32.31
2014-06-15,111.5476,32.31
2014-06-16,110.879,32.11
2014-06-17,110.7176,32.07
2014-06-18,109.6336,31.75
2014-06-19,108.1113,31.31
2014-06-20,107.1196,31.02
2014-06-21,107.1196,31.02
2014-06-22,107.1196,31.02
2014-06-23,105.5053,30.55
2014-06-24,106.8432,30.94
2014-06-25,107.0278,30.99
2014-06-26,104.2368,30.18
2014-06-27,103.5218,29.97
2014-06-28,103.5218,29.97
2014-06-29,103.5218,29.97
2014-06-30,104.5369,30.27
2014-07-01,104.537,30.27
2014-07-02,102.6918,29.73
2014-07-03,103.6146,30.00
2014-07-04,103.6146,30.00
2014-07-05,103.6146,30.00
2014-07-06,103.6146,30.00
2014-07-07,99.8552,28.91
2014-07-08,99.3017,28.75
2014-07-09,98.7251,28.58
2014-07-10,97.6872,28.28
2014-07-11,98.3793,28.48
2014-07-12,98.3793,28.48
2014-07-13,98.3793,28.47
2014-07-14,98.3565,28.47
2014-07-15,97.2494,28.15
2014-07-16,97.6185,28.25
2014-07-17,94.32,27.30
2014-07-18,94.2509,27.28
2014-07-19,94.2509,27.28
2014-07-20,94.2509,27.28
2014-07-21,92.2673,26.70
2014-07-22,90.6296,26.23
2014-07-23,90.4451,26.17
2014-07-24,91.9214,26.60
2014-07-25,90.6528,26.23
2014-07-26,90.6528,26.23
2014-07-27,90.6528,26.23
2014-07-28,90.1225,26.08
2014-07-29,91.4374,26.46
2014-07-30,90.8608,26.29
2014-07-31,92.3833,26.73
2014-08-01,91.5068,26.47
2014-08-02,91.5068,26.47
2014-08-03,91.5068,26.47
2014-08-04,92.522,26.77
2014-08-05,94.0676,27.21
2014-08-06,94.8519,27.44
2014-08-07,93.3987,27.02
2014-08-08,95.2441,27.55
2014-08-09,95.2441,27.55
2014-08-10,95.2441,27.55
2014-08-11,95.3596,27.58
2014-08-12,95.798,27.71
2014-08-13,95.798,27.71
2014-08-14,94.3449,27.29
2014-08-15,91.7384,26.53
2014-08-16,91.7384,26.53
2014-08-17,91.7384,26.53
2014-08-18,92.2461,26.68
2014-08-19,93.907,27.16
2014-08-20,92.9613,26.88
2014-08-21,94.6222,27.36
2014-08-22,93.6996,27.10
2014-08-23,93.6996,27.09
2014-08-24,93.6996,27.09
2014-08-25,95.7298,27.68
2014-08-26,95.0148,27.47
2014-08-27,95.9606,27.75
2014-08-28,96.5604,27.92
2014-08-29,96.8142,27.99
2014-08-30,96.8142,27.99
2014-08-31,96.8142,27.99
2014-09-01,96.8142,27.99
2014-09-02,92.6854,26.79
2014-09-03,91.7166,26.51
2014-09-04,91.1861,26.36
2014-09-05,90.8863,26.27
2014-09-06,90.8863,26.27
2014-09-07,90.8863,26.27
2014-09-08,92.6166,26.77
2014-09-09,94.8081,27.40
2014-09-10,94.2545,27.24
2014-09-11,91.325,26.40
2014-09-12,92.0632,26.61
2014-09-13,92.0632,26.61
2014-09-14,92.0632,26.61
2014-09-15,94.2317,27.23
2014-09-16,95.8926,27.71
2014-09-17,96.031,27.75
2014-09-18,93.5859,27.05
2014-09-19,92.0865,26.61
2014-09-20,92.0865,26.61
2014-09-21,92.0865,26.61
2014-09-22,92.1328,26.62
2014-09-23,91.3485,26.40
2014-09-24,93.4246,26.99
2014-09-25,94.5088,27.31
2014-09-26,94.901,27.42
2014-09-27,94.901,27.42
2014-09-28,94.901,27.42
2014-09-29,97.5077,28.17
2014-09-30,96.6542,27.92
2014-10-01,94.3244,27.25
2014-10-02,92.5482,26.74
2014-10-03,94.9704,27.44
2014-10-04,94.9704,27.44
2014-10-05,94.9704,27.43
2014-10-06,91.9717,26.57
2014-10-07,93.4712,27.00
2014-10-08,91.403,26.40
2014-10-09,91.1921,26.34
2014-10-10,91.288,26.37
2014-10-11,91.288,26.37
2014-10-12,91.288,26.37
2014-10-13,91.956,26.56
2014-10-14,90.7553,26.21
2014-10-15,90.5288,26.15
2014-10-16,90.778,26.22
2014-10-17,90.778,26.22
2014-10-18,90.778,26.22
2014-10-19,90.778,26.21
2014-10-20,89.3055,25.79
2014-10-21,89.2149,25.76
2014-10-22,88.6712,25.60
2014-10-23,88.0822,25.43
2014-10-24,87.969,25.40
2014-10-25,87.969,25.40
2014-10-26,87.969,25.40
2014-10-27,87.584,25.29
2014-10-28,88.7621,25.63
2014-10-29,89.7363,25.91
2014-10-30,90.2801,26.06
2014-10-31,90.7106,26.19
2014-11-01,90.7106,26.19
2014-11-02,90.7106,26.19
2014-11-03,92.1833,26.61
2014-11-04,92.8857,26.81
2014-11-05,92.9764,26.84
2014-11-06,92.9991,26.84
2014-11-07,92.4781,26.69
2014-11-08,92.4781,26.69
2014-11-09,92.4781,26.69
2014-11-10,91.1869,26.32
2014-11-11,91.6854,26.46
2014-11-12,91.9573,26.54
2014-11-13,90.0543,25.99
2014-11-14,90.2583,26.05
2014-11-17,92.0483,26.56
2014-11-18,91.2554,26.33
2014-11-19,91.3687,26.37
2014-11-20,91.3688,26.37
2014-11-21,90.1681,26.02
2014-11-24,90.9159,26.23
2014-11-25,91.3691,26.36
2014-11-26,90.8254,26.21
2014-11-27,90.8254,26.20
2014-11-28,89.9873,25.96
2014-12-01,89.9648,25.95
2014-12-02,88.311,25.48
2014-12-03,87.2689,25.18
2014-12-04,85.4112,24.64
2014-12-05,87.3823,25.21
2014-12-08,85.049,24.53
2014-12-09,86.0006,24.81
2014-12-10,86.7483,25.02
2014-12-11,86.0687,24.82
2014-12-12,87.4961,25.24
2014-12-15,86.4315,24.93
2014-12-16,85.0269,24.52
2014-12-17,85.8879,24.77
2014-12-18,85.3669,24.62
2014-12-19,83.1014,23.96
2014-12-22,79.5447,22.94
2014-12-23,80.4284,23.19
2014-12-24,78.8653,22.74
2014-12-25,78.8653,22.74
2014-12-26,78.5937,22.66
2014-12-29,80.4065,23.18
2014-12-30,79.0246,22.78
2014-12-31,76.5325,22.06
2015-01-01,76.5325,22.06
2015-01-02,77.167,22.25
2015-01-05,74.8563,21.58
2015-01-06,75.0603,21.64
2015-01-07,73.9049,21.30
2015-01-08,74.9698,21.61
2015-01-09,75.7175,21.82
2015-01-12,73.2028,21.10
2015-01-13,74.8568,21.57
2015-01-14,78.3233,22.57
2015-01-15,76.896,22.16
2015-01-16,76.9414,22.17
2015-01-20,73.4525,21.17
2015-01-21,75.1971,21.67
2015-01-22,74.0643,21.34
2015-01-23,75.6503,21.80
2015-01-26,74.6989,21.52
2015-01-27,75.8771,21.86
2015-01-28,74.4045,21.44
2015-01-29,72.2748,20.82
2015-01-30,71.4592,20.59
2015-02-02,71.1648,20.50
2015-02-03,72.343,20.84
2015-02-04,71.0969,20.48
2015-02-05,70.0321,20.17
2015-02-09,71.0065,20.45
2015-02-10,72.2753,20.82
2015-02-11,73.4762,21.16
2015-02-12,72.5473,20.89
2015-02-13,73.7935,21.25
2015-02-16,73.7935,21.25
2015-02-17,73.1593,21.07
2015-02-18,73.975,21.30
2015-02-19,74.0657,21.33
2015-02-20,75.0853,21.62
2015-02-23,73.59,21.19
2015-02-24,73.2955,21.10
2015-02-25,73.1596,21.06
2015-02-26,71.0752,20.46
2015-02-27,71.5284,20.59
2015-03-02,71.1207,20.47
2015-03-03,71.4606,20.57
2015-03-04,72.1403,20.77
2015-03-05,73.2505,21.09
2015-03-06,73.2958,21.10
2015-03-09,70.577,20.31
2015-03-10,71.2567,20.51
2015-03-11,72.3443,20.82
2015-03-12,71.1662,20.48
2015-03-13,70.917,20.41
2015-03-16,70.4413,20.27
2015-03-17,72.2766,20.80
2015-03-18,73.4775,21.14
2015-03-19,72.3447,20.82
2015-03-20,72.0502,20.73
2015-03-23,71.484,20.57
2015-03-24,72.4583,20.85
2015-03-25,71.2348,20.50
2015-03-26,70.3059,20.23
2015-03-27,69.5356,20.01
2015-03-30,69.6037,20.02
2015-03-31,69.7397,20.06
2015-04-01,69.196,19.91
2015-04-02,70.986,20.42
2015-04-06,70.1479,20.18
2015-04-07,70.6464,20.32
2015-04-08,69.5589,20.01
2015-04-09,67.8143,19.51
2015-04-10,67.3612,19.37
2015-04-13,66.7269,19.19
2015-04-14,67.2934,19.35
2015-04-15,68.6076,19.73
2015-04-16,70.1484,20.17
2015-04-17,69.5367,20.00
2015-04-20,67.8149,19.50
2015-04-21,68.8119,19.79
2015-04-22,69.5823,20.01
2015-04-23,68.1776,19.60
2015-04-24,68.2456,19.62
2015-04-27,67.3847,19.37
2015-04-28,67.8379,19.50
2015-04-29,69.0388,19.85
2015-04-30,70.9874,20.41
2015-05-01,71.5312,20.56
2015-05-04,72.415,20.82
2015-05-05,71.9845,20.69
2015-05-06,71.9619,20.68
2015-05-07,71.5767,20.57
2015-05-08,73.7519,21.20
2015-05-11,72.4152,20.81
2015-05-12,74.0466,21.28
2015-05-13,74.6131,21.44
2015-05-14,75.4741,21.69
2015-05-15,75.6327,21.74
2015-05-18,75.4742,21.69
2015-05-19,74.2507,21.34
2015-05-20,73.7749,21.20
2015-05-21,74.5453,21.42
2015-05-22,73.1858,21.03
2015-05-26,71.9171,20.66
2015-05-27,71.7359,20.61
2015-05-28,69.4248,19.95
2015-05-29,68.2466,19.61
2015-06-01,68.6092,19.71
2015-06-02,69.4249,19.94
2015-06-03,68.428,19.66
2015-06-04,68.428,19.66
2015-06-05,67.8616,19.49
2015-06-08,70.3088,20.19
2015-06-09,72.8466,20.92
2015-06-10,73.5264,21.12
2015-06-11,72.5295,20.83
2015-06-12,71.1021,20.42
2015-06-15,73.4587,21.10
2015-06-16,73.4134,21.08
2015-06-17,72.847,20.92
2015-06-18,71.4422,20.52
2015-06-19,72.054,20.69
2015-06-22,70.6945,20.30
2015-06-23,70.6719,20.29
2015-06-24,71.3517,20.49
2015-06-25,72.3714,20.78
2015-06-26,70.3775,20.21
2015-06-29,70.6948,20.30
2015-06-30,71.012,20.39
2015-07-01,70.3323,20.19
2015-07-02,71.352,20.48
2015-07-06,69.9926,20.09
2015-07-07,69.3129,19.89
2015-07-08,69.0184,19.81
2015-07-09,69.6982,20.00
2015-07-10,70.4913,20.23
2015-07-13,72.0095,20.67
2015-07-14,71.3071,20.46
2015-07-15,72.3947,20.78
2015-07-16,71.3751,20.48
2015-07-17,71.7377,20.59
2015-07-20,71.0127,20.38
2015-07-21,72.3723,20.77
2015-07-22,72.6216,20.84
2015-07-23,70.8769,20.34
2015-07-24,70.0159,20.09
2015-07-27,70.3786,20.19
2015-07-28,71.0585,20.39
2015-07-29,71.761,20.59
2015-07-30,69.8124,20.03
2015-07-31,68.9288,19.77
2015-08-03,69.201,19.85
2015-08-04,70.1981,20.14
2015-08-05,69.5411,19.95
2015-08-06,69.8132,20.02
2015-08-07,69.836,20.03
2015-08-10,70.9467,20.35
2015-08-11,70.879,20.33
2015-08-12,72.3521,20.75
2015-08-13,69.9051,20.05
2015-08-14,70.1999,20.13
2015-08-17,68.841,19.74
2015-08-18,67.9801,19.49
2015-08-19,67.731,19.42
2015-08-20,68.5696,19.66
2015-08-21,66.5984,19.10
2015-08-24,65.4886,18.78
2015-08-25,66.0325,18.93
2015-08-26,66.4405,19.05
2015-08-27,65.6475,18.82
2015-08-28,66.5993,19.09
2015-08-31,65.8291,18.87
2015-09-01,65.8291,18.87
2015-09-02,64.7417,18.56
2015-09-03,66.4867,19.06
2015-09-04,65.6484,18.82
2015-09-08,66.6915,19.11
2015-09-09,65.6266,18.81
2015-09-10,66.0346,18.93
2015-09-11,66.0121,18.92
2015-09-14,67.3269,19.29
2015-09-15,66.8738,19.16
2015-09-16,65.5369,18.78
2015-09-17,65.3557,18.73
2015-09-18,64.1547,18.38
2015-09-21,63.4072,18.17
2015-09-22,63.3392,18.15
2015-09-23,63.2939,18.13
2015-09-24,64.3817,18.45
2015-09-25,63.4979,18.19
2015-09-28,64.2911,18.42
2015-09-29,62.6142,17.94
2015-09-30,61.2092,17.53
2015-10-01,59.6229,17.08
2015-10-02,60.3708,17.29
2015-10-05,60.6428,17.37
2015-10-06,60.5748,17.35
2015-10-07,60.6428,17.37
2015-10-08,61.3793,17.58
2015-10-09,61.4911,17.61
2015-10-12,62.028,17.76
2015-10-13,61.6385,17.65
2015-10-14,61.7387,17.68
2015-10-15,60.7374,17.39
2015-10-16,60.5571,17.34
2015-10-19,60.7574,17.40
2015-10-20,60.8375,17.42
2015-10-21,60.2768,17.26
2015-10-22,60.1167,17.21
2015-10-23,59.0353,16.90
2015-10-26,57.5535,16.48
2015-10-27,57.8139,16.55
2015-10-28,57.2532,16.39
2015-10-29,56.4722,16.17
2015-10-30,57.2532,16.39
2015-11-02,56.8328,16.27
2015-11-03,57.1133,16.35
2015-11-04,57.0734,16.34
2015-11-05,57.9548,16.59
2015-11-06,58.0751,16.62
2015-11-09,57.1344,16.35
2015-11-10,57.7354,16.52
2015-11-11,57.6355,16.49
2015-11-12,57.7158,16.52
2015-11-13,58.2768,16.68
2015-11-16,58.3976,16.71
2015-11-17,58.2776,16.68
2015-11-18,57.3567,16.41
2015-11-19,56.3756,16.13
2015-11-20,55.014,15.74
2015-11-23,55.9359,16.00
2015-11-24,55.876,15.99
2015-11-25,55.716,15.94
2015-11-27,54.8553,15.69
2015-11-30,55.1964,15.79
2015-12-01,55.2969,15.82
2015-12-02,54.5962,15.62
2015-12-03,54.4764,15.58
2015-12-04,54.5568,15.60
2015-12-07,53.8568,15.40
2015-12-08,53.8973,15.41
2015-12-09,54.0179,15.45
2015-12-10,53.7579,15.37
2015-12-11,53.4178,15.28
2015-12-14,51.8768,14.83
2015-12-15,51.076,14.61
2015-12-16,51.8977,14.84
2015-12-17,52.6592,15.06
2015-12-18,52.94,15.14
2015-12-21,53.4821,15.29
2015-12-22,52.7814,15.09
2015-12-23,53.0422,15.16
2015-12-24,53.3229,15.24
2015-12-28,55.3276,15.82
2015-12-29,55.989,16.01
2015-12-30,54.0464,15.45
2015-12-31,55.4089,15.84
2016-01-04,55.3104,15.81
2016-01-05,55.3908,15.83
2016-01-06,55.4713,15.85
2016-01-07,56.7137,16.21
2016-01-08,57.8359,16.53
2016-01-11,56.6549,16.19
2016-01-12,55.1527,15.76
2016-01-13,55.3534,15.82
2016-01-14,54.1717,15.48
2016-01-15,53.571,15.31
2016-01-19,53.5924,15.31
2016-01-20,54.1136,15.46
2016-01-21,54.3544,15.53
2016-01-22,54.5351,15.58
2016-01-25,54.7968,15.65
2016-01-26,54.3565,15.53
2016-01-27,54.0965,15.45
2016-01-28,53.9366,15.41
2016-01-29,54.9389,15.69
2016-02-01,54.0987,15.45
2016-02-02,53.2177,15.20
2016-02-03,53.3785,15.25
2016-02-04,52.9181,15.11
2016-02-05,53.9005,15.39
2016-02-08,54.1225,15.46
2016-02-09,53.7823,15.36
2016-02-10,53.1215,15.17
2016-02-11,52.6411,15.03
2016-02-12,52.1606,14.90
2016-02-16,51.4611,14.69
2016-02-17,51.8422,14.80
2016-02-18,50.7405,14.49
2016-02-19,49.779,14.21
2016-02-22,49.2993,14.07
2016-02-23,48.8188,13.94
2016-02-24,48.9996,13.99
2016-02-25,48.499,13.85
2016-02-26,48.78,13.93
2016-02-29,49.2823,14.07
2016-03-01,50.5254,14.42
2016-03-02,50.2653,14.35
2016-03-03,50.6666,14.46
2016-03-04,51.0879,14.58
2016-03-07,51.0893,14.58
2016-03-08,50.8893,14.52
2016-03-09,51.5512,14.71
2016-03-10,52.9747,15.12
2016-03-11,53.4963,15.27
2016-03-14,53.4175,15.24
2016-03-15,53.7387,15.33
2016-03-16,54.1,15.44
2016-03-17,55.0626,15.71
2016-03-18,54.6623,15.60
2016-03-21,53.7016,15.32
2016-03-22,54.4638,15.54
2016-03-23,54.0633,15.42
2016-03-24,54.7453,15.62
2016-03-28,55.6092,15.86
2016-03-29,56.3313,16.07
2016-03-30,56.3117,16.06
2016-03-31,54.8287,15.64
2016-04-01,54.7691,15.62
2016-04-04,55.1914,15.74
2016-04-05,54.8309,15.64
2016-04-06,54.4504,15.53
2016-04-07,55.6336,15.87
2016-04-08,55.8144,15.92
2016-04-11,55.2942,15.77
2016-04-12,56.1967,16.03
2016-04-13,56.4978,16.11
2016-04-14,56.0972,16.00
2016-04-15,55.4961,15.82
2016-04-18,56.64,16.15
2016-04-19,58.0839,16.56
2016-04-20,58.1845,16.59
2016-04-21,59.2675,16.90
2016-04-22,60.4709,17.24
2016-04-25,59.7903,17.04
2016-04-26,60.1315,17.14
2016-04-27,60.934,17.37
2016-04-28,60.6136,17.28
2016-04-29,60.7143,17.31
2016-05-02,59.5325,16.97
2016-05-03,59.6331,17.00
2016-05-04,60.0546,17.12
2016-05-05,59.9948,17.10
2016-05-06,59.6543,17.00
2016-05-09,59.2343,16.88
2016-05-10,59.4553,16.94
2016-05-11,59.596,16.98
2016-05-12,59.2956,16.90
2016-05-13,58.4538,16.66
2016-05-16,57.6328,16.42
2016-05-17,57.2121,16.30
2016-05-18,56.2901,16.04
2016-05-19,57.7143,16.44
2016-05-20,58.176,16.58
2016-05-23,58.1974,16.58
2016-05-24,57.8169,16.47
2016-05-25,59.1411,16.85
2016-05-26,59.3222,16.90
2016-05-27,59.5032,16.95
2016-05-31,60.1072,17.12
2016-06-01,60.2281,17.15
2016-06-02,60.8103,17.32
2016-06-03,60.6504,17.27
2016-06-06,61.1135,17.41
2016-06-07,62.3374,17.75
2016-06-08,62.4984,17.80
2016-06-09,64.7453,18.44
2016-06-10,63.8432,18.18
2016-06-13,63.8247,18.17
2016-06-14,62.9627,17.93
2016-06-15,62.3413,17.75
2016-06-16,62.1212,17.69
2016-06-17,62.8437,17.89
2016-06-20,64.3094,18.31
2016-06-21,64.691,18.42
2016-06-22,63.7287,18.14
2016-06-23,64.2307,18.29
2016-06-24,63.6895,18.13
2016-06-27,64.0721,18.24
2016-06-28,66.1187,18.82
2016-06-29,65.7581,18.72
2016-06-30,66.581,18.95
2016-07-01,67.5043,19.21
2016-07-05,64.3165,18.30
2016-07-06,64.6179,18.39
2016-07-07,64.478,18.35
2016-07-08,65.2207,18.56
2016-07-11,64.1589,18.26
2016-07-12,64.2197,18.27
2016-07-13,64.2001,18.27
2016-07-14,64.2208,18.27
2016-07-15,64.5022,18.35
2016-07-18,64.0825,18.23
2016-07-19,63.8022,18.15
2016-07-20,62.6993,17.84
2016-07-21,63.061,17.94
2016-07-22,64.3055,18.29
2016-07-25,64.0865,18.23
2016-07-26,63.7059,18.12
2016-07-27,63.4857,18.06
2016-07-28,65.9543,18.76
2016-07-29,66.617,18.95
2016-08-01,64.9935,18.49
2016-08-02,64.1914,18.26
2016-08-03,65.737,18.70
2016-08-04,65.5569,18.64
2016-08-05,64.5541,18.36
2016-08-08,64.0339,18.21
2016-08-09,62.1682,17.68
2016-08-10,61.3861,17.46
2016-08-11,61.2261,17.41
2016-08-12,61.4875,17.48
2016-08-15,61.6697,17.53
2016-08-16,62.0515,17.64
2016-08-17,61.8714,17.59
2016-08-18,62.4137,17.75
