Date,Index_Level,iPath_Asian_&_Gulf_Currency_Revaluation_ETN
2008-02-05,100,50.00
2008-02-06,99.9437,49.97
2008-02-07,99.9742,49.98
2008-02-08,99.9803,49.99
2008-02-09,99.9803,49.99
2008-02-10,99.9803,49.98
2008-02-11,99.9667,49.98
2008-02-12,99.9933,49.99
2008-02-13,100.004,49.99
2008-02-14,99.9861,49.98
2008-02-15,100.0722,50.02
2008-02-16,100.0722,50.02
2008-02-17,100.0722,50.02
2008-02-18,100.0722,50.02
2008-02-19,100.1666,50.07
2008-02-20,100.2164,50.06
2008-02-21,100.186,50.04
2008-02-22,100.2705,50.08
2008-02-23,100.2705,50.08
2008-02-24,100.2705,50.08
2008-02-25,100.3173,50.10
2008-02-26,100.3217,50.10
2008-02-27,100.4121,50.15
2008-02-28,100.5864,50.23
2008-02-29,100.6683,50.27
2008-03-01,100.6683,50.27
2008-03-02,100.6683,50.27
2008-03-03,100.5924,50.23
2008-03-04,100.663,50.26
2008-03-05,100.6778,50.27
2008-03-06,100.6904,50.28
2008-03-07,100.7435,50.30
2008-03-08,100.7435,50.30
2008-03-09,100.7435,50.30
2008-03-10,100.7748,50.31
2008-03-11,100.7197,50.28
2008-03-12,100.7627,50.30
2008-03-13,100.8264,50.33
2008-03-14,100.9075,50.37
2008-03-15,100.9075,50.37
2008-03-16,100.9075,50.37
2008-03-17,100.8362,50.33
2008-03-18,100.8672,50.35
2008-03-19,100.945,50.39
2008-03-20,100.7988,50.31
2008-03-21,100.7988,50.31
2008-03-22,100.7988,50.31
2008-03-23,100.7988,50.31
2008-03-24,100.7988,50.31
2008-03-25,100.7575,50.29
2008-03-26,100.8969,50.35
2008-03-27,100.8913,50.35
2008-03-28,100.8769,50.34
2008-03-29,100.8769,50.34
2008-03-30,100.8769,50.34
2008-03-31,100.8581,50.33
2008-04-01,100.8624,50.33
2008-04-02,100.7283,50.26
2008-04-03,100.7764,50.28
2008-04-04,100.7662,50.28
2008-04-05,100.7662,50.28
2008-04-06,100.7662,50.27
2008-04-07,100.8344,50.31
2008-04-08,100.8598,50.32
2008-04-09,100.8343,50.31
2008-04-10,101.154,50.46
2008-04-11,101.1678,50.47
2008-04-12,101.1678,50.47
2008-04-13,101.1678,50.47
2008-04-14,101.1485,50.46
2008-04-15,101.1834,50.47
2008-04-16,101.1341,50.45
2008-04-17,101.2603,50.51
2008-04-18,101.1916,50.47
2008-04-19,101.1916,50.47
2008-04-20,101.1916,50.47
2008-04-21,101.1451,50.45
2008-04-22,101.1831,50.46
2008-04-23,101.246,50.49
2008-04-24,101.1867,50.46
2008-04-25,101.0571,50.40
2008-04-26,101.0571,50.40
2008-04-27,101.0571,50.39
2008-04-28,100.9738,50.35
2008-04-29,101.0046,50.37
2008-04-30,100.9725,50.35
2008-05-01,100.9725,50.35
2008-05-02,100.9759,50.35
2008-05-03,100.9759,50.35
2008-05-04,100.9759,50.35
2008-05-05,100.9759,50.34
2008-05-06,101.0836,50.40
2008-05-07,101.0779,50.39
2008-05-08,100.8022,50.25
2008-05-09,100.8293,50.27
2008-05-10,100.8293,50.26
2008-05-11,100.8293,50.26
2008-05-12,100.919,50.31
2008-05-13,100.9233,50.31
2008-05-14,100.7592,50.22
2008-05-15,100.6474,50.17
2008-05-16,100.8632,50.27
2008-05-17,100.8632,50.27
2008-05-18,100.8632,50.27
2008-05-19,100.949,50.31
2008-05-20,101.0297,50.35
2008-05-21,101.0417,50.36
2008-05-22,101.0595,50.36
2008-05-23,101.0433,50.36
2008-05-24,101.0433,50.35
2008-05-25,101.0433,50.35
2008-05-26,101.0433,50.35
2008-05-27,101.0661,50.36
2008-05-28,101.0412,50.35
2008-05-29,101.0503,50.35
2008-05-30,101.0585,50.35
2008-05-31,101.0585,50.35
2008-06-01,101.0585,50.35
2008-06-02,101.0646,50.35
2008-06-03,101.0776,50.36
2008-06-04,101.0737,50.36
2008-06-05,101.0787,50.36
2008-06-06,101.0861,50.36
2008-06-07,101.0861,50.36
2008-06-08,101.0861,50.36
2008-06-09,101.0824,50.35
2008-06-10,101.0771,50.35
2008-06-11,101.0779,50.35
2008-06-12,101.0997,50.36
2008-06-13,101.1004,50.36
2008-06-14,101.1004,50.36
2008-06-15,101.1004,50.36
2008-06-16,101.1029,50.36
2008-06-17,101.1298,50.33
2008-06-18,101.1236,50.33
2008-06-19,101.1065,50.32
2008-06-20,101.1194,50.33
2008-06-21,101.1194,50.32
2008-06-22,101.1194,50.32
2008-06-23,101.1555,50.34
2008-06-24,101.1494,50.34
2008-06-25,101.1403,50.33
2008-06-26,101.5151,50.51
2008-06-27,101.5389,50.53
2008-06-28,101.5389,50.52
2008-06-29,101.5389,50.52
2008-06-30,101.5844,50.54
2008-07-01,101.5943,50.55
2008-07-02,101.5893,50.54
2008-07-03,101.6917,50.59
2008-07-04,101.6917,50.59
2008-07-05,101.6917,50.59
2008-07-06,101.6917,50.59
2008-07-07,101.6143,50.55
2008-07-08,101.5984,50.54
2008-07-09,101.5697,50.53
2008-07-10,101.682,50.58
2008-07-11,101.6996,50.59
2008-07-12,101.6996,50.59
2008-07-13,101.6996,50.59
2008-07-14,101.8088,50.64
2008-07-15,101.9212,50.69
2008-07-16,102.0215,50.73
2008-07-17,101.957,50.70
2008-07-18,101.9366,50.69
2008-07-19,101.9366,50.69
2008-07-20,101.9366,50.68
2008-07-21,101.9224,50.68
2008-07-22,101.9231,50.68
2008-07-23,101.8098,50.62
2008-07-24,101.6945,50.56
2008-07-25,101.7407,50.58
2008-07-26,101.7407,50.58
2008-07-27,101.7407,50.58
2008-07-28,101.7182,50.57
2008-07-29,101.76,50.59
2008-07-30,101.6225,50.52
2008-07-31,101.6127,50.51
2008-08-01,101.599,50.50
2008-08-02,101.599,50.50
2008-08-03,101.599,50.50
2008-08-04,101.5761,50.49
2008-08-05,101.4864,50.44
2008-08-06,101.4434,50.42
2008-08-07,101.372,50.38
2008-08-08,101.136,50.26
2008-08-09,101.136,50.26
2008-08-10,101.136,50.26
2008-08-11,100.9763,50.18
2008-08-12,100.9283,50.15
2008-08-13,101.0017,50.19
2008-08-14,100.9655,50.17
2008-08-15,100.902,50.14
2008-08-16,100.902,50.14
2008-08-17,100.902,50.14
2008-08-18,100.9202,50.14
2008-08-19,100.9377,50.15
2008-08-20,101.0134,50.19
2008-08-21,100.9989,50.18
2008-08-22,101.175,50.27
2008-08-23,101.175,50.26
2008-08-24,101.175,50.26
2008-08-25,101.175,50.26
2008-08-26,100.9608,50.15
2008-08-27,100.9612,50.15
2008-08-28,101.0833,50.21
2008-08-29,101.0516,50.20
2008-08-30,101.0516,50.19
2008-08-31,101.0516,50.19
2008-09-01,101.0516,50.19
2008-09-02,100.8919,50.11
2008-09-03,100.7903,50.06
2008-09-04,100.8795,50.10
2008-09-05,100.7805,50.05
2008-09-06,100.7805,50.05
2008-09-07,100.7805,50.05
2008-09-08,101.0532,50.18
2008-09-09,100.8204,50.07
2008-09-10,100.8957,50.10
2008-09-11,100.8027,50.06
2008-09-12,100.8172,50.06
2008-09-13,100.8172,50.06
2008-09-14,100.8172,50.06
2008-09-15,100.9437,50.12
2008-09-16,101.025,50.16
2008-09-17,100.9573,50.09
2008-09-18,100.9689,50.09
2008-09-19,100.9533,50.08
2008-09-20,100.9533,50.08
2008-09-21,100.9533,50.08
2008-09-22,101.1178,50.16
2008-09-23,101.4474,50.32
2008-09-24,101.2812,50.24
2008-09-25,101.167,50.18
2008-09-26,101.1157,50.15
2008-09-27,101.1157,50.15
2008-09-28,101.1157,50.15
2008-09-29,101.042,50.11
2008-09-30,101.0459,50.11
2008-10-01,101.0686,50.12
2008-10-02,100.9873,50.08
2008-10-03,100.8677,50.02
2008-10-04,100.8677,50.02
2008-10-05,100.8677,50.02
2008-10-06,100.6776,49.92
2008-10-07,100.516,49.84
2008-10-08,100.5384,49.85
2008-10-09,100.6072,49.88
2008-10-10,100.4932,49.83
2008-10-11,100.4932,49.83
2008-10-12,100.4932,49.82
2008-10-13,100.4932,49.82
2008-10-14,100.8077,49.98
2008-10-15,100.6489,49.90
2008-10-16,100.465,49.76
2008-10-17,100.4557,49.75
2008-10-18,100.4557,49.75
2008-10-19,100.4557,49.75
2008-10-20,100.5863,49.81
2008-10-21,100.6801,49.86
2008-10-22,100.5065,49.77
2008-10-23,100.3951,49.71
2008-10-24,100.3126,49.67
2008-10-25,100.3126,49.67
2008-10-26,100.3126,49.67
2008-10-27,100.2937,49.66
2008-10-28,100.232,49.63
2008-10-29,100.4984,49.76
2008-10-30,100.9522,49.98
2008-10-31,100.8415,49.92
2008-11-01,100.8415,49.92
2008-11-02,100.8415,49.92
2008-11-03,100.8415,49.92
2008-11-04,100.821,49.91
2008-11-05,100.9992,50.00
2008-11-06,100.846,49.92
2008-11-07,100.6913,49.84
2008-11-08,100.6913,49.84
2008-11-09,100.6913,49.84
2008-11-10,100.86,49.92
2008-11-11,100.86,49.92
2008-11-12,100.639,49.81
2008-11-13,100.5627,49.77
2008-11-14,100.531,49.75
2008-11-15,100.531,49.75
2008-11-16,100.531,49.75
2008-11-17,100.4162,49.69
2008-11-18,100.3724,49.55
2008-11-19,100.3697,49.54
2008-11-20,100.3902,49.55
2008-11-21,100.3441,49.53
2008-11-22,100.3441,49.53
2008-11-23,100.3441,49.53
2008-11-24,100.3977,49.55
2008-11-25,100.5969,49.65
2008-11-26,100.6436,49.67
2008-11-27,100.6436,49.67
2008-11-28,100.7169,49.70
2008-11-29,100.7169,49.70
2008-11-30,100.7169,49.70
2008-12-01,100.4637,49.58
2008-12-02,100.4314,49.56
2008-12-03,100.398,49.54
2008-12-04,100.4632,49.57
2008-12-05,100.4879,49.58
2008-12-06,100.4879,49.58
2008-12-07,100.4879,49.58
2008-12-08,100.5757,49.62
2008-12-09,100.7918,49.73
2008-12-10,100.8794,49.77
2008-12-11,100.9398,49.80
2008-12-12,101.104,49.88
2008-12-13,101.104,49.88
2008-12-14,101.104,49.88
2008-12-15,101.1282,49.89
2008-12-16,101.2707,49.88
2008-12-17,101.4805,49.98
2008-12-18,101.7909,50.14
2008-12-19,101.6783,50.08
2008-12-20,101.6783,50.08
2008-12-21,101.6783,50.08
2008-12-22,101.5896,50.03
2008-12-23,101.6098,50.04
2008-12-24,101.6545,50.06
2008-12-25,101.6545,50.06
2008-12-26,101.6545,50.06
2008-12-27,101.6545,50.06
2008-12-28,101.6545,50.06
2008-12-29,101.7547,50.11
2008-12-30,101.7602,50.11
2008-12-31,101.8465,50.15
2009-01-01,101.8465,50.15
2009-01-02,101.7161,50.08
2009-01-03,101.7161,50.08
2009-01-04,101.7161,50.08
2009-01-05,101.5903,50.02
2009-01-06,101.4746,49.96
2009-01-07,101.4601,49.95
2009-01-08,101.387,49.91
2009-01-09,101.3913,49.91
2009-01-10,101.3913,49.91
2009-01-11,101.3913,49.91
2009-01-12,101.3069,49.87
2009-01-13,101.2363,49.83
2009-01-14,101.3176,49.87
2009-01-15,101.2053,49.81
2009-01-16,101.2628,49.75
2009-01-17,101.2628,49.75
2009-01-18,101.2628,49.75
2009-01-19,101.2628,49.75
2009-01-20,101.1458,49.69
2009-01-21,101.1281,49.68
2009-01-22,101.2417,49.73
2009-01-23,101.1493,49.68
2009-01-24,101.1493,49.68
2009-01-25,101.1493,49.68
2009-01-26,101.1438,49.68
2009-01-27,101.1462,49.68
2009-01-28,101.1756,49.69
2009-01-29,101.1415,49.67
2009-01-30,101.112,49.66
2009-01-31,101.112,49.66
2009-02-01,101.112,49.66
2009-02-02,101.0293,49.61
2009-02-03,101.0938,49.64
2009-02-04,101.1765,49.68
2009-02-05,101.1621,49.68
2009-02-06,101.1965,49.69
2009-02-07,101.1965,49.69
2009-02-08,101.1965,49.69
2009-02-09,101.3345,49.76
2009-02-10,101.3064,49.74
2009-02-11,101.1738,49.67
2009-02-12,101.2062,49.69
2009-02-13,101.1924,49.68
2009-02-14,101.1924,49.68
2009-02-15,101.1924,49.68
2009-02-16,101.1924,49.68
2009-02-17,101.0269,49.59
2009-02-18,100.9273,49.52
2009-02-19,100.929,49.52
2009-02-20,100.9138,49.51
2009-02-21,100.9138,49.51
2009-02-22,100.9138,49.51
2009-02-23,101.0383,49.57
2009-02-24,100.9248,49.51
2009-02-25,100.9965,49.55
2009-02-26,100.9169,49.51
2009-02-27,100.8385,49.47
2009-02-28,100.8385,49.47
2009-03-01,100.8385,49.47
2009-03-02,100.6807,49.39
2009-03-03,100.7033,49.40
2009-03-04,100.6758,49.38
2009-03-05,100.6966,49.39
2009-03-06,100.7287,49.41
2009-03-07,100.7287,49.40
2009-03-08,100.7287,49.40
2009-03-09,100.8119,49.44
2009-03-10,100.8145,49.44
2009-03-11,100.9189,49.49
2009-03-12,100.9826,49.52
2009-03-13,100.9099,49.49
2009-03-14,100.9099,49.49
2009-03-15,100.9099,49.48
2009-03-16,100.8908,49.47
2009-03-17,100.9661,49.51
2009-03-18,101.0277,49.54
2009-03-19,101.1673,49.61
2009-03-20,101.2867,49.66
2009-03-21,101.2867,49.66
2009-03-22,101.2867,49.66
2009-03-23,101.271,49.65
2009-03-24,101.3788,49.70
2009-03-25,101.2534,49.64
2009-03-26,101.3071,49.67
2009-03-27,101.3592,49.69
2009-03-28,101.3592,49.69
2009-03-29,101.3592,49.69
2009-03-30,101.2003,49.61
2009-03-31,101.182,49.60
2009-04-01,101.1513,49.58
2009-04-02,101.2285,49.62
2009-04-03,101.3969,49.70
2009-04-04,101.3969,49.70
2009-04-05,101.3969,49.70
2009-04-06,101.4424,49.72
2009-04-07,101.3326,49.66
2009-04-08,101.2048,49.60
2009-04-09,101.2421,49.62
2009-04-10,101.2421,49.62
2009-04-11,101.2421,49.61
2009-04-12,101.2421,49.61
2009-04-13,101.2421,49.61
2009-04-14,101.4079,49.69
2009-04-15,101.3929,49.68
2009-04-16,101.461,49.72
2009-04-17,101.4679,49.72
2009-04-18,101.4679,49.72
2009-04-19,101.4679,49.72
2009-04-20,101.3464,49.65
2009-04-21,101.2941,49.63
2009-04-22,101.3415,49.65
2009-04-23,101.3637,49.66
2009-04-24,101.5008,49.73
2009-04-25,101.5008,49.72
2009-04-26,101.5008,49.72
2009-04-27,101.5492,49.75
2009-04-28,101.46,49.70
2009-04-29,101.5368,49.74
2009-04-30,101.7068,49.82
2009-05-01,101.7068,49.82
2009-05-02,101.7068,49.82
2009-05-03,101.7068,49.82
2009-05-04,101.7068,49.81
2009-05-05,101.8332,49.87
2009-05-06,101.7592,49.84
2009-05-07,101.8686,49.89
2009-05-08,101.8517,49.88
2009-05-09,101.8517,49.88
2009-05-10,101.8517,49.88
2009-05-11,102.0204,49.96
2009-05-12,101.9748,49.94
2009-05-13,102.0695,49.98
2009-05-14,101.8936,49.89
2009-05-15,101.9233,49.91
2009-05-16,101.9233,49.91
2009-05-17,101.9233,49.90
2009-05-18,101.8029,49.84
2009-05-19,101.9108,49.90
2009-05-20,101.922,49.90
2009-05-21,102.0363,49.95
2009-05-22,102.1564,50.01
2009-05-23,102.1564,50.01
2009-05-24,102.1564,50.01
2009-05-25,102.1564,50.01
2009-05-26,102.119,49.99
2009-05-27,102.1462,50.00
2009-05-28,102.0082,49.93
2009-05-29,102.0823,49.97
2009-05-30,102.0823,49.97
2009-05-31,102.0823,49.96
2009-06-01,102.2354,50.04
2009-06-02,102.2321,50.04
2009-06-03,102.2664,50.05
2009-06-04,102.1706,50.00
2009-06-05,102.1554,49.99
2009-06-06,102.1554,49.99
2009-06-07,102.1554,49.99
2009-06-08,102.0165,49.92
2009-06-09,101.9387,49.88
2009-06-10,102.0742,49.95
2009-06-11,102.0807,49.95
2009-06-12,102.124,49.97
2009-06-13,102.124,49.97
2009-06-14,102.124,49.97
2009-06-15,102.017,49.91
2009-06-16,101.9447,49.88
2009-06-17,101.966,49.89
2009-06-18,102.0638,49.93
2009-06-19,101.9807,49.89
2009-06-20,101.9807,49.89
2009-06-21,101.9807,49.89
2009-06-22,101.9874,49.89
2009-06-23,101.9187,49.86
2009-06-24,102.0197,49.91
2009-06-25,101.9791,49.88
2009-06-26,102.0055,49.90
2009-06-27,102.0055,49.89
2009-06-28,102.0055,49.89
2009-06-29,102.0124,49.90
2009-06-30,102.0918,49.93
2009-07-01,102.0884,49.93
2009-07-02,102.1332,49.95
2009-07-03,102.1332,49.95
2009-07-04,102.1332,49.95
2009-07-05,102.1332,49.95
2009-07-06,102.0099,49.89
2009-07-07,101.9931,49.88
2009-07-08,101.9207,49.84
2009-07-09,101.9224,49.84
2009-07-10,101.9456,49.85
2009-07-11,101.9456,49.85
2009-07-12,101.9456,49.85
2009-07-13,101.9149,49.83
2009-07-14,101.9375,49.84
2009-07-15,101.9964,49.87
2009-07-16,102.0429,49.89
2009-07-17,102.0555,49.89
2009-07-18,102.0555,49.89
2009-07-19,102.0555,49.89
2009-07-20,102.1499,49.94
2009-07-21,102.2025,49.96
2009-07-22,102.1835,49.95
2009-07-23,102.2223,49.97
2009-07-24,102.1966,49.96
2009-07-25,102.1966,49.95
2009-07-26,102.1966,49.95
2009-07-27,102.2503,49.98
2009-07-28,102.2297,49.97
2009-07-29,102.2466,49.97
2009-07-30,102.1618,49.93
2009-07-31,102.2325,49.96
2009-08-01,102.2325,49.96
2009-08-02,102.2325,49.96
2009-08-03,102.3024,49.99
2009-08-04,102.3743,50.03
2009-08-05,102.3602,50.02
2009-08-06,102.3452,50.01
2009-08-07,102.3038,49.99
2009-08-08,102.3038,49.99
2009-08-09,102.3038,49.99
2009-08-10,102.2982,49.98
2009-08-11,102.167,49.92
2009-08-12,102.111,49.89
2009-08-13,102.1995,49.93
2009-08-14,102.2339,49.95
2009-08-15,102.2339,49.95
2009-08-16,102.2339,49.95
2009-08-17,102.1461,49.90
2009-08-18,102.1153,49.88
2009-08-19,102.1171,49.88
2009-08-20,102.1403,49.89
2009-08-21,102.2362,49.94
2009-08-22,102.2362,49.94
2009-08-23,102.2362,49.94
2009-08-24,102.284,49.96
2009-08-25,102.215,49.93
2009-08-26,102.2314,49.93
2009-08-27,102.1897,49.91
2009-08-28,102.1933,49.91
2009-08-29,102.1933,49.91
2009-08-30,102.1933,49.91
2009-08-31,102.1933,49.91
2009-09-01,102.2568,49.94
2009-09-02,102.1964,49.91
2009-09-03,102.2482,49.93
2009-09-04,102.2497,49.93
2009-09-05,102.2497,49.93
2009-09-06,102.2497,49.93
2009-09-07,102.2497,49.93
2009-09-08,102.3866,49.99
2009-09-09,102.5149,50.05
2009-09-10,102.5073,50.05
2009-09-11,102.5456,50.07
2009-09-12,102.5456,50.06
2009-09-13,102.5456,50.06
2009-09-14,102.4889,50.03
2009-09-15,102.5297,50.05
2009-09-16,102.5991,50.09
2009-09-17,102.724,50.15
2009-09-18,102.6283,50.10
2009-09-19,102.6283,50.10
2009-09-20,102.6283,50.10
2009-09-21,102.6222,50.09
2009-09-22,102.6342,50.10
2009-09-23,102.7167,50.13
2009-09-24,102.6339,50.09
2009-09-25,102.5991,50.07
2009-09-26,102.5991,50.07
2009-09-27,102.5991,50.07
2009-09-28,102.5811,50.06
2009-09-29,102.5824,50.06
2009-09-30,102.6526,50.09
2009-10-01,102.7099,50.12
2009-10-02,102.6585,50.10
2009-10-03,102.6585,50.09
2009-10-04,102.6585,50.09
2009-10-05,102.6892,50.11
2009-10-06,102.7795,50.15
2009-10-07,102.8125,50.16
2009-10-08,102.9613,50.24
2009-10-09,103.0073,50.26
2009-10-10,103.0073,50.26
2009-10-11,103.0073,50.25
2009-10-12,103.0073,50.25
2009-10-13,102.919,50.21
2009-10-14,102.9486,50.22
2009-10-15,103.0893,50.29
2009-10-16,103.0427,50.27
2009-10-17,103.0427,50.26
2009-10-18,103.0427,50.26
2009-10-19,102.9337,50.21
2009-10-20,103.0482,50.26
2009-10-21,102.9472,50.21
2009-10-22,102.9452,50.21
2009-10-23,102.9804,50.23
2009-10-24,102.9804,50.23
2009-10-25,102.9804,50.22
2009-10-26,102.9903,50.23
2009-10-27,102.903,50.18
2009-10-28,102.877,50.17
2009-10-29,102.8246,50.14
2009-10-30,102.9216,50.19
2009-10-31,102.9216,50.19
2009-11-01,102.9216,50.19
2009-11-02,102.8524,50.15
2009-11-03,102.9193,50.18
2009-11-04,102.8722,50.16
2009-11-05,102.9162,50.18
2009-11-06,102.9602,50.20
2009-11-07,102.9602,50.20
2009-11-08,102.9602,50.20
2009-11-09,103.0524,50.24
2009-11-10,103.0738,50.25
2009-11-11,103.0738,50.25
2009-11-12,103.0914,50.26
2009-11-13,103.0444,50.23
2009-11-14,103.0444,50.23
2009-11-15,103.0444,50.23
2009-11-16,103.107,50.26
2009-11-17,103.1415,50.27
2009-11-18,103.1028,50.25
2009-11-19,103.1011,50.25
2009-11-20,103.0367,50.22
2009-11-21,103.0367,50.22
2009-11-22,103.0367,50.22
2009-11-23,103.0914,50.24
2009-11-24,103.1034,50.25
2009-11-25,103.1343,50.26
2009-11-26,103.1343,50.26
2009-11-27,103.1806,50.28
2009-11-28,103.1806,50.28
2009-11-29,103.1806,50.28
2009-11-30,103.1606,50.27
2009-12-01,103.1315,50.25
2009-12-02,103.1739,50.27
2009-12-03,103.1743,50.27
2009-12-04,103.1507,50.26
2009-12-05,103.1507,50.26
2009-12-06,103.1507,50.26
2009-12-07,103.059,50.21
2009-12-08,103.0602,50.21
2009-12-09,102.9746,50.17
2009-12-10,103.0628,50.21
2009-12-11,103.0401,50.20
2009-12-12,103.0401,50.19
2009-12-13,103.0401,50.19
2009-12-14,102.9957,50.17
2009-12-15,103.0199,50.18
2009-12-16,102.934,50.14
2009-12-17,102.8744,50.11
2009-12-18,102.8414,50.09
2009-12-19,102.8414,50.09
2009-12-20,102.8414,50.09
2009-12-21,102.8207,50.08
2009-12-22,102.7774,50.05
2009-12-23,102.7234,50.03
2009-12-24,102.7752,50.05
2009-12-25,102.7752,50.05
2009-12-26,102.7752,50.05
2009-12-27,102.7752,50.05
2009-12-28,102.7752,50.05
2009-12-29,102.7697,50.04
2009-12-30,102.7799,50.05
2009-12-31,102.8249,50.07
2010-01-01,102.8249,50.07
2010-01-02,102.8249,50.06
2010-01-03,102.8249,50.06
2010-01-04,102.8264,50.06
2010-01-05,102.9278,50.11
2010-01-06,102.9409,50.12
2010-01-07,102.9883,50.14
2010-01-08,102.9173,50.10
2010-01-09,102.9173,50.10
2010-01-10,102.9173,50.10
2010-01-11,103.0616,50.17
2010-01-12,103.0497,50.16
2010-01-13,103.0524,50.16
2010-01-14,103.1135,50.19
2010-01-15,103.0603,50.16
2010-01-16,103.0603,50.16
2010-01-17,103.0603,50.16
2010-01-18,103.0603,50.16
2010-01-19,103.0623,50.16
2010-01-20,102.9727,50.11
2010-01-21,102.8595,50.06
2010-01-22,102.7842,50.02
2010-01-23,102.7842,50.02
2010-01-24,102.7842,50.02
2010-01-25,102.8362,50.04
2010-01-26,102.8856,50.06
2010-01-27,102.7999,50.02
2010-01-28,102.7902,50.02
2010-01-29,102.7966,50.02
2010-01-30,102.7966,50.02
2010-01-31,102.7966,50.01
2010-02-01,102.7378,49.99
2010-02-02,102.7475,49.99
2010-02-03,102.722,49.97
2010-02-04,102.6951,49.96
2010-02-05,102.5542,49.89
2010-02-06,102.5542,49.89
2010-02-07,102.5542,49.89
2010-02-08,102.5356,49.88
2010-02-09,102.5373,49.88
2010-02-10,102.593,49.90
2010-02-11,102.6615,49.94
2010-02-12,102.6695,49.94
2010-02-13,102.6695,49.94
2010-02-14,102.6695,49.94
2010-02-15,102.6695,49.93
2010-02-16,102.665,49.93
2010-02-17,102.8073,50.00
2010-02-18,102.7088,49.95
2010-02-19,102.6571,49.92
2010-02-20,102.6571,49.92
2010-02-21,102.6571,49.92
2010-02-22,102.7441,49.96
2010-02-23,102.7569,49.97
2010-02-24,102.7227,49.95
2010-02-25,102.6871,49.93
2010-02-26,102.743,49.96
2010-02-27,102.743,49.96
2010-02-28,102.743,49.95
2010-03-01,102.7939,49.98
2010-03-02,102.7887,49.97
2010-03-03,102.8446,50.00
2010-03-04,102.8739,50.01
2010-03-05,102.8426,50.00
2010-03-06,102.8426,50.00
2010-03-07,102.8426,49.99
2010-03-08,102.8734,50.01
2010-03-09,102.8583,50.00
2010-03-10,102.8933,50.02
2010-03-11,102.8869,50.01
2010-03-12,102.9039,50.02
2010-03-13,102.9039,50.02
2010-03-14,102.9039,50.02
2010-03-15,102.9229,50.02
2010-03-16,102.8814,50.00
2010-03-17,102.8962,50.01
2010-03-18,102.9155,50.02
2010-03-19,102.8794,50.00
2010-03-20,102.8794,50.00
2010-03-21,102.8794,50.00
2010-03-22,102.8341,49.97
2010-03-23,102.8059,49.96
2010-03-24,102.7644,49.94
2010-03-25,102.6994,49.90
2010-03-26,102.6936,49.90
2010-03-27,102.6936,49.90
2010-03-28,102.6936,49.90
2010-03-29,102.7416,49.92
2010-03-30,102.8157,49.95
2010-03-31,102.7649,49.93
2010-04-01,102.8046,49.95
2010-04-02,102.8046,49.94
2010-04-03,102.8046,49.94
2010-04-04,102.8046,49.94
2010-04-05,102.8046,49.94
2010-04-06,102.8214,49.95
2010-04-07,102.8718,49.97
2010-04-08,102.8428,49.96
2010-04-09,102.8792,49.97
2010-04-10,102.8792,49.97
2010-04-11,102.8792,49.97
2010-04-12,102.9909,50.02
2010-04-13,102.9268,49.99
2010-04-14,103.1331,50.09
2010-04-15,103.2078,50.12
2010-04-16,103.1697,50.10
2010-04-17,103.1697,50.10
2010-04-18,103.1697,50.10
2010-04-19,103.1326,50.08
2010-04-20,103.15,50.09
2010-04-21,103.1984,50.11
2010-04-22,103.1889,50.11
2010-04-23,103.213,50.12
2010-04-24,103.213,50.12
2010-04-25,103.213,50.11
2010-04-26,103.3007,50.16
2010-04-27,103.2791,50.14
2010-04-28,103.2097,50.11
2010-04-29,103.1792,50.09
2010-04-30,103.2578,50.13
2010-05-01,103.2578,50.13
2010-05-02,103.2578,50.13
2010-05-03,103.2578,50.13
2010-05-04,103.2211,50.11
2010-05-05,103.0325,50.01
2010-05-06,102.8773,49.94
2010-05-07,102.642,49.82
2010-05-08,102.642,49.82
2010-05-09,102.642,49.82
2010-05-10,103.0058,50.00
2010-05-11,103.0565,50.02
2010-05-12,102.9409,49.96
2010-05-13,102.9926,49.99
2010-05-14,102.9395,49.96
2010-05-15,102.9395,49.96
2010-05-16,102.9395,49.96
2010-05-17,102.6791,49.83
2010-05-18,102.7166,49.85
2010-05-19,102.6525,49.81
2010-05-20,102.6007,49.79
2010-05-21,102.3838,49.68
2010-05-22,102.3838,49.68
2010-05-23,102.3838,49.68
2010-05-24,102.4621,49.71
2010-05-25,102.3503,49.66
2010-05-26,102.3673,49.67
2010-05-27,102.4557,49.71
2010-05-28,102.4618,49.71
2010-05-29,102.4618,49.71
2010-05-30,102.4618,49.71
2010-05-31,102.4618,49.71
2010-06-01,102.5427,49.74
2010-06-02,102.3887,49.67
2010-06-03,102.5223,49.73
2010-06-04,102.5084,49.72
2010-06-05,102.5084,49.72
2010-06-06,102.5084,49.72
2010-06-07,102.2781,49.61
2010-06-08,102.3085,49.62
2010-06-09,102.2964,49.62
2010-06-10,102.3082,49.62
2010-06-11,102.4998,49.71
2010-06-12,102.4998,49.71
2010-06-13,102.4998,49.71
2010-06-14,102.5929,49.75
2010-06-15,102.5963,49.75
2010-06-16,102.6528,49.78
2010-06-17,102.6264,49.77
2010-06-18,102.7223,49.81
2010-06-19,102.7223,49.81
2010-06-20,102.7223,49.81
2010-06-21,103.0017,49.94
2010-06-22,103.0206,49.95
2010-06-23,102.9328,49.91
2010-06-24,102.8516,49.87
2010-06-25,102.8135,49.85
2010-06-26,102.8135,49.85
2010-06-27,102.8135,49.84
2010-06-28,102.9161,49.89
2010-06-29,102.8403,49.85
2010-06-30,102.623,49.75
2010-07-01,102.6595,49.76
2010-07-02,102.8452,49.85
2010-07-03,102.8452,49.85
2010-07-04,102.8452,49.85
2010-07-05,102.8452,49.85
2010-07-06,102.7528,49.80
2010-07-07,102.8243,49.84
2010-07-08,102.9583,49.90
2010-07-09,103.0453,49.94
2010-07-10,103.0453,49.94
2010-07-11,103.0453,49.94
2010-07-12,103.0479,49.94
2010-07-13,102.9873,49.91
2010-07-14,103.1177,49.97
2010-07-15,103.137,49.98
2010-07-16,103.1413,49.98
2010-07-17,103.1413,49.98
2010-07-18,103.1413,49.98
2010-07-19,103.0225,49.92
2010-07-20,103.1325,49.97
2010-07-21,103.1449,49.98
2010-07-22,103.0601,49.93
2010-07-23,103.1362,49.97
2010-07-24,103.1362,49.97
2010-07-25,103.1362,49.97
2010-07-26,103.264,50.03
2010-07-27,103.3568,50.07
2010-07-28,103.306,50.05
2010-07-29,103.27,50.03
2010-07-30,103.3362,50.06
2010-07-31,103.3362,50.06
2010-08-01,103.3362,50.05
2010-08-02,103.4657,50.12
2010-08-03,103.5232,50.14
2010-08-04,103.532,50.15
2010-08-05,103.4667,50.11
2010-08-06,103.5158,50.14
2010-08-07,103.5158,50.13
2010-08-08,103.5158,50.13
2010-08-09,103.5503,50.15
2010-08-10,103.537,50.14
2010-08-11,103.4563,50.10
2010-08-12,103.2417,50.00
2010-08-13,103.3178,50.03
2010-08-14,103.3178,50.03
2010-08-15,103.3178,50.03
2010-08-16,103.1909,49.97
2010-08-17,103.3596,50.05
2010-08-18,103.3804,50.06
2010-08-19,103.4323,50.08
2010-08-20,103.4134,50.07
2010-08-21,103.4134,50.07
2010-08-22,103.4134,50.07
2010-08-23,103.3356,50.03
2010-08-24,103.2777,50.00
2010-08-25,103.2716,49.99
2010-08-26,103.3049,50.01
2010-08-27,103.3278,50.02
2010-08-28,103.3278,50.02
2010-08-29,103.3278,50.02
2010-08-30,103.3278,50.02
2010-08-31,103.2955,50.00
2010-09-01,103.3197,50.01
2010-09-02,103.447,50.07
2010-09-03,103.4994,50.09
2010-09-04,103.4994,50.09
2010-09-05,103.4994,50.09
2010-09-06,103.4994,50.09
2010-09-07,103.5692,50.12
2010-09-08,103.522,50.10
2010-09-09,103.6171,50.14
2010-09-10,103.6791,50.17
2010-09-11,103.6791,50.17
2010-09-12,103.6791,50.17
2010-09-13,103.7726,50.21
2010-09-14,103.8518,50.25
2010-09-15,103.8785,50.26
2010-09-16,103.8801,50.26
2010-09-17,103.9081,50.27
2010-09-18,103.9081,50.27
2010-09-19,103.9081,50.27
2010-09-20,103.958,50.29
2010-09-21,104.0319,50.33
2010-09-22,104.1644,50.39
2010-09-23,104.2264,50.42
2010-09-24,104.1995,50.41
2010-09-25,104.1995,50.41
2010-09-26,104.1995,50.40
2010-09-27,104.2141,50.41
2010-09-28,104.2333,50.42
2010-09-29,104.3257,50.46
2010-09-30,104.3171,50.46
2010-10-01,104.3544,50.47
2010-10-02,104.3544,50.47
2010-10-03,104.3544,50.47
2010-10-04,104.3863,50.48
2010-10-05,104.3285,50.46
2010-10-06,104.4815,50.53
2010-10-07,104.5147,50.54
2010-10-08,104.5486,50.56
2010-10-09,104.5486,50.56
2010-10-10,104.5486,50.56
2010-10-11,104.5486,50.55
2010-10-12,104.547,50.55
2010-10-13,104.6292,50.59
2010-10-14,104.8223,50.68
2010-10-15,104.7885,50.67
2010-10-16,104.7885,50.66
2010-10-17,104.7885,50.66
2010-10-18,104.6734,50.61
2010-10-19,104.8197,50.68
2010-10-20,104.6079,50.57
2010-10-21,104.7497,50.64
2010-10-22,104.7179,50.62
2010-10-23,104.7179,50.62
2010-10-24,104.7179,50.62
2010-10-25,104.8157,50.67
2010-10-26,104.8524,50.68
2010-10-27,104.6934,50.60
2010-10-28,104.6368,50.58
2010-10-29,104.726,50.62
2010-10-30,104.726,50.62
2010-10-31,104.726,50.62
2010-11-01,104.8951,50.70
2010-11-02,104.8571,50.68
2010-11-03,104.9521,50.72
2010-11-04,105.0449,50.76
2010-11-05,105.074,50.78
2010-11-06,105.074,50.78
2010-11-07,105.074,50.78
2010-11-08,104.9778,50.73
2010-11-09,105.0579,50.76
2010-11-10,104.9936,50.73
2010-11-11,104.9936,50.73
2010-11-12,104.9747,50.72
2010-11-13,104.9747,50.72
2010-11-14,104.9747,50.72
2010-11-15,104.8769,50.67
2010-11-16,104.811,50.64
2010-11-17,104.7959,50.63
2010-11-18,104.7761,50.62
2010-11-19,104.8704,50.66
2010-11-20,104.8704,50.66
2010-11-21,104.8704,50.66
2010-11-22,104.9242,50.68
2010-11-23,104.7508,50.60
2010-11-24,104.5185,50.49
2010-11-25,104.5185,50.48
2010-11-26,104.5376,50.49
2010-11-27,104.5376,50.49
2010-11-28,104.5376,50.49
2010-11-29,104.3727,50.41
2010-11-30,104.3441,50.39
2010-12-01,104.3127,50.38
2010-12-02,104.4703,50.45
2010-12-03,104.55,50.49
2010-12-04,104.55,50.49
2010-12-05,104.55,50.49
2010-12-06,104.6934,50.56
2010-12-07,104.6395,50.53
2010-12-08,104.4648,50.44
2010-12-09,104.5076,50.46
2010-12-10,104.5229,50.47
2010-12-11,104.5229,50.47
2010-12-12,104.5229,50.47
2010-12-13,104.5474,50.48
2010-12-14,104.6491,50.52
2010-12-15,104.5604,50.48
2010-12-16,104.3625,50.38
2010-12-17,104.427,50.41
2010-12-18,104.427,50.41
2010-12-19,104.427,50.41
2010-12-20,104.2942,50.35
2010-12-21,104.3889,50.39
2010-12-22,104.4493,50.42
2010-12-23,104.5735,50.48
2010-12-24,104.5735,50.48
2010-12-25,104.5735,50.47
2010-12-26,104.5735,50.47
2010-12-27,104.5735,50.47
2010-12-28,104.5735,50.47
2010-12-29,104.7645,50.56
2010-12-30,104.8944,50.62
2010-12-31,104.952,50.65
2011-01-01,104.952,50.65
2011-01-02,104.952,50.65
2011-01-03,104.952,50.65
2011-01-04,105.0238,50.68
2011-01-05,104.955,50.64
2011-01-06,104.8709,50.60
2011-01-07,104.8458,50.59
2011-01-08,104.8458,50.59
2011-01-09,104.8458,50.59
2011-01-10,104.8437,50.58
2011-01-11,104.8512,50.59
2011-01-12,104.9899,50.65
2011-01-13,105.0627,50.69
2011-01-14,105.1034,50.71
2011-01-15,105.1034,50.70
2011-01-16,105.1034,50.70
2011-01-17,105.1034,50.70
2011-01-18,105.0576,50.68
2011-01-19,105.1663,50.73
2011-01-20,105.0612,50.68
2011-01-21,105.0238,50.66
2011-01-22,105.0238,50.66
2011-01-23,105.0238,50.66
2011-01-24,105.0724,50.68
2011-01-25,105.1274,50.70
2011-01-26,105.1408,50.71
2011-01-27,105.1845,50.73
2011-01-28,105.1221,50.70
2011-01-29,105.1221,50.70
2011-01-30,105.1221,50.69
2011-01-31,105.0641,50.67
2011-02-01,105.2219,50.74
2011-02-02,105.313,50.78
2011-02-03,105.2997,50.78
2011-02-04,105.3063,50.78
2011-02-05,105.3063,50.78
2011-02-06,105.3063,50.77
2011-02-07,105.342,50.79
2011-02-08,105.364,50.80
2011-02-09,105.3518,50.79
2011-02-10,105.296,50.76
2011-02-11,105.1585,50.70
2011-02-12,105.1585,50.70
2011-02-13,105.1585,50.69
2011-02-14,105.1267,50.68
2011-02-15,105.1601,50.69
2011-02-16,105.1801,50.70
2011-02-17,105.2555,50.74
2011-02-18,105.3175,50.77
2011-02-19,105.3175,50.76
2011-02-20,105.3175,50.76
2011-02-21,105.3175,50.76
2011-02-22,105.1751,50.69
2011-02-23,105.1931,50.70
2011-02-24,105.2553,50.73
2011-02-25,105.2365,50.72
2011-02-26,105.2365,50.72
2011-02-27,105.2365,50.71
2011-02-28,105.2928,50.74
2011-03-01,105.3769,50.78
2011-03-02,105.3196,50.75
2011-03-03,105.4036,50.79
2011-03-04,105.4465,50.81
2011-03-05,105.4465,50.81
2011-03-06,105.4465,50.81
2011-03-07,105.4722,50.82
2011-03-08,105.4549,50.81
2011-03-09,105.394,50.78
2011-03-10,105.4074,50.78
2011-03-11,105.3428,50.75
2011-03-12,105.3428,50.75
2011-03-13,105.3428,50.75
2011-03-14,105.3677,50.76
2011-03-15,105.3219,50.74
2011-03-16,105.2202,50.69
2011-03-17,105.1236,50.64
2011-03-18,105.2868,50.72
2011-03-19,105.2868,50.71
2011-03-20,105.2868,50.71
2011-03-21,105.3864,50.76
2011-03-22,105.4566,50.79
2011-03-23,105.4831,50.80
2011-03-24,105.4906,50.81
2011-03-25,105.5666,50.84
2011-03-26,105.5666,50.84
2011-03-27,105.5666,50.84
2011-03-28,105.5175,50.81
2011-03-29,105.4938,50.80
2011-03-30,105.5352,50.82
2011-03-31,105.583,50.84
2011-04-01,105.6158,50.86
2011-04-02,105.6158,50.86
2011-04-03,105.6158,50.85
2011-04-04,105.6452,50.87
2011-04-05,105.6269,50.86
2011-04-06,105.6712,50.88
2011-04-07,105.6704,50.88
2011-04-08,105.6918,50.88
2011-04-09,105.6918,50.88
2011-04-10,105.6918,50.88
2011-04-11,105.7954,50.93
2011-04-12,105.6971,50.88
2011-04-13,105.7241,50.89
2011-04-14,105.8788,50.97
2011-04-15,105.9959,51.02
2011-04-16,105.9959,51.02
2011-04-17,105.9959,51.02
2011-04-18,105.9943,51.02
2011-04-19,105.8596,50.95
2011-04-20,106.0648,51.05
2011-04-21,106.1848,51.11
2011-04-22,106.1848,51.10
2011-04-23,106.1848,51.10
2011-04-24,106.1848,51.10
2011-04-25,106.1848,51.10
2011-04-26,106.1967,51.11
2011-04-27,106.3386,51.17
2011-04-28,106.4222,51.21
2011-04-29,106.4222,51.21
2011-04-30,106.4222,51.21
2011-05-01,106.4222,51.21
2011-05-02,106.4222,51.21
2011-05-03,106.4586,51.22
2011-05-04,106.3368,51.16
2011-05-05,106.2888,51.14
2011-05-06,106.231,51.11
2011-05-07,106.231,51.11
2011-05-08,106.231,51.11
2011-05-09,106.2959,51.14
2011-05-10,106.2987,51.14
2011-05-11,106.3266,51.15
2011-05-12,106.2014,51.09
2011-05-13,106.0853,51.03
2011-05-14,106.0853,51.03
2011-05-15,106.0853,51.03
2011-05-16,105.946,50.96
2011-05-17,105.9133,50.94
2011-05-18,106.0463,51.01
2011-05-19,106.1561,51.06
2011-05-20,106.2012,51.08
2011-05-21,106.2012,51.08
2011-05-22,106.2012,51.08
2011-05-23,106.0381,51.00
2011-05-24,105.9441,50.95
2011-05-25,105.9555,50.95
2011-05-26,106.0376,50.99
2011-05-27,106.135,51.04
2011-05-28,106.135,51.04
2011-05-29,106.135,51.03
2011-05-30,106.135,51.03
2011-05-31,106.2953,51.11
2011-06-01,106.299,51.11
2011-06-02,106.171,51.05
2011-06-03,106.2787,51.10
2011-06-04,106.2787,51.10
2011-06-05,106.2787,51.09
2011-06-06,106.3471,51.13
2011-06-07,106.3242,51.11
2011-06-08,106.3432,51.12
2011-06-09,106.3215,51.11
2011-06-10,106.3192,51.11
2011-06-11,106.3192,51.11
2011-06-12,106.3192,51.11
2011-06-13,106.145,51.02
2011-06-14,106.2742,51.08
2011-06-15,106.2959,51.09
2011-06-16,106.147,51.02
2011-06-17,106.1495,51.02
2011-06-18,106.1495,51.02
2011-06-19,106.1495,51.02
2011-06-20,106.2642,51.07
2011-06-21,106.2277,51.05
2011-06-22,106.2824,51.08
2011-06-23,106.2455,51.06
2011-06-24,106.2193,51.04
2011-06-25,106.2193,51.04
2011-06-26,106.2193,51.04
2011-06-27,106.1304,51.00
2011-06-28,106.1284,50.99
2011-06-29,106.1778,51.02
2011-06-30,106.3437,51.09
2011-07-01,106.3885,51.12
2011-07-02,106.3885,51.11
2011-07-03,106.3885,51.11
2011-07-04,106.3885,51.11
2011-07-05,106.4331,51.13
2011-07-06,106.4451,51.14
2011-07-07,106.4187,51.12
2011-07-08,106.4844,51.15
2011-07-09,106.4844,51.15
2011-07-10,106.4844,51.15
2011-07-11,106.5152,51.16
2011-07-12,106.3384,51.08
2011-07-13,106.4097,51.11
2011-07-14,106.5903,51.20
2011-07-15,106.606,51.20
2011-07-16,106.606,51.20
2011-07-17,106.606,51.20
2011-07-18,106.5398,51.17
2011-07-19,106.5856,51.19
2011-07-20,106.6615,51.22
2011-07-21,106.718,51.25
2011-07-22,106.7719,51.27
2011-07-23,106.7719,51.27
2011-07-24,106.7719,51.27
2011-07-25,106.7943,51.28
2011-07-26,106.8764,51.32
2011-07-27,106.9846,51.37
2011-07-28,106.9269,51.34
2011-07-29,106.9112,51.33
2011-07-30,106.9112,51.33
2011-07-31,106.9112,51.33
2011-08-01,106.9583,51.35
2011-08-02,106.9516,51.35
2011-08-03,106.8035,51.27
2011-08-04,106.8315,51.29
2011-08-05,106.5952,51.17
2011-08-06,106.5952,51.17
2011-08-07,106.5952,51.17
2011-08-08,106.7243,51.23
2011-08-09,106.7448,51.24
2011-08-10,106.8822,51.30
2011-08-11,106.8804,51.30
2011-08-12,106.9195,51.32
2011-08-13,106.9195,51.32
2011-08-14,106.9195,51.32
2011-08-15,107.0118,51.36
2011-08-16,107.121,51.41
2011-08-17,107.0508,51.37
2011-08-18,107.0288,51.36
2011-08-19,106.8477,51.27
2011-08-20,106.8477,51.27
2011-08-21,106.8477,51.27
2011-08-22,106.9362,51.31
2011-08-23,107.004,51.34
2011-08-24,107.0468,51.36
2011-08-25,106.9913,51.34
2011-08-26,106.97,51.32
2011-08-27,106.97,51.32
2011-08-28,106.97,51.32
2011-08-29,106.97,51.32
2011-08-30,107.0208,51.34
2011-08-31,107.0339,51.35
2011-09-01,107.128,51.39
2011-09-02,107.0751,51.37
2011-09-03,107.0751,51.36
2011-09-04,107.0751,51.36
2011-09-05,107.0751,51.36
2011-09-06,106.965,51.31
2011-09-07,106.9545,51.30
2011-09-08,106.986,51.32
2011-09-09,106.8605,51.25
2011-09-10,106.8605,51.25
2011-09-11,106.8605,51.25
2011-09-12,106.5371,51.10
2011-09-13,106.4448,51.05
2011-09-14,106.2632,50.96
2011-09-15,106.338,51.00
2011-09-16,106.4783,51.06
2011-09-17,106.4783,51.06
2011-09-18,106.4783,51.06
2011-09-19,106.1939,50.92
2011-09-20,105.9217,50.79
2011-09-21,106.1057,50.88
2011-09-22,105.6348,50.65
2011-09-23,105.385,50.53
2011-09-24,105.385,50.53
2011-09-25,105.385,50.53
2011-09-26,105.4554,50.56
2011-09-27,105.73,50.69
2011-09-28,105.7721,50.71
2011-09-29,105.5527,50.60
2011-09-30,105.6173,50.63
2011-10-01,105.6173,50.63
2011-10-02,105.6173,50.63
2011-10-03,105.4454,50.55
2011-10-04,105.4049,50.53
2011-10-05,105.5297,50.58
2011-10-06,105.6066,50.62
2011-10-07,105.7457,50.69
2011-10-08,105.7457,50.68
2011-10-09,105.7457,50.68
2011-10-10,105.7457,50.68
2011-10-11,105.9607,50.78
2011-10-12,105.7833,50.70
2011-10-13,105.899,50.75
2011-10-14,105.9658,50.78
2011-10-15,105.9658,50.78
2011-10-16,105.9658,50.78
2011-10-17,106.1184,50.85
2011-10-18,106.0497,50.82
2011-10-19,106.1023,50.84
2011-10-20,106.0944,50.84
2011-10-21,105.9752,50.78
2011-10-22,105.9752,50.78
2011-10-23,105.9752,50.78
2011-10-24,106.1026,50.84
2011-10-25,106.2901,50.92
2011-10-26,106.2705,50.91
2011-10-27,106.2519,50.90
2011-10-28,106.6461,51.09
2011-10-29,106.6461,51.09
2011-10-30,106.6461,51.09
2011-10-31,106.6985,51.11
2011-11-01,106.49,51.01
2011-11-02,106.1702,50.86
2011-11-03,106.1064,50.82
2011-11-04,106.387,50.96
2011-11-05,106.387,50.96
2011-11-06,106.387,50.96
2011-11-07,106.3519,50.94
2011-11-08,106.3104,50.92
2011-11-09,106.3177,50.92
2011-11-10,105.8881,50.71
2011-11-11,105.8881,50.71
2011-11-12,105.8881,50.71
2011-11-13,105.8881,50.71
2011-11-14,106.0147,50.77
2011-11-15,105.8745,50.70
2011-11-16,105.6757,50.60
2011-11-17,105.662,50.59
2011-11-18,105.6966,50.61
2011-11-19,105.6966,50.61
2011-11-20,105.6966,50.61
2011-11-21,105.6333,50.58
2011-11-22,105.5612,50.54
2011-11-23,105.5034,50.51
2011-11-24,105.5034,50.51
2011-11-25,105.395,50.46
2011-11-26,105.395,50.46
2011-11-27,105.395,50.45
2011-11-28,105.5033,50.50
2011-11-29,105.5612,50.53
2011-11-30,105.7318,50.61
2011-12-01,105.9686,50.72
2011-12-02,106.0112,50.74
2011-12-03,106.0112,50.74
2011-12-04,106.0112,50.74
2011-12-05,106.0149,50.74
2011-12-06,106.0354,50.75
2011-12-07,106.0595,50.76
2011-12-08,105.9887,50.72
2011-12-09,105.8348,50.65
2011-12-10,105.8348,50.65
2011-12-11,105.8348,50.65
2011-12-12,105.8548,50.66
2011-12-13,105.7308,50.60
2011-12-14,105.6338,50.55
2011-12-15,105.5022,50.48
2011-12-16,105.6656,50.56
2011-12-17,105.6656,50.56
2011-12-18,105.6656,50.56
2011-12-19,105.6391,50.54
2011-12-20,105.5972,50.52
2011-12-21,105.8683,50.65
2011-12-22,105.8101,50.62
2011-12-23,105.9518,50.69
2011-12-24,105.9518,50.69
2011-12-25,105.9518,50.69
2011-12-26,105.9518,50.68
2011-12-27,105.9518,50.68
2011-12-28,105.8244,50.62
2011-12-29,105.7806,50.60
2011-12-30,105.8468,50.63
2011-12-31,105.8468,50.63
2012-01-01,105.8468,50.63
2012-01-02,105.8468,50.63
2012-01-03,105.9355,50.67
2012-01-04,106.042,50.72
2012-01-05,106.0327,50.71
2012-01-06,105.9351,50.66
2012-01-07,105.9351,50.66
2012-01-08,105.9351,50.66
2012-01-09,105.8151,50.60
2012-01-10,105.9693,50.67
2012-01-11,105.9654,50.67
2012-01-12,105.9409,50.66
2012-01-13,106.0128,50.69
2012-01-14,106.0128,50.69
2012-01-15,106.0128,50.69
2012-01-16,106.0128,50.69
2012-01-17,106.019,50.69
2012-01-18,106.1371,50.75
2012-01-19,106.2639,50.80
2012-01-20,106.3294,50.83
2012-01-21,106.3294,50.83
2012-01-22,106.3294,50.83
2012-01-23,106.395,50.86
2012-01-24,106.3083,50.82
2012-01-25,106.5254,50.92
2012-01-26,106.6812,51.00
2012-01-27,106.7223,51.01
2012-01-28,106.7223,51.01
2012-01-29,106.7223,51.01
2012-01-30,106.7497,51.02
2012-01-31,106.7276,51.01
2012-02-01,106.6327,50.96
2012-02-02,106.79,51.04
2012-02-03,106.7761,51.03
2012-02-04,106.7761,51.03
2012-02-05,106.7761,51.03
2012-02-06,106.8111,51.04
2012-02-07,106.7803,51.03
2012-02-08,106.8892,51.08
2012-02-09,106.8505,51.06
2012-02-10,106.7594,51.01
2012-02-11,106.7594,51.01
2012-02-12,106.7594,51.01
2012-02-13,106.6869,50.98
2012-02-14,106.6077,50.94
2012-02-15,106.6057,50.93
2012-02-16,106.4865,50.88
2012-02-17,106.5958,50.93
2012-02-18,106.5958,50.93
2012-02-19,106.5958,50.92
2012-02-20,106.5958,50.92
2012-02-21,106.7052,50.97
2012-02-22,106.6034,50.92
2012-02-23,106.6064,50.92
2012-02-24,106.716,50.98
2012-02-25,106.716,50.97
2012-02-26,106.716,50.97
2012-02-27,106.6449,50.94
2012-02-28,106.6959,50.96
2012-02-29,106.8451,51.03
2012-03-01,106.7415,50.98
2012-03-02,106.8115,51.01
2012-03-03,106.8115,51.01
2012-03-04,106.8115,51.01
2012-03-05,106.599,50.91
2012-03-06,106.5283,50.87
2012-03-07,106.4708,50.84
2012-03-08,106.5211,50.87
2012-03-09,106.7057,50.95
2012-03-10,106.7057,50.95
2012-03-11,106.7057,50.95
2012-03-12,106.5115,50.86
2012-03-13,106.5677,50.88
2012-03-14,106.4447,50.82
2012-03-15,106.3422,50.77
2012-03-16,106.5093,50.85
2012-03-17,106.5093,50.85
2012-03-18,106.5093,50.85
2012-03-19,106.5859,50.88
2012-03-20,106.6056,50.89
2012-03-21,106.5388,50.86
2012-03-22,106.505,50.84
2012-03-23,106.5272,50.85
2012-03-24,106.5272,50.85
2012-03-25,106.5272,50.85
2012-03-26,106.6244,50.89
2012-03-27,106.6628,50.91
2012-03-28,106.6898,50.92
2012-03-29,106.6025,50.88
2012-03-30,106.6642,50.91
2012-03-31,106.6642,50.91
2012-04-01,106.6642,50.91
2012-04-02,106.6855,50.91
2012-04-03,106.7373,50.94
2012-04-04,106.6408,50.89
2012-04-05,106.6318,50.88
2012-04-06,106.6318,50.88
2012-04-07,106.6318,50.88
2012-04-08,106.6318,50.88
2012-04-09,106.6318,50.88
2012-04-10,106.6082,50.87
2012-04-11,106.579,50.85
2012-04-12,106.6741,50.90
2012-04-13,106.8309,50.97
2012-04-14,106.8309,50.97
2012-04-15,106.8309,50.97
2012-04-16,106.7642,50.93
2012-04-17,106.8106,50.96
2012-04-18,106.8005,50.95
2012-04-19,106.7244,50.91
2012-04-20,106.7165,50.91
2012-04-21,106.7165,50.91
2012-04-22,106.7165,50.90
2012-04-23,106.8038,50.94
2012-04-24,106.8142,50.95
2012-04-25,106.8687,50.97
2012-04-26,106.9473,51.01
2012-04-27,107.0316,51.05
2012-04-28,107.0316,51.05
2012-04-29,107.0316,51.05
2012-04-30,107.1291,51.09
2012-05-01,107.1291,51.09
2012-05-02,107.211,51.13
2012-05-03,107.0728,51.06
2012-05-04,107.065,51.06
2012-05-05,107.065,51.05
2012-05-06,107.065,51.05
2012-05-07,107.065,51.05
2012-05-08,106.9465,50.99
2012-05-09,106.8818,50.96
2012-05-10,106.815,50.93
2012-05-11,106.7841,50.91
2012-05-12,106.7841,50.91
2012-05-13,106.7841,50.91
2012-05-14,106.7095,50.87
2012-05-15,106.6187,50.83
2012-05-16,106.4628,50.75
2012-05-17,106.4134,50.73
2012-05-18,106.2955,50.67
2012-05-19,106.2955,50.67
2012-05-20,106.2955,50.67
2012-05-21,106.4044,50.72
2012-05-22,106.4845,50.76
2012-05-23,106.2958,50.67
2012-05-24,106.2944,50.66
2012-05-25,106.2438,50.64
2012-05-26,106.2438,50.64
2012-05-27,106.2438,50.64
2012-05-28,106.2438,50.63
2012-05-29,106.2621,50.64
2012-05-30,106.253,50.64
2012-05-31,106.074,50.55
2012-06-01,106.1523,50.59
2012-06-02,106.1523,50.58
2012-06-03,106.1523,50.58
2012-06-04,106.1523,50.58
2012-06-05,106.1523,50.58
2012-06-06,106.2448,50.62
2012-06-07,106.3887,50.69
2012-06-08,106.3388,50.67
2012-06-09,106.3388,50.66
2012-06-10,106.3388,50.66
2012-06-11,106.4403,50.71
2012-06-12,106.3148,50.65
2012-06-13,106.2876,50.64
2012-06-14,106.2564,50.62
2012-06-15,106.36,50.67
2012-06-16,106.36,50.67
2012-06-17,106.36,50.66
2012-06-18,106.5033,50.73
2012-06-19,106.4913,50.72
2012-06-20,106.4443,50.70
2012-06-21,106.4995,50.73
2012-06-22,106.3811,50.67
2012-06-23,106.3811,50.67
2012-06-24,106.3811,50.67
2012-06-25,106.2418,50.60
2012-06-26,106.2558,50.60
2012-06-27,106.3013,50.62
2012-06-28,106.213,50.58
2012-06-29,106.3446,50.64
2012-06-30,106.3446,50.64
2012-07-01,106.3446,50.64
2012-07-02,106.4524,50.69
2012-07-03,106.4189,50.67
2012-07-04,106.4189,50.67
2012-07-05,106.4396,50.68
2012-07-06,106.4709,50.69
2012-07-07,106.4709,50.69
2012-07-08,106.4709,50.69
2012-07-09,106.4188,50.67
2012-07-10,106.4675,50.69
2012-07-11,106.5087,50.71
2012-07-12,106.4548,50.68
2012-07-13,106.3464,50.63
2012-07-14,106.3464,50.63
2012-07-15,106.3464,50.62
2012-07-16,106.4228,50.66
2012-07-17,106.4984,50.69
2012-07-18,106.5513,50.72
2012-07-19,106.5586,50.72
2012-07-20,106.6572,50.77
2012-07-21,106.6572,50.76
2012-07-22,106.6572,50.76
2012-07-23,106.4921,50.68
2012-07-24,106.4925,50.68
2012-07-25,106.4212,50.65
2012-07-26,106.4929,50.68
2012-07-27,106.6294,50.74
2012-07-28,106.6294,50.74
2012-07-29,106.6294,50.74
2012-07-30,106.6922,50.77
2012-07-31,106.7429,50.79
2012-08-01,106.7024,50.77
2012-08-02,106.6311,50.74
2012-08-03,106.6193,50.73
2012-08-04,106.6193,50.73
2012-08-05,106.6193,50.73
2012-08-06,106.7672,50.80
2012-08-07,106.7877,50.81
2012-08-08,106.7319,50.78
2012-08-09,106.68,50.75
2012-08-10,106.5921,50.71
2012-08-11,106.5921,50.71
2012-08-12,106.5921,50.71
2012-08-13,106.594,50.71
2012-08-14,106.5836,50.70
2012-08-15,106.5039,50.66
2012-08-16,106.4395,50.63
2012-08-17,106.4532,50.63
2012-08-18,106.4532,50.63
2012-08-19,106.4532,50.63
2012-08-20,106.4281,50.62
2012-08-21,106.463,50.63
2012-08-22,106.4934,50.65
2012-08-23,106.6028,50.70
2012-08-24,106.5866,50.69
2012-08-25,106.5866,50.69
2012-08-26,106.5866,50.69
2012-08-27,106.5866,50.68
2012-08-28,106.4306,50.61
2012-08-29,106.4063,50.60
2012-08-30,106.3939,50.59
2012-08-31,106.4459,50.61
2012-09-01,106.4459,50.61
2012-09-02,106.4459,50.61
2012-09-03,106.4459,50.61
2012-09-04,106.5873,50.68
2012-09-05,106.5272,50.65
2012-09-06,106.5534,50.66
2012-09-07,106.6082,50.68
2012-09-08,106.6082,50.68
2012-09-09,106.6082,50.68
2012-09-10,106.7681,50.75
2012-09-11,106.7748,50.76
2012-09-12,106.8769,50.80
2012-09-13,106.9002,50.81
2012-09-14,106.995,50.86
2012-09-15,106.995,50.86
2012-09-16,106.995,50.85
2012-09-17,107.0396,50.87
2012-09-18,106.9821,50.85
2012-09-19,106.9388,50.82
2012-09-20,106.9552,50.83
2012-09-21,106.9064,50.81
2012-09-22,106.9064,50.80
2012-09-23,106.9064,50.80
2012-09-24,106.8698,50.78
2012-09-25,106.8853,50.79
2012-09-26,106.7987,50.75
2012-09-27,106.9087,50.80
2012-09-28,106.8685,50.78
2012-09-29,106.8685,50.78
2012-09-30,106.8685,50.78
2012-10-01,106.7254,50.71
2012-10-02,106.9697,50.82
2012-10-03,106.6941,50.69
2012-10-04,106.7338,50.71
2012-10-05,106.8185,50.75
2012-10-06,106.8185,50.75
2012-10-07,106.8185,50.74
2012-10-08,106.8185,50.74
2012-10-09,106.7945,50.73
2012-10-10,106.7705,50.72
2012-10-11,106.8876,50.77
2012-10-12,107.1023,50.87
2012-10-13,107.1023,50.87
2012-10-14,107.1023,50.87
2012-10-15,107.1629,50.90
2012-10-16,107.2188,50.92
2012-10-17,107.2629,50.94
2012-10-18,107.335,50.98
2012-10-19,107.2235,50.92
2012-10-20,107.2235,50.92
2012-10-21,107.2235,50.92
2012-10-22,107.1963,50.91
2012-10-23,107.184,50.90
2012-10-24,107.1212,50.87
2012-10-25,107.2335,50.92
2012-10-26,107.2193,50.91
2012-10-27,107.2193,50.91
2012-10-28,107.2193,50.91
2012-10-29,107.2193,50.91
2012-10-30,107.2193,50.91
2012-10-31,107.2213,50.91
2012-11-01,107.2695,50.93
2012-11-02,107.187,50.89
2012-11-03,107.187,50.89
2012-11-04,107.187,50.88
2012-11-05,107.116,50.85
2012-11-06,107.1087,50.84
2012-11-07,107.1846,50.88
2012-11-08,107.2414,50.91
2012-11-09,107.1388,50.86
2012-11-10,107.1388,50.85
2012-11-11,107.1388,50.85
2012-11-12,107.1388,50.85
2012-11-13,107.2615,50.91
2012-11-14,107.2821,50.92
2012-11-15,107.3258,50.94
2012-11-16,107.2581,50.90
2012-11-17,107.2581,50.90
2012-11-18,107.2581,50.90
2012-11-19,107.313,50.93
2012-11-20,107.4054,50.94
2012-11-21,107.5239,50.99
2012-11-22,107.5239,50.99
2012-11-23,107.4532,50.96
2012-11-24,107.4532,50.96
2012-11-25,107.4532,50.96
2012-11-26,107.4083,50.93
2012-11-27,107.4456,50.95
2012-11-28,107.3977,50.93
2012-11-29,107.4738,50.96
2012-11-30,107.456,50.95
2012-12-01,107.456,50.95
2012-12-02,107.456,50.95
2012-12-03,107.4531,50.95
2012-12-04,107.467,50.95
2012-12-05,107.5023,50.97
2012-12-06,107.5301,50.98
2012-12-07,107.4326,50.93
2012-12-08,107.4326,50.93
2012-12-09,107.4326,50.93
2012-12-10,107.4092,50.92
2012-12-11,107.4533,50.94
2012-12-12,107.5055,50.96
2012-12-13,107.5796,50.99
2012-12-14,107.5706,50.99
2012-12-15,107.5706,50.99
2012-12-16,107.5706,50.99
2012-12-17,107.6246,51.01
2012-12-18,107.6126,50.95
2012-12-19,107.6274,50.96
2012-12-20,107.6545,50.97
2012-12-21,107.6108,50.95
2012-12-22,107.6108,50.95
2012-12-23,107.6108,50.94
2012-12-24,107.5037,50.89
2012-12-25,107.5037,50.89
2012-12-26,107.5037,50.89
2012-12-27,107.5792,50.92
2012-12-28,107.5917,50.93
2012-12-29,107.5917,50.93
2012-12-30,107.5917,50.93
2012-12-31,107.519,50.89
2013-01-01,107.519,50.89
2013-01-02,107.5385,50.90
2013-01-03,107.5381,50.90
2013-01-04,107.3845,50.82
2013-01-05,107.3845,50.82
2013-01-06,107.3845,50.82
2013-01-07,107.4097,50.83
2013-01-08,107.4608,50.85
2013-01-09,107.4789,50.86
2013-01-10,107.585,50.91
2013-01-11,107.7056,50.97
2013-01-12,107.7056,50.96
2013-01-13,107.7056,50.96
2013-01-14,107.6823,50.95
2013-01-15,107.7618,50.99
2013-01-16,107.6986,50.92
2013-01-17,107.7959,50.97
2013-01-18,107.6783,50.91
2013-01-19,107.6783,50.91
2013-01-20,107.6783,50.91
2013-01-21,107.6783,50.91
2013-01-22,107.6418,50.89
2013-01-23,107.8306,50.98
2013-01-24,107.7234,50.93
2013-01-25,107.5746,50.85
2013-01-26,107.5746,50.85
2013-01-27,107.5746,50.85
2013-01-28,107.4956,50.81
2013-01-29,107.4197,50.78
2013-01-30,107.5024,50.81
2013-01-31,107.5023,50.81
2013-02-01,107.3758,50.75
2013-02-02,107.3758,50.75
2013-02-03,107.3758,50.75
2013-02-04,107.4176,50.77
2013-02-05,107.4445,50.78
2013-02-06,107.4394,50.78
2013-02-07,107.5826,50.84
2013-02-08,107.553,50.83
2013-02-09,107.553,50.83
2013-02-10,107.553,50.82
2013-02-11,107.5609,50.83
2013-02-12,107.6133,50.85
2013-02-13,107.6313,50.86
2013-02-14,107.638,50.86
2013-02-15,107.6334,50.86
2013-02-16,107.6334,50.85
2013-02-17,107.6334,50.85
2013-02-18,107.6334,50.85
2013-02-19,107.6151,50.84
2013-02-20,107.6903,50.84
2013-02-21,107.6479,50.82
2013-02-22,107.6197,50.80
2013-02-23,107.6197,50.80
2013-02-24,107.6197,50.80
2013-02-25,107.5762,50.78
2013-02-26,107.5997,50.79
2013-02-27,107.5952,50.78
2013-02-28,107.7186,50.84
2013-03-01,107.6347,50.80
2013-03-02,107.6347,50.80
2013-03-03,107.6347,50.80
2013-03-04,107.5152,50.74
2013-03-05,107.5024,50.73
2013-03-06,107.5373,50.75
2013-03-07,107.4999,50.73
2013-03-08,107.5034,50.73
2013-03-09,107.5034,50.73
2013-03-10,107.5034,50.73
2013-03-11,107.4364,50.69
2013-03-12,107.488,50.72
2013-03-13,107.5099,50.73
2013-03-14,107.5769,50.76
2013-03-15,107.5978,50.77
2013-03-16,107.5978,50.76
2013-03-17,107.5978,50.76
2013-03-18,107.5785,50.75
2013-03-19,107.6047,50.72
2013-03-20,107.5618,50.70
2013-03-21,107.6491,50.74
2013-03-22,107.6132,50.72
2013-03-23,107.6132,50.72
2013-03-24,107.6132,50.72
2013-03-25,107.6854,50.75
2013-03-26,107.9389,50.87
2013-03-27,107.9105,50.85
2013-03-28,107.8984,50.85
2013-03-29,107.8984,50.85
2013-03-30,107.8984,50.85
2013-03-31,107.8984,50.84
2013-04-01,107.8984,50.84
2013-04-02,108.0547,50.92
2013-04-03,108.0084,50.89
2013-04-04,108.0544,50.91
2013-04-05,108.0023,50.89
2013-04-06,108.0023,50.89
2013-04-07,108.0023,50.88
2013-04-08,107.7584,50.77
2013-04-09,107.8066,50.79
2013-04-10,107.9409,50.85
2013-04-11,108.0036,50.88
2013-04-12,108.0631,50.91
2013-04-13,108.0631,50.91
2013-04-14,108.0631,50.90
2013-04-15,108.1256,50.93
2013-04-16,108.2969,50.95
2013-04-17,108.2272,50.92
2013-04-18,108.199,50.91
2013-04-19,108.1667,50.89
2013-04-20,108.1667,50.89
2013-04-21,108.1667,50.89
2013-04-22,108.0998,50.85
2013-04-23,108.0738,50.84
2013-04-24,108.0472,50.83
2013-04-25,108.2742,50.93
2013-04-26,108.1875,50.89
2013-04-27,108.1875,50.89
2013-04-28,108.1875,50.89
2013-04-29,108.2276,50.91
2013-04-30,108.2648,50.92
2013-05-01,108.2648,50.92
2013-05-02,108.3169,50.94
2013-05-03,108.2969,50.93
2013-05-04,108.2969,50.93
2013-05-05,108.2969,50.93
2013-05-06,108.2969,50.93
2013-05-07,108.4058,50.98
2013-05-08,108.4157,50.98
2013-05-09,108.5584,51.05
2013-05-10,108.3995,50.97
2013-05-11,108.3995,50.97
2013-05-12,108.3995,50.97
2013-05-13,108.336,50.94
2013-05-14,108.3947,50.97
2013-05-15,108.3477,50.94
2013-05-16,108.3429,50.89
2013-05-17,108.1666,50.81
2013-05-18,108.1666,50.81
2013-05-19,108.1666,50.80
2013-05-20,108.3313,50.88
2013-05-21,108.1835,50.81
2013-05-22,108.132,50.78
2013-05-23,108.0379,50.74
2013-05-24,107.9409,50.69
2013-05-25,107.9409,50.69
2013-05-26,107.9409,50.69
2013-05-27,107.9409,50.69
2013-05-28,108.0881,50.76
2013-05-29,107.9664,50.70
2013-05-30,108.0682,50.74
2013-05-31,108.1132,50.76
2013-06-01,108.1132,50.76
2013-06-02,108.1132,50.76
2013-06-03,108.1202,50.76
2013-06-04,108.306,50.85
2013-06-05,108.3611,50.87
2013-06-06,108.4777,50.93
2013-06-07,108.5836,50.98
2013-06-08,108.5836,50.98
2013-06-09,108.5836,50.97
2013-06-10,108.3846,50.88
2013-06-11,108.2932,50.84
2013-06-12,108.4337,50.90
2013-06-13,108.3872,50.88
2013-06-14,108.5389,50.95
2013-06-15,108.5389,50.95
2013-06-16,108.5389,50.94
2013-06-17,108.5033,50.93
2013-06-18,108.3751,50.82
2013-06-19,108.3488,50.81
2013-06-20,108.2295,50.75
2013-06-21,108.0715,50.67
2013-06-22,108.0715,50.67
2013-06-23,108.0715,50.67
2013-06-24,108.0163,50.64
2013-06-25,108.0633,50.66
2013-06-26,108.1284,50.69
2013-06-27,108.2397,50.74
2013-06-28,108.2845,50.76
2013-06-29,108.2845,50.76
2013-06-30,108.2845,50.76
2013-07-01,108.2161,50.73
2013-07-02,108.3666,50.80
2013-07-03,108.0907,50.67
2013-07-04,108.0907,50.67
2013-07-05,108.1486,50.69
2013-07-06,108.1486,50.69
2013-07-07,108.1486,50.69
2013-07-08,107.9287,50.59
2013-07-09,108.0484,50.64
2013-07-10,108.1093,50.67
2013-07-11,108.4688,50.83
2013-07-12,108.5297,50.86
2013-07-13,108.5297,50.86
2013-07-14,108.5297,50.86
2013-07-15,108.4742,50.83
2013-07-16,108.5218,50.82
2013-07-17,108.5328,50.82
2013-07-18,108.5123,50.81
2013-07-19,108.4135,50.76
2013-07-20,108.4135,50.76
2013-07-21,108.4135,50.76
2013-07-22,108.4949,50.80
2013-07-23,108.5568,50.83
2013-07-24,108.4916,50.79
2013-07-25,108.4548,50.78
2013-07-26,108.5011,50.80
2013-07-27,108.5011,50.80
2013-07-28,108.5011,50.79
2013-07-29,108.4789,50.78
2013-07-30,108.3791,50.73
2013-07-31,108.302,50.70
2013-08-01,108.3761,50.73
2013-08-02,108.2475,50.67
2013-08-03,108.2475,50.67
2013-08-04,108.2475,50.67
2013-08-05,108.31,50.69
2013-08-06,108.4149,50.74
2013-08-07,108.3839,50.73
2013-08-08,108.4473,50.76
2013-08-09,108.4288,50.75
2013-08-10,108.4288,50.74
2013-08-11,108.4288,50.74
2013-08-12,108.6011,50.82
2013-08-13,108.6597,50.85
2013-08-14,108.5581,50.80
2013-08-15,108.5784,50.81
2013-08-16,108.6907,50.81
2013-08-17,108.6907,50.81
2013-08-18,108.6907,50.81
2013-08-19,108.6,50.77
2013-08-20,108.5067,50.72
2013-08-21,108.3999,50.67
2013-08-22,108.3379,50.64
2013-08-23,108.3578,50.65
2013-08-24,108.3578,50.65
2013-08-25,108.3578,50.65
2013-08-26,108.3578,50.64
2013-08-27,108.3466,50.64
2013-08-28,108.3453,50.64
2013-08-29,108.4735,50.69
2013-08-30,108.407,50.66
2013-08-31,108.407,50.66
2013-09-01,108.407,50.66
2013-09-02,108.407,50.66
2013-09-03,108.4896,50.70
2013-09-04,108.3823,50.64
2013-09-05,108.4782,50.69
2013-09-06,108.3494,50.63
2013-09-07,108.3494,50.63
2013-09-08,108.3494,50.62
2013-09-09,108.4476,50.67
2013-09-10,108.6072,50.74
2013-09-11,108.6701,50.77
2013-09-12,108.7542,50.81
2013-09-13,108.7092,50.79
2013-09-14,108.7092,50.79
2013-09-15,108.7092,50.78
2013-09-16,108.8661,50.86
2013-09-17,108.9295,50.86
2013-09-18,108.8958,50.84
2013-09-19,109.1894,50.98
2013-09-20,109.2758,51.02
2013-09-21,109.2758,51.02
2013-09-22,109.2758,51.01
2013-09-23,109.1681,50.96
2013-09-24,109.0977,50.93
2013-09-25,109.0481,50.90
2013-09-26,109.074,50.92
2013-09-27,109.1173,50.93
2013-09-28,109.1173,50.93
2013-09-29,109.1173,50.93
2013-09-30,109.0171,50.88
2013-10-01,109.0707,50.91
2013-10-02,109.1077,50.92
2013-10-03,109.1899,50.96
2013-10-04,109.2171,50.97
2013-10-05,109.2171,50.97
2013-10-06,109.2171,50.97
2013-10-07,109.216,50.97
2013-10-08,109.2055,50.96
2013-10-09,109.1944,50.96
2013-10-10,109.1643,50.94
2013-10-11,109.2053,50.96
2013-10-12,109.2053,50.96
2013-10-13,109.2053,50.96
2013-10-14,109.2053,50.95
2013-10-15,109.316,51.00
2013-10-16,109.4008,51.04
2013-10-17,109.3783,51.03
2013-10-18,109.4545,51.07
2013-10-19,109.4545,51.06
2013-10-20,109.4545,51.06
2013-10-21,109.4628,51.07
2013-10-22,109.4008,51.01
2013-10-23,109.5561,51.08
2013-10-24,109.5425,51.08
2013-10-25,109.4899,51.05
2013-10-26,109.4899,51.05
2013-10-27,109.4899,51.05
2013-10-28,109.5227,51.06
2013-10-29,109.4632,51.03
2013-10-30,109.4223,51.01
2013-10-31,109.496,51.04
2013-11-01,109.3677,50.98
2013-11-02,109.3677,50.98
2013-11-03,109.3677,50.98
2013-11-04,109.3613,50.98
2013-11-05,109.3901,50.99
2013-11-06,109.3327,50.96
2013-11-07,109.4418,51.01
2013-11-08,109.3411,50.96
2013-11-09,109.3411,50.96
2013-11-10,109.3411,50.96
2013-11-11,109.3411,50.96
2013-11-12,109.3171,50.95
2013-11-13,109.331,50.95
2013-11-14,109.4723,51.02
2013-11-15,109.4483,51.00
2013-11-16,109.4483,51.00
2013-11-17,109.4483,51.00
2013-11-18,109.476,51.01
2013-11-19,109.5257,51.02
2013-11-20,109.5866,51.04
2013-11-21,109.5136,51.01
2013-11-22,109.4344,50.97
2013-11-23,109.4344,50.97
2013-11-24,109.4344,50.97
2013-11-25,109.4146,50.96
2013-11-26,109.4295,50.96
2013-11-27,109.3813,50.94
2013-11-28,109.3813,50.94
2013-11-29,109.4146,50.95
2013-11-30,109.4146,50.95
2013-12-01,109.4146,50.95
2013-12-02,109.4074,50.94
2013-12-03,109.343,50.91
2013-12-04,109.3993,50.94
2013-12-05,109.4062,50.94
2013-12-06,109.4284,50.95
2013-12-07,109.4284,50.95
2013-12-08,109.4284,50.95
2013-12-09,109.5059,50.98
2013-12-10,109.5346,50.99
2013-12-11,109.572,51.01
2013-12-12,109.5641,51.01
2013-12-13,109.5107,50.98
2013-12-14,109.5107,50.98
2013-12-15,109.5107,50.98
2013-12-16,109.5617,51.00
2013-12-17,109.5719,50.97
2013-12-18,109.5535,50.96
2013-12-19,109.4694,50.92
2013-12-20,109.33,50.85
2013-12-21,109.33,50.85
2013-12-22,109.33,50.85
2013-12-23,109.4961,50.93
2013-12-24,109.4792,50.92
2013-12-25,109.4792,50.92
2013-12-26,109.4792,50.91
2013-12-27,109.4585,50.90
2013-12-28,109.4585,50.90
2013-12-29,109.4585,50.90
2013-12-30,109.3929,50.87
2013-12-31,109.4185,50.88
2014-01-01,109.4185,50.88
2014-01-02,109.5133,50.92
2014-01-03,109.3657,50.85
2014-01-04,109.3657,50.85
2014-01-05,109.3657,50.85
2014-01-06,109.3335,50.83
2014-01-07,109.3376,50.83
2014-01-08,109.2966,50.81
2014-01-09,109.2974,50.81
2014-01-10,109.4174,50.87
2014-01-11,109.4174,50.87
2014-01-12,109.4174,50.86
2014-01-13,109.5714,50.93
2014-01-14,109.546,50.92
2014-01-15,109.4824,50.89
2014-01-16,109.4866,50.86
2014-01-17,109.432,50.83
2014-01-18,109.432,50.83
2014-01-19,109.432,50.83
2014-01-20,109.432,50.83
2014-01-21,109.4112,50.81
2014-01-22,109.3104,50.77
2014-01-23,109.2545,50.74
2014-01-24,109.2932,50.76
2014-01-25,109.2932,50.75
2014-01-26,109.2932,50.75
2014-01-27,109.3199,50.76
2014-01-28,109.5142,50.85
2014-01-29,109.5631,50.88
2014-01-30,109.5049,50.85
2014-01-31,109.4963,50.84
2014-02-01,109.4963,50.84
2014-02-02,109.4963,50.84
2014-02-03,109.4752,50.83
2014-02-04,109.5432,50.86
2014-02-05,109.617,50.89
2014-02-06,109.6627,50.91
2014-02-07,109.4768,50.82
2014-02-08,109.4768,50.82
2014-02-09,109.4768,50.82
2014-02-10,109.5305,50.85
2014-02-11,109.4823,50.82
2014-02-12,109.5769,50.86
2014-02-13,109.6078,50.88
2014-02-14,109.6667,50.90
2014-02-15,109.6667,50.90
2014-02-16,109.6667,50.90
2014-02-17,109.6667,50.90
2014-02-18,109.7729,50.95
2014-02-19,109.7043,50.89
2014-02-20,109.7183,50.89
2014-02-21,109.6465,50.86
2014-02-22,109.6465,50.85
2014-02-23,109.6465,50.85
2014-02-24,109.609,50.83
2014-02-25,109.7133,50.88
2014-02-26,109.7386,50.89
2014-02-27,109.7108,50.88
2014-02-28,109.7206,50.88
2014-03-01,109.7206,50.88
2014-03-02,109.7206,50.88
2014-03-03,109.7593,50.90
2014-03-04,109.6998,50.87
2014-03-05,109.672,50.85
2014-03-06,109.6686,50.85
2014-03-07,109.7356,50.88
2014-03-08,109.7356,50.88
2014-03-09,109.7356,50.88
2014-03-10,109.638,50.83
2014-03-11,109.6743,50.85
2014-03-12,109.6454,50.83
2014-03-13,109.6696,50.84
2014-03-14,109.6543,50.83
2014-03-15,109.6543,50.83
2014-03-16,109.6543,50.83
2014-03-17,109.6762,50.84
2014-03-18,109.7894,50.88
2014-03-19,109.8061,50.89
2014-03-20,109.5902,50.79
2014-03-21,109.6669,50.82
2014-03-22,109.6669,50.82
2014-03-23,109.6669,50.82
2014-03-24,109.7538,50.86
2014-03-25,109.7516,50.86
2014-03-26,109.7727,50.86
2014-03-27,109.7783,50.87
2014-03-28,109.9026,50.92
2014-03-29,109.9026,50.92
2014-03-30,109.9026,50.92
2014-03-31,109.9172,50.92
2014-04-01,109.9388,50.93
2014-04-02,109.9011,50.91
2014-04-03,109.775,50.86
2014-04-04,109.8558,50.89
2014-04-05,109.8558,50.89
2014-04-06,109.8558,50.89
2014-04-07,109.889,50.90
2014-04-08,109.9076,50.91
2014-04-09,110.0866,50.99
2014-04-10,110.0536,50.98
2014-04-11,110.0097,50.95
2014-04-12,110.0097,50.95
2014-04-13,110.0097,50.95
2014-04-14,109.9325,50.91
2014-04-15,109.8509,50.88
2014-04-16,109.8656,50.88
2014-04-17,109.8547,50.87
2014-04-18,109.8547,50.87
2014-04-19,109.8547,50.87
2014-04-20,109.8547,50.87
2014-04-21,109.8547,50.87
2014-04-22,109.7758,50.83
2014-04-23,109.8741,50.88
2014-04-24,109.8434,50.86
2014-04-25,109.9167,50.89
2014-04-26,109.9167,50.89
2014-04-27,109.9167,50.89
2014-04-28,109.9554,50.91
2014-04-29,109.7544,50.81
2014-04-30,110.0441,50.95
2014-05-01,110.0441,50.94
2014-05-02,110.0435,50.94
2014-05-03,110.0435,50.94
2014-05-04,110.0435,50.94
2014-05-05,110.0435,50.94
2014-05-06,110.0461,50.94
2014-05-07,110.06,50.94
2014-05-08,109.9767,50.91
2014-05-09,110.0691,50.95
2014-05-10,110.0691,50.95
2014-05-11,110.0691,50.94
2014-05-12,109.9649,50.89
2014-05-13,109.9327,50.88
2014-05-14,109.8534,50.84
2014-05-15,109.7808,50.81
2014-05-16,109.8257,50.83
2014-05-17,109.8257,50.82
2014-05-18,109.8257,50.82
2014-05-19,109.846,50.83
2014-05-20,109.8653,50.84
2014-05-21,109.8294,50.82
2014-05-22,109.7515,50.78
2014-05-23,109.8631,50.83
2014-05-24,109.8631,50.83
2014-05-25,109.8631,50.83
2014-05-26,109.8631,50.83
2014-05-27,109.7594,50.78
2014-05-28,109.7905,50.79
2014-05-29,109.6806,50.74
2014-05-30,109.8155,50.80
2014-05-31,109.8155,50.80
2014-06-01,109.8155,50.80
2014-06-02,109.5403,50.67
2014-06-03,109.8433,50.81
2014-06-04,109.7651,50.77
2014-06-05,109.6947,50.74
2014-06-06,109.8986,50.83
2014-06-07,109.8986,50.83
2014-06-08,109.8986,50.83
2014-06-09,110.011,50.88
2014-06-10,110.0388,50.89
2014-06-11,109.9385,50.85
2014-06-12,109.8231,50.79
2014-06-13,109.8163,50.79
2014-06-14,109.8163,50.79
2014-06-15,109.8163,50.78
2014-06-16,109.7226,50.74
2014-06-17,109.7198,50.74
2014-06-18,109.6868,50.72
2014-06-19,109.7125,50.73
2014-06-20,109.8061,50.77
2014-06-21,109.8061,50.77
2014-06-22,109.8061,50.77
2014-06-23,109.7897,50.76
2014-06-24,109.7779,50.75
2014-06-25,109.7802,50.75
2014-06-26,109.7853,50.76
2014-06-27,109.8023,50.76
2014-06-28,109.8023,50.76
2014-06-29,109.8023,50.76
2014-06-30,109.7857,50.75
2014-07-01,109.7987,50.76
2014-07-02,109.7069,50.71
2014-07-03,109.7973,50.75
2014-07-04,109.7973,50.75
2014-07-05,109.7973,50.75
2014-07-06,109.7973,50.75
2014-07-07,109.7203,50.71
2014-07-08,109.7332,50.72
2014-07-09,109.8157,50.75
2014-07-10,109.8423,50.76
2014-07-11,109.7925,50.74
2014-07-12,109.7925,50.74
2014-07-13,109.7925,50.74
2014-07-14,109.7861,50.73
2014-07-15,109.7373,50.71
2014-07-16,109.6889,50.69
2014-07-17,109.6789,50.68
2014-07-18,109.7252,50.70
2014-07-19,109.7252,50.70
2014-07-20,109.7252,50.70
2014-07-21,109.7543,50.71
2014-07-22,109.7889,50.73
2014-07-23,109.7832,50.72
2014-07-24,109.7552,50.71
2014-07-25,109.6072,50.64
2014-07-26,109.6072,50.64
2014-07-27,109.6072,50.64
2014-07-28,109.6053,50.63
2014-07-29,109.5912,50.63
2014-07-30,109.5802,50.62
2014-07-31,109.5047,50.58
2014-08-01,109.4586,50.56
2014-08-02,109.4586,50.56
2014-08-03,109.4586,50.56
2014-08-04,109.5513,50.60
2014-08-05,109.5632,50.60
2014-08-06,109.4802,50.56
2014-08-07,109.4591,50.55
2014-08-08,109.4007,50.53
2014-08-09,109.4007,50.52
2014-08-10,109.4007,50.52
2014-08-11,109.5084,50.57
2014-08-12,109.4993,50.57
2014-08-13,109.5007,50.57
2014-08-14,109.5255,50.58
2014-08-15,109.5766,50.60
2014-08-16,109.5766,50.60
2014-08-17,109.5766,50.60
2014-08-18,109.585,50.60
2014-08-19,109.5934,50.60
2014-08-20,109.5486,50.58
2014-08-21,109.4101,50.51
2014-08-22,109.4602,50.54
2014-08-23,109.4602,50.53
2014-08-24,109.4602,50.53
2014-08-25,109.4602,50.53
2014-08-26,109.453,50.53
2014-08-27,109.4609,50.53
2014-08-28,109.5287,50.56
2014-08-29,109.5092,50.55
2014-08-30,109.5092,50.55
2014-08-31,109.5092,50.55
2014-09-01,109.5092,50.55
2014-09-02,109.3883,50.49
2014-09-03,109.3574,50.47
2014-09-04,109.4673,50.52
2014-09-05,109.316,50.45
2014-09-06,109.316,50.45
2014-09-07,109.316,50.45
2014-09-08,109.3508,50.46
2014-09-09,109.3662,50.47
2014-09-10,109.3423,50.46
2014-09-11,109.3177,50.44
2014-09-12,109.2862,50.43
2014-09-13,109.2862,50.43
2014-09-14,109.2862,50.43
2014-09-15,109.2977,50.43
2014-09-16,109.373,50.46
2014-09-17,109.3714,50.46
2014-09-18,109.2369,50.40
2014-09-19,109.2702,50.41
2014-09-20,109.2702,50.41
2014-09-21,109.2702,50.41
2014-09-22,109.3188,50.43
2014-09-23,109.2537,50.40
2014-09-24,109.2758,50.41
2014-09-25,109.2912,50.42
2014-09-26,109.1642,50.36
2014-09-27,109.1642,50.35
2014-09-28,109.1642,50.35
2014-09-29,109.1378,50.34
2014-09-30,109.1859,50.36
2014-10-01,109.0484,50.30
2014-10-02,109.1939,50.36
2014-10-03,109.1471,50.34
2014-10-04,109.1471,50.34
2014-10-05,109.1471,50.34
2014-10-06,109.1849,50.35
2014-10-07,109.0945,50.31
2014-10-08,109.099,50.31
2014-10-09,109.2323,50.37
2014-10-10,109.2499,50.38
2014-10-11,109.2499,50.38
2014-10-12,109.2499,50.38
2014-10-13,109.2499,50.37
2014-10-14,109.291,50.39
2014-10-15,109.1406,50.32
2014-10-16,109.2727,50.38
2014-10-17,109.221,50.36
2014-10-18,109.221,50.35
2014-10-19,109.221,50.35
2014-10-20,109.2778,50.38
2014-10-21,109.3206,50.40
2014-10-22,109.273,50.37
2014-10-23,109.2469,50.36
2014-10-24,109.1324,50.31
2014-10-25,109.1324,50.31
2014-10-26,109.1324,50.30
2014-10-27,109.2581,50.36
2014-10-28,109.2677,50.36
2014-10-29,109.3105,50.38
2014-10-30,109.1585,50.31
2014-10-31,109.1168,50.29
2014-11-01,109.1168,50.29
2014-11-02,109.1168,50.29
2014-11-03,109.0492,50.26
2014-11-04,109.0077,50.24
2014-11-05,108.9368,50.20
2014-11-06,108.8645,50.17
2014-11-07,108.7998,50.14
2014-11-08,108.7998,50.13
2014-11-09,108.7998,50.13
2014-11-10,109.0843,50.26
2014-11-11,109.0843,50.26
2014-11-12,108.9896,50.22
2014-11-13,109.0105,50.23
2014-11-14,108.977,50.21
2014-11-17,108.9619,50.20
2014-11-18,108.9432,50.18
2014-11-19,108.928,50.18
2014-11-20,108.8929,50.16
2014-11-21,108.897,50.16
2014-11-24,108.8855,50.15
2014-11-25,108.8891,50.15
2014-11-26,108.9304,50.17
2014-11-27,108.9304,50.17
2014-11-28,108.9183,50.16
2014-12-01,108.8018,50.10
2014-12-02,108.8896,50.14
2014-12-03,108.7912,50.10
2014-12-04,108.7688,50.08
2014-12-05,108.7577,50.08
2014-12-08,108.6617,50.03
2014-12-09,108.6697,50.03
2014-12-10,108.7524,50.07
2014-12-11,108.8671,50.12
2014-12-12,108.8187,50.10
2014-12-15,108.8321,50.10
2014-12-16,108.8627,50.11
2014-12-17,108.9965,50.17
2014-12-18,108.8264,50.09
2014-12-19,108.8017,50.08
2014-12-22,108.7599,50.06
2014-12-23,108.6974,50.03
2014-12-24,109.016,50.17
2014-12-25,109.016,50.17
2014-12-29,108.651,50.00
2014-12-30,108.6033,49.98
2014-12-31,108.7037,50.02
2015-01-01,108.7037,50.02
2015-01-02,108.6261,49.98
2015-01-05,108.8514,50.08
2015-01-06,108.8205,50.07
2015-01-07,108.4722,49.91
2015-01-08,108.435,49.89
2015-01-09,108.477,49.91
2015-01-12,108.8376,50.07
2015-01-13,108.5667,49.94
2015-01-14,108.5449,49.93
2015-01-15,108.577,49.95
2015-01-16,108.7667,50.03
2015-01-20,108.4979,49.90
2015-01-21,108.7626,50.02
2015-01-22,108.5338,49.91
2015-01-23,108.4684,49.88
2015-01-26,108.3199,49.81
2015-01-27,108.3161,49.81
2015-01-28,108.2346,49.77
2015-01-29,108.4419,49.86
2015-01-30,108.558,49.91
2015-02-02,108.5563,49.91
2015-02-03,108.6576,49.96
2015-02-04,108.7493,50.00
2015-02-05,108.5857,49.92
2015-02-09,108.3122,49.79
2015-02-10,108.3188,49.79
2015-02-11,108.2737,49.77
2015-02-12,108.1922,49.73
2015-02-13,108.2649,49.76
2015-02-16,108.2649,49.76
2015-02-17,108.2763,49.76
2015-02-18,108.2536,49.75
2015-02-19,108.252,49.75
2015-02-20,108.2557,49.75
2015-02-23,108.2096,49.72
2015-02-24,108.211,49.72
2015-02-25,108.2773,49.75
2015-02-26,108.3202,49.77
2015-02-27,108.2476,49.74
2015-03-02,108.1345,49.68
2015-03-03,108.1297,49.68
2015-03-04,108.1779,49.70
2015-03-05,108.0924,49.66
2015-03-06,108.4567,49.83
2015-03-09,108.2508,49.73
2015-03-10,108.2109,49.71
2015-03-11,107.8239,49.53
2015-03-12,107.7892,49.51
2015-03-13,107.9373,49.58
2015-03-16,107.7371,49.48
2015-03-17,107.4971,49.36
2015-03-18,107.8374,49.51
2015-03-19,107.735,49.46
2015-03-20,107.6116,49.40
2015-03-23,107.7134,49.45
2015-03-24,107.9086,49.54
2015-03-25,108.1461,49.64
2015-03-26,107.9058,49.53
2015-03-27,108.1337,49.64
2015-03-30,108.0829,49.61
2015-03-31,107.8145,49.48
2015-04-01,107.9197,49.53
2015-04-02,108.1081,49.62
2015-04-06,108.1081,49.61
2015-04-07,108.1851,49.65
2015-04-08,108.1219,49.62
2015-04-09,108.1774,49.64
2015-04-10,108.1311,49.62
2015-04-13,107.9828,49.55
2015-04-14,108.06,49.58
2015-04-15,108.0909,49.59
2015-04-16,108.2281,49.66
2015-04-17,108.3171,49.69
2015-04-20,108.392,49.73
2015-04-21,108.3048,49.68
2015-04-22,108.3087,49.68
2015-04-23,108.3479,49.70
2015-04-24,108.6972,49.86
2015-04-27,108.6183,49.82
2015-04-28,108.6733,49.84
2015-04-29,108.8045,49.90
2015-04-30,108.8401,49.92
2015-05-01,108.8401,49.92
2015-05-05,108.6278,49.82
2015-05-06,108.7065,49.85
2015-05-07,108.7588,49.87
2015-05-08,108.6603,49.83
2015-05-11,108.6701,49.83
2015-05-12,108.5797,49.78
2015-05-13,108.911,49.94
2015-05-14,108.9399,49.95
2015-05-15,108.8755,49.92
2015-05-18,108.8701,49.91
2015-05-19,108.7642,49.86
2015-05-20,108.6633,49.81
2015-05-21,108.667,49.81
2015-05-22,108.706,49.83
2015-05-26,108.7556,49.85
2015-05-27,108.4312,49.70
2015-05-28,108.4139,49.69
2015-05-29,108.4801,49.72
2015-06-01,108.4773,49.71
2015-06-02,108.3446,49.65
2015-06-03,108.499,49.72
2015-06-04,108.7066,49.82
2015-06-05,108.5067,49.72
2015-06-08,108.3164,49.63
2015-06-09,108.418,49.68
2015-06-10,108.4229,49.68
2015-06-11,108.5677,49.74
2015-06-12,108.561,49.74
2015-06-15,108.5109,49.71
2015-06-16,108.5438,49.73
2015-06-17,108.3007,49.61
2015-06-18,108.4341,49.67
2015-06-19,108.4811,49.69
2015-06-22,108.8022,49.84
2015-06-23,108.4073,49.65
2015-06-24,108.3523,49.63
2015-06-25,108.5279,49.71
2015-06-26,108.3354,49.62
2015-06-29,108.4881,49.68
2015-06-30,108.577,49.72
2015-07-01,108.5682,49.72
2015-07-02,108.2143,49.56
2015-07-06,108.23,49.56
2015-07-07,108.2141,49.55
2015-07-08,108.1489,49.52
2015-07-09,108.2552,49.57
2015-07-10,108.4276,49.64
2015-07-13,108.3401,49.60
2015-07-14,108.1504,49.51
2015-07-15,108.1085,49.49
2015-07-16,108.0041,49.44
2015-07-17,108.0097,49.44
2015-07-20,107.9511,49.41
2015-07-21,107.949,49.41
2015-07-22,108.0531,49.46
2015-07-23,108.2239,49.53
2015-07-24,108.2449,49.54
2015-07-27,107.9902,49.42
2015-07-28,108.0464,49.45
2015-07-29,108.106,49.47
2015-07-30,108.0021,49.42
2015-07-31,107.9353,49.39
2015-08-03,107.9452,49.39
2015-08-04,107.8254,49.34
2015-08-05,107.7451,49.30
2015-08-06,107.7806,49.31
2015-08-07,107.7848,49.32
2015-08-10,107.7889,49.31
2015-08-11,107.1829,49.04
2015-08-12,106.6325,48.78
2015-08-13,106.6134,48.77
2015-08-14,106.5342,48.74
2015-08-17,106.4573,48.70
2015-08-18,106.5331,48.73
2015-08-19,106.6124,48.76
2015-08-20,106.646,48.78
2015-08-21,106.5288,48.72
2015-08-24,106.4083,48.67
2015-08-25,106.5225,48.72
2015-08-26,106.4777,48.70
2015-08-27,106.5614,48.73
2015-08-28,106.6253,48.76
2015-08-31,106.6253,48.76
2015-09-01,106.6364,48.76
2015-09-02,106.6276,48.76
2015-09-03,106.5592,48.72
2015-09-04,106.532,48.71
2015-09-08,106.3824,48.64
2015-09-09,106.5986,48.73
2015-09-10,106.5048,48.69
2015-09-11,106.5384,48.70
2015-09-14,106.7024,48.78
2015-09-15,106.828,48.83
2015-09-16,106.8878,48.82
2015-09-17,106.9383,48.84
2015-09-18,106.9758,48.86
2015-09-21,106.8795,48.81
2015-09-22,106.7581,48.75
2015-09-23,106.6289,48.69
2015-09-24,106.6049,48.68
2015-09-25,106.5409,48.65
2015-09-28,106.5669,48.66
2015-09-29,106.505,48.63
2015-09-30,106.6169,48.68
2015-10-01,106.6537,48.70
2015-10-02,106.5237,48.64
2015-10-05,106.5457,48.64
2015-10-06,106.7006,48.71
2015-10-07,106.6968,48.71
2015-10-08,106.8936,48.80
2015-10-09,107.0837,48.88
2015-10-14,107.212,48.94
2015-10-15,107.5108,49.07
2015-10-16,107.4088,48.98
2015-10-19,107.2956,48.92
2015-10-20,107.1828,48.87
2015-10-21,107.2055,48.88
2015-10-22,107.1518,48.85
2015-10-23,107.2212,48.88
2015-10-26,107.0591,48.81
2015-10-27,107.1366,48.84
2015-10-28,107.0804,48.81
2015-10-29,106.9754,48.76
2015-10-30,107.062,48.80
2015-11-02,107.1657,48.85
2015-11-03,107.2014,48.86
2015-11-04,107.2222,48.87
2015-11-05,107.0951,48.81
2015-11-06,107.0239,48.78
2015-11-09,106.7723,48.66
2015-11-10,106.7611,48.65
2015-11-11,106.7611,48.65
2015-11-12,106.8238,48.68
2015-11-13,106.7981,48.66
2015-11-16,106.6926,48.61
2015-11-17,106.7369,48.63
2015-11-18,106.68,48.60
2015-11-19,106.7777,48.65
2015-11-20,106.8777,48.69
2015-11-23,106.7741,48.64
2015-11-24,106.8085,48.66
2015-11-25,106.9063,48.70
2015-11-27,106.9072,48.70
2015-11-30,106.7936,48.64
2015-12-01,106.9076,48.69
2015-12-02,106.9212,48.70
2015-12-03,106.8725,48.67
2015-12-04,107.1324,48.79
2015-12-07,107.072,48.76
2015-12-08,106.9401,48.70
2015-12-09,106.8966,48.68
2015-12-10,106.9523,48.70
2015-12-11,106.8717,48.66
2015-12-14,106.7492,48.61
2015-12-15,106.7787,48.62
2015-12-16,106.8646,48.65
2015-12-17,106.7252,48.58
2015-12-18,106.6161,48.53
2015-12-21,106.7283,48.58
2015-12-22,106.8266,48.62
2015-12-23,106.8864,48.65
2015-12-24,106.8509,48.63
2015-12-28,106.8509,48.63
2015-12-29,106.7902,48.60
2015-12-30,106.6756,48.55
2015-12-31,106.7188,48.57
2016-01-04,106.5802,48.50
2016-01-05,106.5129,48.47
2016-01-06,106.3436,48.39
2016-01-07,106.1653,48.31
2016-01-08,106.2567,48.35
2016-01-11,106.1693,48.30
2016-01-12,106.1901,48.31
2016-01-13,106.2809,48.35
2016-01-14,106.2591,48.34
2016-01-15,106.2164,48.32
2016-01-19,106.1525,48.29
2016-01-20,106.1792,48.20
2016-01-21,106.2221,48.22
2016-01-22,106.313,48.26
2016-01-25,106.4797,48.33
2016-01-26,106.459,48.32
2016-01-27,106.5396,48.36
2016-01-28,106.4814,48.33
2016-01-29,106.5943,48.38
2016-02-01,106.6411,48.40
2016-02-02,106.699,48.42
2016-02-03,106.5358,48.35
2016-02-04,106.8412,48.49
2016-02-05,107.1141,48.61
2016-02-08,107.1281,48.61
2016-02-09,107.118,48.61
2016-02-10,107.1804,48.63
2016-02-11,107.3119,48.69
2016-02-12,107.196,48.64
2016-02-16,107.1982,48.63
2016-02-17,107.0761,48.49
2016-02-18,107.1611,48.53
2016-02-19,107.1043,48.50
2016-02-22,107.1985,48.54
2016-02-23,107.2031,48.54
2016-02-24,107.1152,48.50
2016-02-25,107.2232,48.55
2016-02-26,107.2465,48.56
2016-02-29,107.0297,48.46
2016-03-01,107.2001,48.53
2016-03-02,107.1713,48.52
2016-03-03,107.3703,48.61
2016-03-04,107.4901,48.66
2016-03-07,107.7258,48.76
2016-03-08,107.6371,48.72
2016-03-09,107.5851,48.70
2016-03-10,107.6704,48.73
2016-03-11,107.7859,48.78
2016-03-14,107.8952,48.83
2016-03-15,107.7595,48.77
2016-03-16,107.7222,48.72
2016-03-17,108.0011,48.85
2016-03-18,108.3359,49.00
2016-03-21,108.1835,48.93
2016-03-22,108.1052,48.89
2016-03-23,108.1307,48.90
2016-03-24,107.9277,48.81
2016-03-28,107.9277,48.80
2016-03-29,107.9638,48.82
2016-03-30,108.2429,48.94
2016-03-31,108.4304,49.03
2016-04-01,108.4539,49.04
2016-04-04,108.4776,49.04
2016-04-05,108.3514,48.99
2016-04-06,108.3367,48.98
2016-04-07,108.4556,49.03
2016-04-08,108.382,49.00
2016-04-11,108.5026,49.05
2016-04-12,108.5578,49.07
2016-04-13,108.561,49.07
2016-04-14,108.2011,48.91
2016-04-15,108.1896,48.90
2016-04-18,108.3095,48.95
2016-04-19,108.4447,49.00
2016-04-20,108.6617,49.10
2016-04-21,108.4891,49.02
2016-04-22,108.45,49.00
2016-04-25,108.306,48.93
2016-04-26,108.3746,48.96
2016-04-27,108.4578,49.00
2016-04-28,108.4217,48.98
2016-04-29,108.6383,49.08
2016-05-02,108.6383,49.08
2016-05-03,108.7057,49.10
2016-05-04,108.3525,48.94
2016-05-05,108.284,48.91
2016-05-06,108.1995,48.87
2016-05-09,108.1906,48.86
2016-05-10,108.0169,48.78
2016-05-11,108.0478,48.80
2016-05-12,108.1379,48.84
2016-05-13,107.952,48.75
2016-05-16,107.97,48.76
2016-05-17,108.1127,48.81
2016-05-18,108.0067,48.76
2016-05-19,107.7736,48.65
2016-05-20,107.8095,48.67
2016-05-23,107.8422,48.68
2016-05-24,107.8104,48.66
2016-05-25,107.7449,48.63
2016-05-26,107.8915,48.70
2016-05-27,107.9296,48.71
2016-05-31,107.7685,48.64
2016-06-01,107.758,48.63
2016-06-02,107.862,48.68
2016-06-03,107.8489,48.67
2016-06-06,108.1615,48.81
2016-06-07,108.187,48.82
2016-06-08,108.2825,48.86
2016-06-09,108.3651,48.90
2016-06-10,108.2762,48.85
2016-06-13,108.1082,48.77
2016-06-14,108.2106,48.82
2016-06-15,108.1104,48.77
2016-06-16,108.3063,48.85
2016-06-17,108.3084,48.85
2016-06-20,108.4151,48.89
2016-06-21,108.4528,48.91
2016-06-22,108.3787,48.87
2016-06-23,108.5623,48.95
2016-06-24,108.1665,48.77
2016-06-27,107.9792,48.69
2016-06-28,107.9711,48.68
2016-06-29,108.092,48.74
2016-06-30,108.195,48.78
2016-07-01,108.1794,48.77
2016-07-05,108.1228,48.74
2016-07-06,108.0518,48.71
2016-07-07,108.0242,48.69
2016-07-08,108.0235,48.69
2016-07-11,108.1103,48.73
2016-07-12,108.0245,48.69
2016-07-13,108.0577,48.70
2016-07-14,108.1093,48.72
2016-07-15,108.19,48.76
2016-07-18,108.0569,48.70
2016-07-19,108.0258,48.68
2016-07-20,107.953,48.65
2016-07-21,107.9214,48.63
2016-07-22,108.0406,48.68
2016-07-25,107.9002,48.62
2016-07-26,107.9489,48.64
2016-07-27,108.0272,48.67
2016-07-28,108.1603,48.73
2016-07-29,108.2011,48.75
2016-08-01,108.4532,48.86
2016-08-02,108.3295,48.80
2016-08-03,108.4843,48.87
2016-08-04,108.3917,48.83
2016-08-05,108.4084,48.83
2016-08-08,108.2368,48.75
2016-08-09,108.259,48.76
2016-08-10,108.3845,48.81
2016-08-11,108.4733,48.85
2016-08-12,108.3276,48.79
2016-08-15,108.3327,48.79
2016-08-16,108.4314,48.82
2016-08-17,108.5259,48.86
2016-08-18,108.5123,48.86
