Date,Index_Level,iPath_US_Treasury_10-year_Bear_ETN
2010-08-09,920.2591,50.00
2010-08-10,926.7964,49.35
2010-08-11,935.5126,48.47
2010-08-12,931.8082,48.84
2010-08-13,935.0768,48.51
2010-08-14,935.0768,48.51
2010-08-15,935.0768,48.51
2010-08-16,943.7931,47.64
2010-08-17,936.3843,48.38
2010-08-18,935.5126,48.47
2010-08-19,940.3066,47.99
2010-08-20,934.4231,48.57
2010-08-21,934.4231,48.57
2010-08-22,934.4231,48.57
2010-08-23,936.1664,48.40
2010-08-24,946.6259,47.35
2010-08-25,939.8708,48.03
2010-08-26,944.011,47.61
2010-08-27,929.4839,49.05
2010-08-28,929.4839,49.05
2010-08-29,929.4839,49.05
2010-08-30,942.413,47.75
2010-08-31,947.1658,47.28
2010-09-01,935.716,48.42
2010-09-02,932.2594,48.77
2010-09-03,924.9143,49.50
2010-09-04,924.9143,49.50
2010-09-05,924.9143,49.50
2010-09-06,924.9143,49.50
2010-09-07,936.3641,48.35
2010-09-08,930.7472,48.91
2010-09-09,919.5134,50.03
2010-09-10,916.2729,50.36
2010-09-11,916.2729,50.36
2010-09-12,916.2729,50.36
2010-09-13,923.4021,49.64
2010-09-14,930.7472,48.91
2010-09-15,927.2907,49.25
2010-09-16,923.4021,49.64
2010-09-17,926.6426,49.31
2010-09-18,926.6426,49.31
2010-09-19,926.6426,49.31
2010-09-20,930.3151,48.95
2010-09-21,943.7092,47.60
2010-09-22,946.3016,47.34
2010-09-23,946.5177,47.32
2010-09-24,941.5489,47.82
2010-09-25,941.5489,47.82
2010-09-26,941.5489,47.82
2010-09-27,951.7025,46.80
2010-09-28,958.3995,46.13
2010-09-29,954.5109,46.52
2010-09-30,953.0274,46.67
2010-10-01,953.4513,46.62
2010-10-02,953.4513,46.62
2010-10-03,953.4513,46.62
2010-10-04,958.7496,46.09
2010-10-05,961.0809,45.86
2010-10-06,967.227,45.24
2010-10-07,967.8628,45.18
2010-10-08,970.1941,44.94
2010-10-09,970.1941,44.94
2010-10-10,970.1941,44.94
2010-10-11,970.1941,44.94
2010-10-12,967.0151,45.26
2010-10-13,968.9225,45.07
2010-10-14,961.5048,45.81
2010-10-15,955.5706,46.40
2010-10-16,955.5706,46.40
2010-10-17,955.5706,46.40
2010-10-18,955.5706,46.40
2010-10-19,966.3793,45.32
2010-10-20,966.5912,45.29
2010-10-21,961.0809,45.84
2010-10-22,958.1138,46.14
2010-10-23,958.1138,46.14
2010-10-24,958.1138,46.14
2010-10-25,958.1138,46.14
2010-10-26,948.5768,47.09
2010-10-27,941.7949,47.77
2010-10-28,950.4842,46.90
2010-10-29,956.2657,46.32
2010-10-30,956.2657,46.32
2010-10-31,956.2657,46.32
2010-11-01,956.694,46.27
2010-11-02,959.6918,45.97
2010-11-03,960.3342,45.91
2010-11-04,976.3941,44.30
2010-11-05,971.8973,44.75
2010-11-06,971.8973,44.75
2010-11-07,971.8973,44.75
2010-11-08,971.0408,44.83
2010-11-09,959.6918,45.97
2010-11-10,965.6875,45.37
2010-11-11,965.6875,45.37
2010-11-12,951.5548,46.78
2010-11-13,951.5548,46.78
2010-11-14,951.5548,46.78
2010-11-15,935.495,48.38
2010-11-16,939.3493,48.00
2010-11-17,936.9939,48.23
2010-11-18,931.6406,48.77
2010-11-19,932.0689,48.72
2010-11-20,932.0689,48.72
2010-11-21,932.0689,48.72
2010-11-22,939.9917,47.93
2010-11-23,944.2744,47.50
2010-11-24,928.8569,49.03
2010-11-25,928.8569,49.03
2010-11-26,933.1395,48.60
2010-11-27,933.1395,48.60
2010-11-28,933.1395,48.60
2010-11-29,936.8511,48.22
2010-11-30,939.4296,47.96
2010-12-01,921.8102,49.72
2010-12-02,916.4384,50.26
2010-12-03,919.0169,50.00
2010-12-04,919.0169,50.00
2010-12-05,919.0169,50.00
2010-12-06,928.686,49.03
2010-12-07,902.0421,51.70
2010-12-08,893.877,52.51
2010-12-09,893.4472,52.55
2010-12-10,885.9268,53.30
2010-12-11,885.9268,53.30
2010-12-12,885.9268,53.30
2010-12-13,891.9431,52.70
2010-12-14,873.0345,54.59
2010-12-15,867.8776,55.10
2010-12-16,872.175,54.67
2010-12-17,886.3565,53.25
2010-12-18,886.3565,53.25
2010-12-19,886.3565,53.25
2010-12-20,883.9929,53.49
2010-12-21,886.1416,53.27
2010-12-22,882.9186,53.59
2010-12-23,877.3319,54.15
2010-12-24,877.3319,54.15
2010-12-25,877.3319,54.15
2010-12-26,877.3319,54.15
2010-12-27,882.0591,53.67
2010-12-28,869.5966,54.92
2010-12-29,886.3565,53.24
2010-12-30,882.7037,53.61
2010-12-31,889.1028,52.97
2011-01-01,889.1028,52.96
2011-01-02,889.1028,52.96
2011-01-03,885.3516,53.34
2011-01-04,887.3375,53.14
2011-01-05,872.1122,54.66
2011-01-06,880.2765,53.84
2011-01-07,892.4126,52.63
2011-01-08,892.4126,52.63
2011-01-09,892.4126,52.63
2011-01-10,895.2812,52.34
2011-01-11,890.6474,52.80
2011-01-12,890.868,52.78
2011-01-13,898.591,52.00
2011-01-14,895.0605,52.36
2011-01-15,895.0605,52.36
2011-01-16,895.0605,52.36
2011-01-17,895.0605,52.35
2011-01-18,891.3093,52.73
2011-01-19,893.9572,52.46
2011-01-20,880.4971,53.81
2011-01-21,885.1309,53.34
2011-01-22,885.1309,53.34
2011-01-23,885.1309,53.34
2011-01-24,886.2342,53.23
2011-01-25,895.9431,52.26
2011-01-26,886.4549,53.21
2011-01-27,892.4126,52.61
2011-01-28,899.253,51.93
2011-01-29,899.253,51.92
2011-01-30,899.253,51.92
2011-01-31,894.1673,52.43
2011-02-01,887.0916,53.14
2011-02-02,881.3425,53.71
2011-02-03,874.9302,54.35
2011-02-04,862.7688,55.57
2011-02-05,862.7688,55.57
2011-02-06,862.7688,55.57
2011-02-07,863.211,55.52
2011-02-08,854.3663,56.40
2011-02-09,862.7688,55.56
2011-02-10,856.3564,56.20
2011-02-11,861.6632,55.67
2011-02-12,861.6632,55.67
2011-02-13,861.6632,55.67
2011-02-14,863.4321,55.49
2011-02-15,863.6532,55.47
2011-02-16,862.9899,55.53
2011-02-17,868.96,54.94
2011-02-18,869.6234,54.87
2011-02-19,869.6234,54.87
2011-02-20,869.6234,54.87
2011-02-21,869.6234,54.87
2011-02-22,884.2171,53.41
2011-02-23,880.237,53.80
2011-02-24,883.7748,53.44
2011-02-25,885.8386,53.23
2011-02-26,885.8386,53.23
2011-02-27,885.8386,53.22
2011-02-28,887.3448,53.07
2011-03-01,888.4207,52.96
2011-03-02,882.8261,53.52
2011-03-03,870.5612,54.75
2011-03-04,881.5351,53.65
2011-03-05,881.5351,53.65
2011-03-06,881.5351,53.65
2011-03-07,881.3199,53.67
2011-03-08,877.6619,54.03
2011-03-09,885.6234,53.24
2011-03-10,895.3063,52.27
2011-03-11,896.167,52.18
2011-03-12,896.167,52.18
2011-03-13,896.167,52.18
2011-03-14,903.0526,51.49
2011-03-15,905.2043,51.27
2011-03-16,917.6845,50.02
2011-03-17,913.381,50.45
2011-03-18,909.9382,50.80
2011-03-19,909.9382,50.80
2011-03-20,909.9382,50.79
2011-03-21,903.2677,51.46
2011-03-22,901.116,51.68
2011-03-23,900.0401,51.78
2011-03-24,893.5849,52.43
2011-03-25,889.2814,52.86
2011-03-26,889.2814,52.85
2011-03-27,889.2814,52.85
2011-03-28,887.7752,53.00
2011-03-29,883.4717,53.43
2011-03-30,888.4207,52.94
2011-03-31,887.0952,53.07
2011-04-01,886.2115,53.16
2011-04-02,886.2115,53.15
2011-04-03,886.2115,53.15
2011-04-04,889.7462,52.80
2011-04-05,883.3397,53.44
2011-04-06,877.8168,53.99
2011-04-07,879.1423,53.86
2011-04-08,877.8168,53.99
2011-04-09,877.8168,53.99
2011-04-10,877.8168,53.99
2011-04-11,878.9214,53.87
2011-04-12,887.9788,52.97
2011-04-13,892.1762,52.55
2011-04-14,889.5252,52.81
2011-04-15,898.1409,51.95
2011-04-16,898.1409,51.95
2011-04-17,898.1409,51.95
2011-04-18,903.4428,51.42
2011-04-19,904.3265,51.33
2011-04-20,899.4664,51.81
2011-04-21,900.5709,51.70
2011-04-22,900.5709,51.70
2011-04-23,900.5709,51.70
2011-04-24,900.5709,51.70
2011-04-25,905.431,51.21
2011-04-26,910.2911,50.72
2011-04-27,906.7565,51.07
2011-04-28,914.2676,50.32
2011-04-29,916.8751,50.06
2011-04-30,916.8751,50.06
2011-05-01,916.8751,50.06
2011-05-02,918.1788,49.93
2011-05-03,921.0036,49.64
2011-05-04,923.8284,49.36
2011-05-05,929.6953,48.77
2011-05-06,932.7374,48.47
2011-05-07,932.7374,48.47
2011-05-08,932.7374,48.47
2011-05-09,935.3449,48.20
2011-05-10,930.1299,48.72
2011-05-11,934.693,48.27
2011-05-12,931.2163,48.61
2011-05-13,935.7795,48.16
2011-05-14,935.7795,48.16
2011-05-15,935.7795,48.15
2011-05-16,939.2561,47.81
2011-05-17,941.8636,47.54
2011-05-18,936.2141,48.11
2011-05-19,937.3005,48.00
2011-05-20,940.1253,47.72
2011-05-21,940.1253,47.71
2011-05-22,940.1253,47.71
2011-05-23,942.7328,47.45
2011-05-24,943.8193,47.34
2011-05-25,944.6884,47.25
2011-05-26,953.2352,46.39
2011-05-27,954.4666,46.26
2011-05-28,954.4666,46.26
2011-05-29,954.4666,46.26
2011-05-30,954.4666,46.26
2011-05-31,956.4039,46.06
2011-06-01,966.0907,45.09
2011-06-02,961.355,45.57
2011-06-03,966.306,45.07
2011-06-04,966.306,45.07
2011-06-05,966.306,45.07
2011-06-06,966.5213,45.05
2011-06-07,965.445,45.15
2011-06-08,971.6876,44.53
2011-06-09,965.445,45.15
2011-06-10,968.8892,44.80
2011-06-11,968.8892,44.80
2011-06-12,968.8892,44.80
2011-06-13,966.5213,45.04
2011-06-14,955.3276,46.16
2011-06-15,971.257,44.56
2011-06-16,977.4997,43.94
2011-06-17,974.2707,44.26
2011-06-18,974.2707,44.26
2011-06-19,974.2707,44.26
2011-06-20,972.9791,44.39
2011-06-21,970.6113,44.62
2011-06-22,970.8265,44.60
2011-06-23,980.2981,43.65
2011-06-24,985.6796,43.11
2011-06-25,985.6796,43.11
2011-06-26,985.6796,43.11
2011-06-27,981.1591,43.56
2011-06-28,966.306,45.05
2011-06-29,959.6329,45.71
2011-06-30,952.5836,46.42
2011-07-01,947.8841,46.89
2011-07-02,947.8841,46.89
2011-07-03,947.8841,46.88
2011-07-04,947.8841,46.88
2011-07-05,957.0695,45.96
2011-07-06,961.5554,45.51
2011-07-07,954.5061,46.22
2011-07-08,971.5953,44.51
2011-07-09,971.5953,44.51
2011-07-10,971.5953,44.51
2011-07-11,982.9168,43.37
2011-07-12,983.9849,43.27
2011-07-13,986.3346,43.03
2011-07-14,981.4215,43.52
2011-07-15,987.1891,42.94
2011-07-16,987.1891,42.94
2011-07-17,987.1891,42.94
2011-07-18,988.0435,42.85
2011-07-19,988.0435,42.85
2011-07-20,983.5576,43.30
2011-07-21,975.4403,44.11
2011-07-22,979.9262,43.66
2011-07-23,979.9262,43.66
2011-07-24,979.9262,43.66
2011-07-25,977.1492,43.94
2011-07-26,982.7032,43.38
2011-07-27,978.6445,43.79
2011-07-28,982.276,43.42
2011-07-29,998.3642,41.81
2011-07-30,998.3642,41.81
2011-07-31,998.3642,41.81
2011-08-01,1004.5031,41.20
2011-08-02,1015.5108,40.10
2011-08-03,1016.781,39.97
2011-08-04,1029.6939,38.68
2011-08-05,1016.781,39.97
2011-08-06,1016.781,39.97
2011-08-07,1016.781,39.96
2011-08-08,1037.5263,37.89
2011-08-09,1054.4613,36.20
2011-08-10,1057.6366,35.88
2011-08-11,1046.2055,37.02
2011-08-12,1055.0963,36.13
2011-08-13,1055.0963,36.13
2011-08-14,1055.0963,36.13
2011-08-15,1050.8626,36.55
2011-08-16,1057.8482,35.85
2011-08-17,1061.6586,35.47
2011-08-18,1067.3742,34.90
2011-08-19,1067.5859,34.88
2011-08-20,1067.5859,34.87
2011-08-21,1067.5859,34.87
2011-08-22,1064.8339,35.15
2011-08-23,1061.2352,35.51
2011-08-24,1051.0743,36.52
2011-08-25,1056.5781,35.97
2011-08-26,1060.6002,35.56
2011-08-27,1060.6002,35.56
2011-08-28,1060.6002,35.56
2011-08-29,1052.7678,36.34
2011-08-30,1061.8703,35.42
2011-08-31,1056.7726,35.93
2011-09-01,1064.1133,35.20
2011-09-02,1074.1048,34.20
2011-09-03,1074.1048,34.20
2011-09-04,1074.1048,34.20
2011-09-05,1074.1048,34.20
2011-09-06,1073.2891,34.28
2011-09-07,1068.8032,34.73
2011-09-08,1073.697,34.24
2011-09-09,1081.0377,33.50
2011-09-10,1081.0377,33.50
2011-09-11,1081.0377,33.50
2011-09-12,1077.1634,33.89
2011-09-13,1071.8618,34.42
2011-09-14,1069.6188,34.64
2011-09-15,1062.6859,35.33
2011-09-16,1063.7055,35.23
2011-09-17,1063.7055,35.23
2011-09-18,1063.7055,35.23
2011-09-19,1076.5517,33.94
2011-09-20,1075.5321,34.04
2011-09-21,1079.2025,33.68
2011-09-22,1092.2526,32.37
2011-09-23,1082.0572,33.39
2011-09-24,1082.0572,33.39
2011-09-25,1082.0572,33.39
2011-09-26,1073.9009,34.20
2011-09-27,1063.7055,35.22
2011-09-28,1065.1328,35.08
2011-09-29,1069.211,34.67
2011-09-30,1070.6262,34.53
2011-10-01,1070.6262,34.53
2011-10-02,1070.6262,34.53
2011-10-03,1082.1502,33.37
2011-10-04,1081.7459,33.41
2011-10-05,1070.8284,34.50
2011-10-06,1063.1457,35.27
2011-10-07,1055.0587,36.08
2011-10-08,1055.0587,36.08
2011-10-09,1055.0587,36.08
2011-10-10,1055.0587,36.08
2011-10-11,1046.5674,36.92
2011-10-12,1042.5239,37.33
2011-10-13,1049.1956,36.66
2011-10-14,1045.1521,37.06
2011-10-15,1045.1521,37.06
2011-10-16,1045.1521,37.06
2011-10-17,1052.8348,36.29
2011-10-18,1054.25,36.15
2011-10-19,1054.4522,36.13
2011-10-20,1052.6326,36.31
2011-10-21,1052.0261,36.37
2011-10-22,1052.0261,36.37
2011-10-23,1052.0261,36.37
2011-10-24,1047.9826,36.77
2011-10-25,1058.0914,35.76
2011-10-26,1051.0152,36.47
2011-10-27,1034.639,38.11
2011-10-28,1044.7478,37.09
2011-10-29,1044.7478,37.09
2011-10-30,1044.7478,37.09
2011-10-31,1057.5443,35.81
2011-11-01,1073.2303,34.24
2011-11-02,1074.0559,34.16
2011-11-03,1070.5472,34.51
2011-11-04,1073.2303,34.24
2011-11-05,1073.2303,34.24
2011-11-06,1073.2303,34.24
2011-11-07,1077.1518,33.85
2011-11-08,1070.5472,34.51
2011-11-09,1080.6606,33.49
2011-11-10,1074.4687,34.11
2011-11-11,1074.4688,34.11
2011-11-12,1074.4688,34.11
2011-11-13,1074.4688,34.11
2011-11-14,1075.9135,33.97
2011-11-15,1074.2623,34.13
2011-11-16,1076.5327,33.90
2011-11-17,1080.867,33.47
2011-11-18,1073.8495,34.17
2011-11-19,1073.8495,34.17
2011-11-20,1073.8495,34.17
2011-11-21,1077.5646,33.80
2011-11-22,1080.4542,33.51
2011-11-23,1086.0268,32.95
2011-11-24,1086.0268,32.95
2011-11-25,1078.5966,33.68
2011-11-26,1078.5966,33.68
2011-11-27,1078.5966,33.68
2011-11-28,1079.2158,33.62
2011-11-29,1075.6383,33.97
2011-11-30,1070.6289,34.47
2011-12-01,1068.024,34.73
2011-12-02,1074.8368,34.05
2011-12-03,1074.8368,34.05
2011-12-04,1074.8368,34.04
2011-12-05,1073.4342,34.18
2011-12-06,1070.4285,34.48
2011-12-07,1078.6439,33.66
2011-12-08,1083.8536,33.14
2011-12-09,1077.0409,33.82
2011-12-10,1077.0409,33.82
2011-12-11,1077.0409,33.82
2011-12-12,1081.6495,33.36
2011-12-13,1085.2562,33.00
2011-12-14,1089.4641,32.57
2011-12-15,1088.2619,32.69
2011-12-16,1094.0727,32.11
2011-12-17,1094.0727,32.11
2011-12-18,1094.0727,32.11
2011-12-19,1096.0765,31.91
2011-12-20,1087.0596,32.81
2011-12-21,1084.4547,33.07
2011-12-22,1084.8555,33.03
2011-12-23,1077.2413,33.79
2011-12-24,1077.2413,33.79
2011-12-25,1077.2413,33.79
2011-12-26,1077.2413,33.79
2011-12-27,1078.4435,33.67
2011-12-28,1088.0615,32.71
2011-12-29,1089.8649,32.52
2011-12-30,1093.4494,32.17
2011-12-31,1093.4494,32.16
2012-01-01,1093.4494,32.16
2012-01-02,1093.4494,32.16
2012-01-03,1086.0811,32.90
2012-01-04,1084.0897,33.10
2012-01-05,1085.4837,32.96
2012-01-06,1088.67,32.64
2012-01-07,1088.67,32.64
2012-01-08,1088.67,32.64
2012-01-09,1090.064,32.50
2012-01-10,1088.2717,32.68
2012-01-11,1094.4452,32.06
2012-01-12,1091.458,32.36
2012-01-13,1098.8263,31.62
2012-01-14,1098.8263,31.62
2012-01-15,1098.8263,31.62
2012-01-16,1098.8263,31.62
2012-01-17,1099.4237,31.56
2012-01-18,1095.2417,31.97
2012-01-19,1088.0726,32.69
2012-01-20,1082.4966,33.25
2012-01-21,1082.4966,33.25
2012-01-22,1082.4966,33.25
2012-01-23,1078.912,33.60
2012-01-24,1080.306,33.46
2012-01-25,1088.8691,32.61
2012-01-26,1097.4323,31.75
2012-01-27,1101.0169,31.39
2012-01-28,1101.0169,31.39
2012-01-29,1101.0169,31.39
2012-01-30,1104.9997,30.99
2012-01-31,1107.7652,30.71
2012-02-01,1104.4072,31.05
2012-02-02,1106.7775,30.81
2012-02-03,1096.1109,31.88
2012-02-04,1096.1109,31.88
2012-02-05,1096.1109,31.88
2012-02-06,1100.4565,31.44
2012-02-07,1093.938,32.09
2012-02-08,1093.1479,32.17
2012-02-09,1089.1973,32.56
2012-02-10,1096.901,31.79
2012-02-11,1096.901,31.79
2012-02-12,1096.901,31.79
2012-02-13,1093.5429,32.13
2012-02-14,1098.6788,31.61
2012-02-15,1099.2713,31.55
2012-02-16,1091.7652,32.30
2012-02-17,1090.975,32.38
2012-02-18,1090.975,32.38
2012-02-19,1090.975,32.38
2012-02-20,1090.975,32.38
2012-02-21,1087.4195,32.73
2012-02-22,1092.5553,32.22
2012-02-23,1094.5306,32.02
2012-02-24,1094.3331,32.04
2012-02-25,1094.3331,32.04
2012-02-26,1094.3331,32.04
2012-02-27,1099.7981,31.48
2012-02-28,1100.3907,31.42
2012-02-29,1094.9848,31.96
2012-03-01,1089.7719,32.48
2012-03-02,1096.7224,31.78
2012-03-03,1096.7224,31.78
2012-03-04,1096.7224,31.78
2012-03-05,1094.0194,32.05
2012-03-06,1100.7768,31.38
2012-03-07,1098.2669,31.63
2012-03-08,1094.4056,32.01
2012-03-09,1092.0887,32.24
2012-03-10,1092.0887,32.24
2012-03-11,1092.0887,32.24
2012-03-12,1092.4749,32.20
2012-03-13,1084.7521,32.97
2012-03-14,1067.9551,34.65
2012-03-15,1068.9205,34.56
2012-03-16,1066.0244,34.85
2012-03-17,1066.0244,34.84
2012-03-18,1066.0244,34.84
2012-03-19,1057.9155,35.65
2012-03-20,1057.5294,35.69
2012-03-21,1065.4452,34.90
2012-03-22,1067.569,34.69
2012-03-23,1071.4303,34.30
2012-03-24,1071.4303,34.30
2012-03-25,1071.4303,34.30
2012-03-26,1071.6234,34.28
2012-03-27,1078.1878,33.62
2012-03-28,1077.9947,33.64
2012-03-29,1082.0491,33.23
2012-03-30,1076.7561,33.76
2012-03-31,1076.7561,33.76
2012-04-01,1076.7561,33.76
2012-04-02,1079.5006,33.49
2012-04-03,1069.6987,34.47
2012-04-04,1075.3838,33.90
2012-04-05,1082.8333,33.15
2012-04-06,1082.8333,33.15
2012-04-07,1082.8333,33.15
2012-04-08,1082.8333,33.15
2012-04-09,1097.5362,31.68
2012-04-10,1103.2214,31.11
2012-04-11,1099.8887,31.44
2012-04-12,1097.5362,31.68
2012-04-13,1102.4372,31.19
2012-04-14,1102.4372,31.19
2012-04-15,1102.4372,31.19
2012-04-16,1104.3976,30.99
2012-04-17,1101.0649,31.32
2012-04-18,1102.8293,31.14
2012-04-19,1105.3778,30.89
2012-04-20,1104.2016,31.01
2012-04-21,1104.2016,31.01
2012-04-22,1104.2016,31.00
2012-04-23,1108.1223,30.61
2012-04-24,1105.5738,30.87
2012-04-25,1104.3976,30.98
2012-04-26,1107.3382,30.69
2012-04-27,1110.2788,30.39
2012-04-28,1110.2788,30.39
2012-04-29,1110.2788,30.39
2012-04-30,1111.8146,30.24
2012-05-01,1107.975,30.62
2012-05-02,1110.6627,30.35
2012-05-03,1110.6627,30.35
2012-05-04,1116.2303,29.80
2012-05-05,1116.2303,29.79
2012-05-06,1116.2303,29.79
2012-05-07,1116.2303,29.79
2012-05-08,1119.686,29.45
2012-05-09,1119.494,29.47
2012-05-10,1117.9581,29.62
2012-05-11,1121.6058,29.25
2012-05-12,1121.6058,29.25
2012-05-13,1121.6058,29.25
2012-05-14,1125.8295,28.83
2012-05-15,1125.2535,28.89
2012-05-16,1125.8295,28.83
2012-05-17,1130.0531,28.41
2012-05-18,1130.6291,28.35
2012-05-19,1130.6291,28.35
2012-05-20,1130.6291,28.35
2012-05-21,1128.3253,28.58
2012-05-22,1124.4856,28.96
2012-05-23,1130.4371,28.36
2012-05-24,1127.3653,28.67
2012-05-25,1130.0531,28.40
2012-05-26,1130.0531,28.40
2012-05-27,1130.0531,28.40
2012-05-28,1130.0531,28.40
2012-05-29,1130.821,28.31
2012-05-30,1141.3162,27.26
2012-05-31,1144.2053,26.97
2012-06-01,1154.0283,25.99
2012-06-02,1154.0283,25.98
2012-06-03,1154.0283,25.98
2012-06-04,1146.1314,26.77
2012-06-05,1144.2053,26.97
2012-06-06,1136.3084,27.75
2012-06-07,1137.8492,27.60
2012-06-08,1138.6197,27.52
2012-06-09,1138.6197,27.52
2012-06-10,1138.6197,27.52
2012-06-11,1142.2792,27.16
2012-06-12,1135.3453,27.85
2012-06-13,1141.5088,27.23
2012-06-14,1139.0049,27.48
2012-06-15,1142.2792,27.15
2012-06-16,1142.2792,27.15
2012-06-17,1142.2792,27.15
2012-06-18,1141.7014,27.21
2012-06-19,1138.6197,27.52
2012-06-20,1135.1527,27.86
2012-06-21,1137.0788,27.67
2012-06-22,1132.6488,28.11
2012-06-23,1132.6488,28.11
2012-06-24,1132.6488,28.11
2012-06-25,1139.5827,27.42
2012-06-26,1138.0418,27.57
2012-06-27,1139.3901,27.44
2012-06-28,1144.0127,26.97
2012-06-29,1137.3171,27.64
2012-06-30,1137.3171,27.64
2012-07-01,1137.3171,27.64
2012-07-02,1145.1605,26.86
2012-07-03,1140.5693,27.31
2012-07-04,1140.5693,27.31
2012-07-05,1144.3953,26.93
2012-07-06,1149.3691,26.43
2012-07-07,1149.3691,26.43
2012-07-08,1149.3691,26.43
2012-07-09,1151.6648,26.20
2012-07-10,1152.6213,26.11
2012-07-11,1152.2387,26.14
2012-07-12,1153.0039,26.07
2012-07-13,1151.6648,26.20
2012-07-14,1151.6648,26.20
2012-07-15,1151.6648,26.20
2012-07-16,1154.9169,25.87
2012-07-17,1151.6648,26.20
2012-07-18,1154.1517,25.95
2012-07-19,1150.7082,26.29
2012-07-20,1156.0647,25.76
2012-07-21,1156.0647,25.76
2012-07-22,1156.0647,25.76
2012-07-23,1157.9777,25.56
2012-07-24,1160.4646,25.31
2012-07-25,1160.082,25.35
2012-07-26,1157.5951,25.60
2012-07-27,1146.4996,26.71
2012-07-28,1146.4996,26.71
2012-07-29,1146.4996,26.71
2012-07-30,1151.8561,26.17
2012-07-31,1152.9989,26.06
2012-08-01,1146.9039,26.67
2012-08-02,1152.6179,26.10
2012-08-03,1143.8565,26.97
2012-08-04,1143.8565,26.97
2012-08-05,1143.8565,26.97
2012-08-06,1146.3325,26.72
2012-08-07,1139.8567,27.37
2012-08-08,1138.7139,27.48
2012-08-09,1138.3329,27.52
2012-08-10,1141.7613,27.18
2012-08-11,1141.7613,27.18
2012-08-12,1141.7613,27.18
2012-08-13,1140.4281,27.31
2012-08-14,1134.5236,27.90
2012-08-15,1127.6668,28.58
2012-08-16,1125.0002,28.85
2012-08-17,1126.7144,28.68
2012-08-18,1126.7144,28.68
2012-08-19,1126.7144,28.68
2012-08-20,1126.9049,28.66
2012-08-21,1128.0477,28.54
2012-08-22,1136.6187,27.69
2012-08-23,1141.1899,27.23
2012-08-24,1139.8567,27.36
2012-08-25,1139.8567,27.36
2012-08-26,1139.8567,27.36
2012-08-27,1142.7137,27.07
2012-08-28,1144.4279,26.90
2012-08-29,1143.0311,27.03
2012-08-30,1147.6023,26.57
2012-08-31,1154.8213,25.85
2012-09-01,1154.8213,25.85
2012-09-02,1154.8213,25.84
2012-09-03,1154.8213,25.84
2012-09-04,1150.9191,26.23
2012-09-05,1150.3338,26.29
2012-09-06,1142.5295,27.07
2012-09-07,1146.0414,26.72
2012-09-08,1146.0414,26.72
2012-09-09,1146.0414,26.72
2012-09-10,1144.0903,26.91
2012-09-11,1143.1148,27.01
2012-09-12,1137.6518,27.56
2012-09-13,1142.9197,27.03
2012-09-14,1131.9936,28.12
2012-09-15,1131.9936,28.12
2012-09-16,1131.9936,28.12
2012-09-17,1133.7496,27.94
2012-09-18,1135.8958,27.73
2012-09-19,1138.042,27.51
2012-09-20,1138.4322,27.48
2012-09-21,1141.749,27.14
2012-09-22,1141.749,27.14
2012-09-23,1141.749,27.14
2012-09-24,1144.8708,26.83
2012-09-25,1147.9925,26.52
2012-09-26,1153.8458,25.93
2012-09-27,1152.0898,26.11
2012-09-28,1151.8964,26.12
2012-09-29,1151.8964,26.12
2012-09-30,1151.8964,26.12
2012-10-01,1153.0569,26.01
2012-10-02,1153.8305,25.93
2012-10-03,1154.991,25.81
2012-10-04,1151.1227,26.20
2012-10-05,1144.9335,26.82
2012-10-06,1144.9335,26.82
2012-10-07,1144.9335,26.82
2012-10-08,1144.9335,26.82
2012-10-09,1146.4808,26.66
2012-10-10,1148.6084,26.45
2012-10-11,1149.1886,26.39
2012-10-12,1149.7688,26.33
2012-10-13,1149.7688,26.33
2012-10-14,1149.7688,26.33
2012-10-15,1149.7688,26.33
2012-10-16,1144.3533,26.87
2012-10-17,1134.4892,27.86
2012-10-18,1133.3288,27.97
2012-10-19,1138.3575,27.47
2012-10-20,1138.3575,27.47
2012-10-21,1138.3575,27.47
2012-10-22,1134.8761,27.82
2012-10-23,1138.1641,27.49
2012-10-24,1138.1641,27.49
2012-10-25,1132.3617,28.07
2012-10-26,1140.485,27.25
2012-10-27,1140.485,27.25
2012-10-28,1140.485,27.25
2012-10-29,1140.485,27.25
2012-10-30,1141.8389,27.12
2012-10-31,1146.3249,26.67
2012-11-01,1143.7893,26.92
2012-11-02,1143.2042,26.98
2012-11-03,1143.2042,26.98
2012-11-04,1143.2042,26.98
2012-11-05,1147.6901,26.53
2012-11-06,1142.229,27.07
2012-11-07,1153.1513,25.98
2012-11-08,1156.662,25.63
2012-11-09,1157.2472,25.57
2012-11-10,1157.2472,25.57
2012-11-11,1157.2472,25.57
2012-11-12,1157.2472,25.57
2012-11-13,1159.0025,25.39
2012-11-14,1159.0025,25.39
2012-11-15,1158.8075,25.41
2012-11-16,1160.7579,25.22
2012-11-17,1160.7579,25.22
2012-11-18,1160.7579,25.22
2012-11-19,1157.2472,25.57
2012-11-20,1153.5414,25.94
2012-11-21,1150.8108,26.21
2012-11-22,1150.8108,26.21
2012-11-23,1150.0306,26.29
2012-11-24,1150.0306,26.29
2012-11-25,1150.0306,26.28
2012-11-26,1152.7612,26.01
2012-11-27,1154.9067,25.79
2012-11-28,1158.2224,25.45
2012-11-29,1158.7425,25.40
2012-11-30,1160.0911,25.26
2012-12-01,1160.0911,25.26
2012-12-02,1160.0911,25.26
2012-12-03,1157.9718,25.47
2012-12-04,1159.3205,25.34
2012-12-05,1162.0177,25.07
2012-12-06,1162.981,24.97
2012-12-07,1159.1278,25.36
2012-12-08,1159.1278,25.35
2012-12-09,1159.1278,25.35
2012-12-10,1159.8984,25.28
2012-12-11,1157.2012,25.55
2012-12-12,1152.9626,25.97
2012-12-13,1148.9167,26.37
2012-12-14,1149.6874,26.30
2012-12-15,1149.6874,26.30
2012-12-16,1149.6874,26.29
2012-12-17,1144.6782,26.80
2012-12-18,1139.091,27.35
2012-12-19,1141.7882,27.08
2012-12-20,1141.7882,27.08
2012-12-21,1145.8341,26.68
2012-12-22,1145.8341,26.68
2012-12-23,1145.8341,26.68
2012-12-24,1143.9075,26.87
2012-12-25,1143.9075,26.87
2012-12-26,1146.0268,26.66
2012-12-27,1151.2287,26.13
2012-12-28,1151.614,26.10
2012-12-29,1151.614,26.10
2012-12-30,1151.614,26.09
2012-12-31,1149.4855,26.31
2013-01-01,1149.4855,26.31
2013-01-02,1141.5521,27.10
2013-01-03,1135.1666,27.74
2013-01-04,1133.8121,27.87
2013-01-05,1133.8121,27.87
2013-01-06,1133.8121,27.87
2013-01-07,1134.5861,27.79
2013-01-08,1138.0691,27.44
2013-01-09,1140.5846,27.19
2013-01-10,1136.3276,27.62
2013-01-11,1138.6496,27.39
2013-01-12,1138.6496,27.38
2013-01-13,1138.6496,27.38
2013-01-14,1140.1976,27.23
2013-01-15,1143.1001,26.94
2013-01-16,1143.4871,26.90
2013-01-17,1138.2626,27.42
2013-01-18,1141.5521,27.09
2013-01-19,1141.5521,27.09
2013-01-20,1141.5521,27.09
2013-01-21,1141.5521,27.09
2013-01-22,1143.1001,26.93
2013-01-23,1143.4871,26.90
2013-01-24,1142.7131,26.97
2013-01-25,1132.4576,28.00
2013-01-26,1132.4576,28.00
2013-01-27,1132.4576,28.00
2013-01-28,1130.1357,28.23
2013-01-29,1130.1357,28.23
2013-01-30,1129.7487,28.27
2013-01-31,1130.9285,28.15
2013-02-01,1128.9621,28.34
2013-02-02,1128.9621,28.34
2013-02-03,1128.9621,28.34
2013-02-04,1133.6816,27.87
2013-02-05,1130.142,28.22
2013-02-06,1135.0581,27.73
2013-02-07,1136.8279,27.55
2013-02-08,1136.6313,27.57
2013-02-09,1136.6313,27.57
2013-02-10,1136.6313,27.57
2013-02-11,1136.0414,27.63
2013-02-12,1132.895,27.94
2013-02-13,1129.3554,28.30
2013-02-14,1134.4682,27.79
2013-02-15,1134.0749,27.82
2013-02-16,1134.0749,27.82
2013-02-17,1134.0749,27.82
2013-02-18,1134.0749,27.82
2013-02-19,1131.7151,28.06
2013-02-20,1133.2883,27.90
2013-02-21,1137.4179,27.49
2013-02-22,1138.7944,27.35
2013-02-23,1138.7944,27.35
2013-02-24,1138.7944,27.35
2013-02-25,1146.267,26.60
2013-02-26,1148.4956,26.37
2013-02-27,1147.3158,26.48
2013-02-28,1148.6942,26.34
2013-03-01,1151.6479,26.05
2013-03-02,1151.6479,26.04
2013-03-03,1151.6479,26.04
2013-03-04,1149.6787,26.24
2013-03-05,1148.4972,26.36
2013-03-06,1144.362,26.77
2013-03-07,1138.2576,27.38
2013-03-08,1131.9563,28.01
2013-03-09,1131.9563,28.01
2013-03-10,1131.9563,28.01
2013-03-11,1131.9563,28.01
2013-03-12,1135.3039,27.67
2013-03-13,1135.1069,27.69
2013-03-14,1135.3039,27.67
2013-03-15,1140.4237,27.16
2013-03-16,1140.4237,27.16
2013-03-17,1140.4237,27.16
2013-03-18,1144.362,26.77
2013-03-19,1148.8911,26.31
2013-03-20,1146.725,26.53
2013-03-21,1146.9219,26.51
2013-03-22,1148.3003,26.37
2013-03-23,1148.3003,26.37
2013-03-24,1148.3003,26.37
2013-03-25,1149.088,26.29
2013-03-26,1150.6633,26.13
2013-03-27,1155.9801,25.60
2013-03-28,1154.212,25.78
2013-03-29,1154.212,25.78
2013-03-30,1154.212,25.78
2013-03-31,1154.212,25.77
2013-04-01,1155.9801,25.60
2013-04-02,1154.212,25.77
2013-04-03,1159.5162,25.24
2013-04-04,1165.0169,24.69
2013-04-05,1168.946,24.30
2013-04-06,1168.946,24.30
2013-04-07,1168.946,24.30
2013-04-08,1165.2134,24.67
2013-04-09,1164.624,24.73
2013-04-10,1159.7127,25.22
2013-04-11,1161.2843,25.06
2013-04-12,1166.785,24.51
2013-04-13,1166.785,24.51
2013-04-14,1166.785,24.51
2013-04-15,1167.5708,24.43
2013-04-16,1166.3921,24.55
2013-04-17,1167.7673,24.41
2013-04-18,1168.7495,24.31
2013-04-19,1166.9814,24.49
2013-04-20,1166.9814,24.49
2013-04-21,1166.9814,24.49
2013-04-22,1168.1602,24.37
2013-04-23,1167.9637,24.39
2013-04-24,1168.3566,24.35
2013-04-25,1167.7673,24.41
2013-04-26,1172.4821,23.94
2013-04-27,1172.4821,23.93
2013-04-28,1172.4821,23.93
2013-04-29,1172.6786,23.91
2013-04-30,1171.5158,24.03
2013-05-01,1174.6165,23.72
2013-05-02,1175.0041,23.68
2013-05-03,1165.3145,24.65
2013-05-04,1165.3145,24.65
2013-05-05,1165.3145,24.65
2013-05-06,1162.9889,24.88
2013-05-07,1162.4076,24.94
2013-05-08,1164.3455,24.74
2013-05-09,1163.5703,24.82
2013-05-10,1155.6248,25.61
2013-05-11,1155.6248,25.61
2013-05-12,1155.6248,25.61
2013-05-13,1154.2683,25.75
2013-05-14,1151.1676,26.06
2013-05-15,1152.7179,25.90
2013-05-16,1160.4696,25.13
2013-05-17,1152.9117,25.88
2013-05-18,1152.9117,25.88
2013-05-19,1152.9117,25.88
2013-05-20,1152.3303,25.94
2013-05-21,1153.4931,25.82
2013-05-22,1145.16,26.65
2013-05-23,1145.5476,26.62
2013-05-24,1146.5166,26.52
2013-05-25,1146.5166,26.52
2013-05-26,1146.5166,26.52
2013-05-27,1146.5166,26.52
2013-05-28,1134.6952,27.69
2013-05-29,1135.5996,27.60
2013-05-30,1135.6642,27.58
2013-05-31,1132.262,27.92
2013-06-01,1132.262,27.92
2013-06-02,1132.262,27.92
2013-06-03,1134.4634,27.70
2013-06-04,1133.4628,27.80
2013-06-05,1136.4647,27.50
2013-06-06,1139.4666,27.20
2013-06-07,1130.4608,28.10
2013-06-08,1130.4608,28.10
2013-06-09,1130.4608,28.10
2013-06-10,1126.058,28.54
2013-06-11,1127.4589,28.40
2013-06-12,1124.6571,28.68
2013-06-13,1129.6603,28.18
2013-06-14,1137.2652,27.42
2013-06-15,1137.2652,27.42
2013-06-16,1137.2652,27.42
2013-06-17,1133.4628,27.80
2013-06-18,1132.4621,27.89
2013-06-19,1115.4512,29.60
2013-06-20,1105.0445,30.64
2013-06-21,1094.4377,31.70
2013-06-22,1094.4377,31.69
2013-06-23,1094.4377,31.69
2013-06-24,1090.4351,32.09
2013-06-25,1087.233,32.41
2013-06-26,1093.0368,31.83
2013-06-27,1099.2408,31.21
2013-06-28,1098.2107,31.31
2013-06-29,1098.2107,31.31
2013-06-30,1098.2107,31.31
2013-07-01,1097.7987,31.35
2013-07-02,1098.8287,31.25
2013-07-03,1095.5325,31.58
2013-07-04,1095.5325,31.58
2013-07-05,1073.0772,33.82
2013-07-06,1073.0772,33.82
2013-07-07,1073.0772,33.82
2013-07-08,1081.3177,33.00
2013-07-09,1084.2019,32.71
2013-07-10,1081.3177,33.00
2013-07-11,1094.9145,31.64
2013-07-12,1092.0303,31.92
2013-07-13,1092.0303,31.92
2013-07-14,1092.0303,31.92
2013-07-15,1097.3866,31.39
2013-07-16,1098.6227,31.26
2013-07-17,1104.185,30.70
2013-07-18,1100.6828,31.05
2013-07-19,1105.2151,30.60
2013-07-20,1105.2151,30.60
2013-07-21,1105.2151,30.60
2013-07-22,1105.4211,30.58
2013-07-23,1103.361,30.78
2013-07-24,1096.3566,31.48
2013-07-25,1094.7085,31.65
2013-07-26,1099.8588,31.13
2013-07-27,1099.8588,31.13
2013-07-28,1099.8588,31.13
2013-07-29,1097.7987,31.34
2013-07-30,1096.3566,31.48
2013-07-31,1096.5621,31.46
2013-08-01,1082.5863,32.85
2013-08-02,1098.4119,31.27
2013-08-03,1098.4119,31.27
2013-08-04,1098.4119,31.27
2013-08-05,1095.329,31.58
2013-08-06,1095.5345,31.56
2013-08-07,1099.234,31.19
2013-08-08,1101.4948,30.96
2013-08-09,1101.4948,30.96
2013-08-10,1101.4948,30.96
2013-08-11,1101.4948,30.96
2013-08-12,1099.0284,31.20
2013-08-13,1086.9024,32.42
2013-08-14,1087.93,32.31
2013-08-15,1084.2305,32.68
2013-08-16,1077.4481,33.36
2013-08-17,1077.4481,33.36
2013-08-18,1077.4481,33.36
2013-08-19,1072.5155,33.85
2013-08-20,1079.9145,33.11
2013-08-21,1073.9542,33.71
2013-08-22,1067.9939,34.30
2013-08-23,1075.8039,33.52
2013-08-24,1075.8039,33.52
2013-08-25,1075.8039,33.52
2013-08-26,1078.2702,33.27
2013-08-27,1087.3134,32.36
2013-08-28,1080.9421,32.99
2013-08-29,1084.436,32.64
2013-08-30,1083.2046,32.76
2013-08-31,1083.2046,32.76
2013-09-01,1083.2046,32.76
2013-09-02,1083.2046,32.76
2013-09-03,1073.7631,33.70
2013-09-04,1067.6057,34.32
2013-09-05,1058.5748,35.22
2013-09-06,1065.5532,34.52
2013-09-07,1065.5532,34.52
2013-09-08,1065.5532,34.52
2013-09-09,1071.0949,33.96
2013-09-10,1065.5532,34.52
2013-09-11,1071.5054,33.92
2013-09-12,1071.9159,33.88
2013-09-13,1073.5579,33.72
2013-09-14,1073.5579,33.71
2013-09-15,1073.5579,33.71
2013-09-16,1079.0996,33.16
2013-09-17,1081.3573,32.93
2013-09-18,1100.2401,31.04
2013-09-19,1095.3142,31.54
2013-09-20,1096.5457,31.41
2013-09-21,1096.5457,31.41
2013-09-22,1096.5457,31.41
2013-09-23,1098.5982,31.20
2013-09-24,1104.9608,30.57
2013-09-25,1109.4763,30.12
2013-09-26,1107.0133,30.36
2013-09-27,1110.2973,30.03
2013-09-28,1110.2973,30.03
2013-09-29,1110.2973,30.03
2013-09-30,1110.8893,29.97
2013-10-01,1107.5344,30.31
2013-10-02,1110.8893,29.97
2013-10-03,1113.2575,29.73
2013-10-04,1108.3238,30.23
2013-10-05,1108.3238,30.23
2013-10-06,1108.3238,30.22
2013-10-07,1109.7053,30.09
2013-10-08,1109.3106,30.12
2013-10-09,1109.3106,30.12
2013-10-10,1105.7583,30.48
2013-10-11,1107.3371,30.32
2013-10-12,1107.3371,30.32
2013-10-13,1107.3371,30.32
2013-10-14,1107.3371,30.32
2013-10-15,1104.1795,30.64
2013-10-16,1109.3106,30.12
2013-10-17,1117.9939,29.25
2013-10-18,1117.2045,29.33
2013-10-19,1117.2045,29.33
2013-10-20,1117.2045,29.33
2013-10-21,1115.4284,29.51
2013-10-22,1124.9012,28.56
2013-10-23,1126.8747,28.36
2013-10-24,1123.7171,28.68
2013-10-25,1126.2826,28.42
2013-10-26,1126.2826,28.42
2013-10-27,1126.2826,28.42
2013-10-28,1125.6906,28.48
2013-10-29,1127.6641,28.28
2013-10-30,1125.0985,28.54
2013-10-31,1123.1505,28.73
2013-11-01,1115.943,29.45
2013-11-02,1115.943,29.45
2013-11-03,1115.943,29.45
2013-11-04,1118.4754,29.20
2013-11-05,1113.2159,29.72
2013-11-06,1117.6962,29.27
2013-11-07,1120.4234,29.00
2013-11-08,1107.5668,30.28
2013-11-09,1107.5668,30.28
2013-11-10,1107.5668,30.28
2013-11-11,1107.5668,30.28
2013-11-12,1105.0344,30.54
2013-11-13,1110.6835,29.97
2013-11-14,1116.7222,29.37
2013-11-15,1115.7482,29.46
2013-11-16,1115.7482,29.46
2013-11-17,1115.7482,29.46
2013-11-18,1119.2546,29.11
2013-11-19,1115.3587,29.50
2013-11-20,1110.6835,29.97
2013-11-21,1110.6835,29.97
2013-11-22,1113.4107,29.69
2013-11-23,1113.4107,29.69
2013-11-24,1113.4107,29.69
2013-11-25,1114.5795,29.57
2013-11-26,1119.5143,29.07
2013-11-27,1115.6184,29.45
2013-11-28,1115.6184,29.45
2013-11-29,1114.2004,29.59
2013-11-30,1114.2004,29.59
2013-12-01,1114.2004,29.59
2013-12-02,1107.5156,30.26
2013-12-03,1110.5542,29.96
2013-12-04,1104.2746,30.58
2013-12-05,1101.0335,30.91
2013-12-06,1099.2103,31.09
2013-12-07,1099.2103,31.09
2013-12-08,1099.2103,31.09
2013-12-09,1100.8309,30.93
2013-12-10,1107.7182,30.24
2013-12-11,1103.0591,30.70
2013-12-12,1099.6155,31.05
2013-12-13,1099.818,31.02
2013-12-14,1099.818,31.02
2013-12-15,1099.818,31.02
2013-12-16,1099.4129,31.06
2013-12-17,1103.4643,30.66
2013-12-18,1100.2232,30.98
2013-12-19,1091.9179,31.81
2013-12-20,1092.9307,31.71
2013-12-21,1092.9307,31.71
2013-12-22,1092.9307,31.71
2013-12-23,1089.0819,32.09
2013-12-24,1084.0177,32.60
2013-12-25,1084.0177,32.60
2013-12-26,1083.2074,32.68
2013-12-27,1083.2074,32.68
2013-12-28,1083.2074,32.68
2013-12-29,1083.2074,32.68
2013-12-30,1086.246,32.37
2013-12-31,1084.0188,32.59
2014-01-01,1084.0188,32.59
2014-01-02,1086.246,32.37
2014-01-03,1085.6386,32.43
2014-01-04,1085.6386,32.43
2014-01-05,1085.6386,32.43
2014-01-06,1089.4855,32.04
2014-01-07,1092.32,31.76
2014-01-08,1084.8287,32.51
2014-01-09,1087.6632,32.22
2014-01-10,1100.2163,30.97
2014-01-11,1100.2163,30.97
2014-01-12,1100.2163,30.97
2014-01-13,1103.8607,30.60
2014-01-14,1098.5965,31.13
2014-01-15,1095.9644,31.39
2014-01-16,1099.8113,31.00
2014-01-17,1101.836,30.80
2014-01-18,1101.836,30.80
2014-01-19,1101.836,30.80
2014-01-20,1101.836,30.80
2014-01-21,1101.2286,30.86
2014-01-22,1095.9644,31.38
2014-01-23,1106.4928,30.33
2014-01-24,1110.1372,29.97
2014-01-25,1110.1372,29.96
2014-01-26,1110.1372,29.96
2014-01-27,1106.8977,30.29
2014-01-28,1110.3397,29.94
2014-01-29,1117.426,29.23
2014-01-30,1115.1989,29.46
2014-01-31,1119.0595,29.07
2014-02-01,1119.0595,29.07
2014-02-02,1119.0595,29.07
2014-02-03,1127.7965,28.19
2014-02-04,1124.1392,28.56
2014-02-05,1120.685,28.90
2014-02-06,1117.2308,29.25
2014-02-07,1121.9041,28.78
2014-02-08,1121.9041,28.78
2014-02-09,1121.9041,28.78
2014-02-10,1121.4977,28.82
2014-02-11,1116.8244,29.29
2014-02-12,1112.5574,29.71
2014-02-13,1119.0595,29.06
2014-02-14,1117.6371,29.20
2014-02-15,1117.6371,29.20
2014-02-16,1117.6371,29.20
2014-02-17,1117.6371,29.20
2014-02-18,1121.7009,28.80
2014-02-19,1118.8563,29.08
2014-02-20,1115.8085,29.38
2014-02-21,1117.2308,29.24
2014-02-22,1117.2308,29.24
2014-02-23,1117.2308,29.24
2014-02-24,1115.4021,29.42
2014-02-25,1120.0754,28.95
2014-02-26,1123.2587,28.62
2014-02-27,1126.3065,28.31
2014-02-28,1123.37,28.61
2014-03-01,1123.37,28.61
2014-03-02,1123.37,28.61
2014-03-03,1129.4527,28.00
2014-03-04,1120.6433,28.88
2014-03-05,1120.6433,28.88
2014-03-06,1116.4483,29.30
2014-03-07,1110.1558,29.93
2014-03-08,1110.1558,29.92
2014-03-09,1110.1558,29.92
2014-03-10,1111.624,29.78
2014-03-11,1113.302,29.61
2014-03-12,1117.0775,29.23
2014-03-13,1124.6285,28.47
2014-03-14,1125.048,28.43
2014-03-15,1125.048,28.43
2014-03-16,1125.048,28.43
2014-03-17,1120.014,28.93
2014-03-18,1122.531,28.68
2014-03-19,1109.107,30.02
2014-03-20,1108.0583,30.13
2014-03-21,1108.8973,30.04
2014-03-22,1108.8973,30.04
2014-03-23,1108.8973,30.04
2014-03-24,1108.4778,30.08
2014-03-25,1109.107,30.02
2014-03-26,1113.5118,29.58
2014-03-27,1114.3508,29.49
2014-03-28,1110.3655,29.89
2014-03-29,1110.3655,29.89
2014-03-30,1110.3655,29.89
2014-03-31,1109.5217,29.98
2014-04-01,1107.6231,30.16
2014-04-02,1101.7164,30.75
2014-04-03,1102.3492,30.69
2014-04-04,1111.8422,29.74
2014-04-05,1111.8422,29.74
2014-04-06,1111.8422,29.74
2014-04-07,1114.3737,29.49
2014-04-08,1116.9051,29.23
2014-04-09,1119.0147,29.02
2014-04-10,1125.7652,28.34
2014-04-11,1127.031,28.22
2014-04-12,1127.031,28.22
2014-04-13,1127.031,28.22
2014-04-14,1124.2886,28.49
2014-04-15,1124.2886,28.49
2014-04-16,1121.3352,28.78
2014-04-17,1112.897,29.63
2014-04-18,1112.897,29.63
2014-04-19,1112.897,29.63
2014-04-20,1112.897,29.63
2014-04-21,1112.686,29.65
2014-04-22,1111.2093,29.79
2014-04-23,1115.6394,29.35
2014-04-24,1115.2175,29.39
2014-04-25,1117.1161,29.20
2014-04-26,1117.1161,29.20
2014-04-27,1117.1161,29.20
2014-04-28,1117.538,29.16
2014-04-29,1116.2723,29.28
2014-04-30,1121.9617,28.71
2014-05-01,1125.1225,28.40
2014-05-02,1125.1225,28.40
2014-05-03,1125.1225,28.40
2014-05-04,1125.1225,28.40
2014-05-05,1124.0689,28.50
2014-05-06,1124.9118,28.42
2014-05-07,1128.0726,28.10
2014-05-08,1131.2335,27.78
2014-05-09,1129.7584,27.93
2014-05-10,1129.7584,27.93
2014-05-11,1129.7584,27.93
2014-05-12,1126.1762,28.29
2014-05-13,1130.6013,27.84
2014-05-14,1138.1873,27.08
2014-05-15,1142.191,26.68
2014-05-16,1140.2945,26.87
2014-05-17,1140.2945,26.87
2014-05-18,1140.2945,26.87
2014-05-19,1139.6623,26.93
2014-05-20,1143.2446,26.57
2014-05-21,1140.7159,26.83
2014-05-22,1138.1873,27.08
2014-05-23,1140.5052,26.85
2014-05-24,1140.5052,26.85
2014-05-25,1140.5052,26.85
2014-05-26,1140.5052,26.84
2014-05-27,1141.9802,26.69
2014-05-28,1149.8472,25.90
2014-05-29,1148.7935,26.00
2014-05-30,1147.3584,26.14
2014-05-31,1147.3584,26.14
2014-06-01,1147.3584,26.14
2014-06-02,1139.1573,26.96
2014-06-03,1133.0065,27.58
2014-06-04,1131.5713,27.72
2014-06-05,1134.2367,27.45
2014-06-06,1132.1864,27.66
2014-06-07,1132.1864,27.66
2014-06-08,1132.1864,27.65
2014-06-09,1129.9311,27.88
2014-06-10,1127.6758,28.10
2014-06-11,1128.4959,28.02
2014-06-12,1134.6467,27.41
2014-06-13,1131.3663,27.73
2014-06-14,1131.3663,27.73
2014-06-15,1131.3663,27.73
2014-06-16,1131.5713,27.71
2014-06-17,1125.6255,28.31
2014-06-18,1130.3412,27.83
2014-06-19,1131.9814,27.67
2014-06-20,1130.9562,27.77
2014-06-21,1130.9562,27.77
2014-06-22,1130.9562,27.77
2014-06-23,1130.9562,27.77
2014-06-24,1134.8521,27.38
2014-06-25,1137.927,27.07
2014-06-26,1141.6176,26.70
2014-06-27,1141.8226,26.68
2014-06-28,1141.8226,26.68
2014-06-29,1141.8226,26.68
2014-06-30,1142.853,26.58
2014-07-01,1138.9376,26.97
2014-07-02,1132.5493,27.61
2014-07-03,1130.2825,27.83
2014-07-04,1130.2825,27.83
2014-07-05,1130.2825,27.83
2014-07-06,1130.2825,27.83
2014-07-07,1132.5493,27.60
2014-07-08,1137.289,27.13
2014-07-09,1140.3801,26.82
2014-07-10,1142.853,26.57
2014-07-11,1143.4712,26.51
2014-07-12,1143.4712,26.51
2014-07-13,1143.4712,26.51
2014-07-14,1140.1741,26.84
2014-07-15,1139.3498,26.92
2014-07-16,1139.1437,26.94
2014-07-17,1145.3259,26.32
2014-07-18,1144.2955,26.42
2014-07-19,1144.2955,26.42
2014-07-20,1144.2955,26.42
2014-07-21,1144.0895,26.44
2014-07-22,1145.9441,26.26
2014-07-23,1146.1502,26.23
2014-07-24,1141.2044,26.73
2014-07-25,1144.7077,26.38
2014-07-26,1144.7077,26.38
2014-07-27,1144.7077,26.38
2014-07-28,1142.2348,26.62
2014-07-29,1145.532,26.29
2014-07-30,1136.0526,27.24
2014-07-31,1135.4352,27.30
2014-08-01,1143.8721,26.46
2014-08-02,1143.8721,26.46
2014-08-03,1143.8721,26.46
2014-08-04,1145.5184,26.29
2014-08-05,1145.7242,26.27
2014-08-06,1147.1646,26.13
2014-08-07,1152.7206,25.57
2014-08-08,1153.3379,25.51
2014-08-09,1153.3379,25.51
2014-08-10,1153.3379,25.51
2014-08-11,1152.7206,25.57
2014-08-12,1151.4859,25.69
2014-08-13,1151.4859,25.69
2014-08-14,1157.6593,25.07
2014-08-15,1162.1864,24.62
2014-08-16,1162.1864,24.62
2014-08-17,1162.1864,24.62
2014-08-18,1158.4824,24.99
2014-08-19,1156.6304,25.17
2014-08-20,1152.7206,25.56
2014-08-21,1153.9553,25.44
2014-08-22,1152.3091,25.60
2014-08-23,1152.3091,25.60
2014-08-24,1152.3091,25.60
2014-08-25,1153.1322,25.52
2014-08-26,1154.1611,25.41
2014-08-27,1156.8362,25.14
2014-08-28,1159.3741,24.88
2014-08-29,1158.5678,24.96
2014-08-30,1158.5678,24.96
2014-08-31,1158.5678,24.96
2014-09-01,1158.5678,24.96
2014-09-02,1151.5128,25.66
2014-09-03,1151.5128,25.66
2014-09-04,1148.2877,25.98
2014-09-05,1149.2955,25.88
2014-09-06,1149.2955,25.88
2014-09-07,1149.2955,25.88
2014-09-08,1147.8846,26.02
2014-09-09,1144.0547,26.40
2014-09-10,1141.8374,26.63
2014-09-11,1142.039,26.60
2014-09-12,1135.3871,27.27
2014-09-13,1135.3871,27.27
2014-09-14,1135.3871,27.27
2014-09-15,1137.6044,27.05
2014-09-16,1138.4107,26.96
2014-09-17,1136.1934,27.19
2014-09-18,1132.162,27.59
2014-09-19,1135.5887,27.25
2014-09-20,1135.5887,27.24
2014-09-21,1135.5887,27.24
2014-09-22,1139.217,26.88
2014-09-23,1142.4421,26.56
2014-09-24,1139.217,26.88
2014-09-25,1145.2642,26.27
2014-09-26,1141.2327,26.68
2014-09-27,1141.2327,26.68
2014-09-28,1141.2327,26.68
2014-09-29,1145.4657,26.25
2014-09-30,1143.8677,26.41
2014-10-01,1155.0539,25.29
2014-10-02,1152.457,25.55
2014-10-03,1150.2598,25.77
2014-10-04,1150.2598,25.77
2014-10-05,1150.2598,25.77
2014-10-06,1153.6556,25.43
2014-10-07,1161.2462,24.67
2014-10-08,1166.0403,24.19
2014-10-09,1166.8393,24.11
2014-10-10,1168.2376,23.97
2014-10-11,1168.2376,23.97
2014-10-12,1168.2376,23.97
2014-10-13,1168.2376,23.97
2014-10-14,1179.6235,22.83
2014-10-15,1194.0058,21.39
2014-10-16,1187.4139,22.05
2014-10-17,1182.2203,22.57
2014-10-18,1182.2203,22.57
2014-10-19,1182.2203,22.57
2014-10-20,1184.4176,22.35
2014-10-21,1182.4201,22.55
2014-10-22,1179.4238,22.85
2014-10-23,1174.2302,23.36
2014-10-24,1174.4301,23.34
2014-10-25,1174.4301,23.34
2014-10-26,1174.4301,23.34
2014-10-27,1175.8282,23.20
2014-10-28,1173.4312,23.44
2014-10-29,1167.0391,24.08
2014-10-30,1169.2364,23.86
2014-10-31,1165.8315,24.20
2014-11-01,1165.8315,24.20
2014-11-02,1165.8315,24.20
2014-11-03,1164.6298,24.32
2014-11-04,1164.8301,24.30
2014-11-05,1164.8301,24.30
2014-11-06,1162.026,24.58
2014-11-07,1169.6369,23.82
2014-11-08,1169.6369,23.82
2014-11-09,1169.6369,23.82
2014-11-10,1164.6298,24.32
2014-11-11,1164.6298,24.32
2014-11-12,1165.4309,24.23
2014-11-13,1167.4338,24.03
2014-11-14,1170.0375,23.77
2014-11-17,1167.2335,24.05
2014-11-18,1169.4366,23.83
2014-11-19,1166.2321,24.15
2014-11-20,1168.4352,23.93
2014-11-21,1170.0375,23.77
2014-11-24,1171.2392,23.64
2014-11-25,1175.8458,23.18
2014-11-26,1178.9837,22.86
2014-11-27,1178.9837,22.86
2014-11-28,1182.9534,22.46
2014-12-01,1181.3655,22.62
2014-12-02,1174.0214,23.35
2014-12-03,1173.2271,23.43
2014-12-04,1176.0063,23.15
2014-12-05,1168.4637,23.91
2014-12-08,1172.4335,23.51
2014-12-09,1177.1972,23.03
2014-12-10,1183.5489,22.40
2014-12-11,1180.7701,22.67
2014-12-12,1189.3051,21.82
2014-12-15,1185.5338,22.19
2014-12-16,1190.496,21.70
2014-12-17,1181.762,22.57
2014-12-18,1175.8078,23.17
2014-12-19,1177.7927,22.97
2014-12-22,1178.5867,22.89
2014-12-23,1169.6547,23.78
2014-12-24,1169.0592,23.84
2014-12-25,1169.0592,23.84
2014-12-26,1169.8531,23.76
2014-12-29,1174.6169,23.28
2014-12-30,1176.9988,23.04
2014-12-31,1179.8333,22.76
2015-01-01,1179.8333,22.76
2015-01-02,1184.4899,22.29
2015-01-05,1192.386,21.50
2015-01-06,1200.0797,20.73
2015-01-07,1201.4969,20.59
2015-01-08,1196.8403,21.05
2015-01-09,1202.9142,20.44
2015-01-12,1209.1906,19.82
2015-01-13,1212.43,19.49
2015-01-14,1218.301,18.90
2015-01-15,1225.7926,18.15
2015-01-16,1219.5163,18.78
2015-01-20,1219.5163,18.78
2015-01-21,1214.0497,19.33
2015-01-22,1210.0004,19.73
2015-01-23,1217.0867,19.02
2015-01-26,1214.8596,19.24
2015-01-27,1216.8842,19.04
2015-01-28,1227.4124,17.99
2015-01-29,1223.768,18.35
2015-01-30,1232.3609,17.49
2015-02-02,1232.9468,17.43
2015-02-03,1222.2057,18.51
2015-02-04,1221.424,18.58
2015-02-05,1219.6668,18.76
2015-02-09,1204.0434,20.32
2015-02-10,1200.9187,20.63
2015-02-11,1200.9187,20.63
2015-02-12,1201.6998,20.55
2015-02-13,1199.3563,20.79
2015-02-16,1199.3563,20.79
2015-02-17,1187.0528,22.02
2015-02-18,1196.6222,21.06
2015-02-19,1191.3493,21.59
2015-02-20,1191.3493,21.58
2015-02-23,1196.6222,21.06
2015-02-24,1205.0198,20.21
2015-02-25,1205.4755,20.16
2015-02-26,1199.8771,20.71
2015-02-27,1201.8681,20.52
2015-03-02,1193.3069,21.37
2015-03-03,1189.3249,21.77
2015-03-04,1190.5195,21.65
2015-03-05,1192.51,21.45
2015-03-06,1179.7682,22.72
2015-03-09,1184.3474,22.26
2015-03-10,1190.7186,21.63
2015-03-11,1191.515,21.55
2015-03-12,1194.3023,21.27
2015-03-13,1193.1078,21.38
2015-03-16,1194.5014,21.24
2015-03-17,1198.0852,20.89
2015-03-18,1211.6239,19.53
2015-03-19,1207.2437,19.97
2015-03-20,1213.2167,19.37
2015-03-23,1215.2077,19.17
2015-03-24,1218.3933,18.85
2015-03-25,1214.809,19.21
2015-03-26,1207.4428,19.95
2015-03-27,1213.2167,19.37
2015-03-30,1212.0221,19.49
2015-03-31,1215.9874,19.09
2015-04-01,1221.9354,18.49
2015-04-02,1219.3579,18.75
2015-04-06,1222.5302,18.43
2015-04-07,1221.7371,18.51
2015-04-08,1221.7371,18.51
2015-04-09,1215.1944,19.17
2015-04-10,1214.7978,19.21
2015-04-13,1216.9788,18.99
2015-04-14,1221.1423,18.57
2015-04-15,1222.7285,18.41
2015-04-16,1225.9007,18.09
2015-04-17,1227.4869,17.93
2015-04-20,1223.9181,18.29
2015-04-21,1221.7371,18.51
2015-04-22,1215.3926,19.14
2015-04-23,1218.9611,18.78
2015-04-24,1222.134,18.47
2015-04-27,1221.1423,18.56
2015-04-28,1216.582,19.02
2015-04-29,1211.031,19.57
2015-04-30,1209.251,19.75
2015-05-01,1201.735,20.50
2015-05-04,1201.5372,20.52
2015-05-05,1197.186,20.96
2015-05-06,1193.033,21.37
2015-05-07,1196.7904,21.00
2015-05-08,1202.3283,20.44
2015-05-11,1190.4614,21.63
2015-05-12,1192.4392,21.43
2015-05-13,1191.6481,21.51
2015-05-14,1196.79,20.99
2015-05-15,1204.9,20.18
2015-05-18,1196.593,21.01
2015-05-19,1192.241,21.45
2015-05-20,1195.2082,21.15
2015-05-21,1200.9439,20.57
2015-05-22,1195.406,21.13
2015-05-26,1203.3173,20.33
2015-05-27,1203.1195,20.34
2015-05-28,1204.7679,20.17
2015-05-29,1208.488,19.80
2015-06-01,1198.6981,20.78
2015-06-02,1191.2581,21.52
2015-06-03,1180.881,22.56
2015-06-04,1186.559,21.99
2015-06-05,1176.182,23.03
2015-06-08,1179.1189,22.73
2015-06-09,1176.182,23.03
2015-06-10,1170.504,23.59
2015-06-11,1179.3147,22.71
2015-06-12,1178.7273,22.77
2015-06-15,1182.2516,22.42
2015-06-16,1186.167,22.03
2015-06-17,1189.496,21.69
2015-06-18,1185.58,22.08
2015-06-19,1194.5865,21.18
2015-06-22,1185.188,22.12
2015-06-23,1180.489,22.59
2015-06-24,1184.0137,22.24
2015-06-25,1182.0558,22.43
2015-06-26,1175.0073,23.14
2015-06-29,1189.8875,21.65
2015-06-30,1189.4915,21.69
2015-07-01,1180.582,22.58
2015-07-02,1185.7299,22.06
2015-07-06,1197.0147,20.93
2015-07-07,1201.5682,20.48
2015-07-08,1204.736,20.16
2015-07-09,1195.827,21.05
2015-07-10,1183.9481,22.24
2015-07-13,1182.1663,22.41
2015-07-14,1186.522,21.98
2015-07-15,1191.6693,21.46
2015-07-16,1189.4915,21.68
2015-07-17,1188.8976,21.74
2015-07-20,1185.9279,22.03
2015-07-21,1189.8875,21.64
2015-07-22,1191.2733,21.50
2015-07-23,1195.035,21.12
2015-07-24,1196.421,20.98
2015-07-27,1201.964,20.43
2015-07-28,1199.9844,20.63
2015-07-29,1197.6087,20.86
2015-07-30,1198.0046,20.82
2015-07-31,1205.4115,20.08
2015-08-03,1210.2841,19.59
2015-08-04,1203.267,20.29
2015-08-05,1196.8351,20.94
2015-08-06,1200.1487,20.61
2015-08-07,1205.6064,20.06
2015-08-10,1200.149,20.60
2015-08-11,1210.6742,19.55
2015-08-12,1212.0386,19.41
2015-08-13,1205.9962,20.02
2015-08-14,1204.437,20.17
2015-08-17,1209.505,19.67
2015-08-18,1205.6064,20.06
2015-08-19,1213.598,19.26
2015-08-20,1216.5217,18.96
2015-08-21,1220.8099,18.53
2015-08-24,1227.4371,17.87
2015-08-25,1213.2081,19.29
2015-08-26,1211.6488,19.44
2015-08-27,1211.6488,19.44
2015-08-28,1209.6347,19.63
2015-08-31,1207.8301,19.81
2015-09-01,1211.038,19.49
2015-09-02,1209.0331,19.69
2015-09-03,1212.0408,19.39
2015-09-04,1216.652,18.93
2015-09-08,1210.6372,19.53
2015-09-09,1212.642,19.33
2015-09-10,1209.033,19.69
2015-09-11,1213.8453,19.21
2015-09-14,1214.0458,19.19
2015-09-15,1203.2184,20.27
2015-09-16,1200.812,20.51
2015-09-17,1210.8377,19.51
2015-09-18,1219.4596,18.64
2015-09-21,1211.84,19.40
2015-09-22,1221.2641,18.46
2015-09-23,1219.46,18.64
2015-09-24,1221.465,18.44
2015-09-25,1217.8555,18.80
2015-09-28,1225.4748,18.04
2015-09-29,1230.287,17.56
2015-09-30,1229.2933,17.65
2015-10-01,1229.4919,17.63
2015-10-02,1237.0439,16.88
2015-10-05,1230.4858,17.53
2015-10-06,1233.069,17.28
2015-10-07,1230.287,17.55
2015-10-08,1225.9145,17.99
2015-10-09,1226.1133,17.97
2015-10-13,1230.8831,17.49
2015-10-14,1239.6281,16.62
2015-10-15,1234.262,17.15
2015-10-16,1233.0695,17.27
2015-10-19,1232.2745,17.35
2015-10-20,1227.1071,17.87
2015-10-21,1231.082,17.47
2015-10-22,1231.877,17.39
2015-10-23,1225.3183,18.04
2015-10-26,1227.5045,17.82
2015-10-27,1231.678,17.41
2015-10-28,1222.5358,18.32
2015-10-29,1214.983,19.08
2015-10-30,1215.9619,18.98
2015-11-02,1212.0476,19.37
2015-11-03,1208.72,19.70
2015-11-04,1206.3719,19.93
2015-11-05,1205.1977,20.05
2015-11-06,1195.412,21.03
2015-11-09,1195.2159,21.05
2015-11-10,1198.5434,20.72
2015-11-11,1198.5434,20.71
2015-11-12,1197.369,20.83
2015-11-13,1201.4791,20.42
2015-11-16,1203.2405,20.24
2015-11-17,1204.0229,20.16
2015-11-18,1203.0448,20.26
2015-11-19,1204.611,20.11
2015-11-20,1203.2405,20.24
2015-11-23,1205.002,20.06
2015-11-24,1206.1762,19.94
2015-11-25,1206.9591,19.86
2015-11-27,1208.2638,19.72
2015-11-30,1207.4781,19.80
2015-12-01,1213.9602,19.15
2015-12-02,1211.0138,19.45
2015-12-03,1196.2818,20.92
2015-12-04,1200.996,20.45
2015-12-07,1206.2996,19.92
2015-12-08,1206.1031,19.93
2015-12-09,1210.425,19.50
2015-12-10,1206.1031,19.93
2015-12-11,1216.5138,18.89
2015-12-14,1207.2817,19.82
2015-12-15,1203.3532,20.21
2015-12-16,1198.8353,20.66
2015-12-17,1203.5496,20.19
2015-12-18,1208.0674,19.74
2015-12-21,1209.0495,19.64
2015-12-22,1204.1389,20.13
2015-12-23,1201.9782,20.34
2015-12-24,1204.1389,20.13
2015-12-28,1205.3174,20.01
2015-12-29,1197.6568,20.77
2015-12-30,1197.0675,20.83
2015-12-31,1200.824,20.46
2016-01-04,1203.9866,20.14
2016-01-05,1205.1728,20.02
2016-01-06,1212.8827,19.25
2016-01-07,1216.0458,18.93
2016-01-08,1219.8019,18.56
2016-01-11,1219.2088,18.61
2016-01-12,1225.1395,18.02
2016-01-13,1228.105,17.72
2016-01-14,1225.1395,18.02
2016-01-15,1233.0471,17.23
2016-01-19,1232.2564,17.31
2016-01-20,1238.385,16.69
2016-01-21,1235.8148,16.95
2016-01-22,1232.0587,17.33
2016-01-25,1234.2333,17.11
2016-01-26,1237.594,16.77
2016-01-27,1238.1871,16.71
2016-01-28,1240.3617,16.49
2016-01-29,1247.0839,15.82
2016-02-01,1242.0902,16.32
2016-02-02,1253.422,15.19
2016-02-03,1252.4617,15.28
2016-02-04,1255.535,14.98
2016-02-05,1256.6871,14.86
2016-02-08,1268.2109,13.71
2016-02-09,1268.403,13.69
2016-02-10,1270.7077,13.46
2016-02-11,1277.2379,12.80
2016-02-12,1265.3299,13.99
2016-02-16,1263.4093,14.19
2016-02-17,1257.6474,14.76
2016-02-18,1263.6014,14.17
2016-02-19,1263.4091,14.19
2016-02-22,1261.8728,14.34
2016-02-23,1263.7934,14.15
2016-02-24,1264.5617,14.06
2016-02-25,1270.1955,13.50
2016-02-26,1261.4246,14.37
2016-02-29,1263.1707,14.19
2016-03-01,1251.7244,15.34
2016-03-02,1248.6204,15.65
2016-03-03,1250.7544,15.43
2016-03-04,1245.5163,15.96
2016-03-07,1243.3823,16.17
2016-03-08,1250.5604,15.45
2016-03-09,1245.1283,16.00
2016-03-10,1239.8902,16.52
2016-03-11,1236.2041,16.89
2016-03-14,1237.1742,16.79
2016-03-15,1236.9802,16.81
2016-03-16,1242.4123,16.27
2016-03-17,1245.7103,15.94
2016-03-18,1249.3964,15.57
2016-03-21,1244.5463,16.05
2016-03-22,1241.8302,16.32
2016-03-23,1248.4264,15.66
2016-03-24,1247.0684,15.80
2016-03-28,1249.396,15.56
2016-03-29,1256.7685,14.83
2016-03-30,1256.9625,14.81
2016-03-31,1261.6683,14.34
2016-04-01,1260.4919,14.45
2016-04-04,1262.6486,14.24
2016-04-05,1267.1583,13.79
2016-04-06,1265.3937,13.96
2016-04-07,1272.4523,13.26
2016-04-08,1269.7072,13.53
2016-04-11,1269.7072,13.53
2016-04-12,1263.629,14.14
2016-04-13,1264.6094,14.04
2016-04-14,1261.4722,14.35
2016-04-15,1264.8054,14.02
2016-04-18,1263.0408,14.20
2016-04-19,1261.2761,14.37
2016-04-20,1253.6293,15.14
2016-04-21,1251.865,15.31
2016-04-22,1250.1,15.49
2016-04-25,1248.9236,15.61
2016-04-26,1246.375,15.86
2016-04-27,1254.0215,15.10
2016-04-28,1256.1783,14.88
2016-04-29,1257.5526,14.74
2016-05-02,1253.037,15.19
2016-05-03,1260.4975,14.45
2016-05-04,1262.2644,14.27
2016-05-05,1265.995,13.90
2016-05-06,1263.4424,14.15
2016-05-09,1266.78,13.82
2016-05-10,1266.5836,13.84
2016-05-11,1268.1543,13.68
2016-05-12,1264.2277,14.07
2016-05-13,1268.9396,13.60
2016-05-16,1263.2461,14.17
2016-05-17,1261.8718,14.31
2016-05-18,1248.9141,15.60
2016-05-19,1252.6444,15.23
2016-05-20,1253.037,15.19
2016-05-23,1253.626,15.13
2016-05-24,1251.2701,15.36
2016-05-25,1250.0921,15.48
2016-05-26,1255.4584,14.95
2016-05-27,1254.1495,15.08
2016-05-31,1253.961,15.09
2016-06-01,1252.2637,15.26
2016-06-02,1256.2239,14.87
2016-06-03,1269.4247,13.55
2016-06-06,1268.2932,13.66
2016-06-07,1269.2361,13.57
2016-06-08,1268.6704,13.62
2016-06-09,1270.9334,13.40
2016-06-10,1276.2137,12.87
2016-06-13,1279.0424,12.58
2016-06-14,1279.231,12.56
2016-06-15,1282.8141,12.21
2016-06-16,1285.2656,11.96
2016-06-17,1280.1739,12.47
2016-06-20,1275.2708,12.96
2016-06-21,1272.8192,13.19
2016-06-22,1273.9507,13.08
2016-06-23,1267.5389,13.72
2016-06-24,1286.397,11.83
2016-06-27,1297.335,10.74
2016-06-28,1296.9578,10.77
2016-06-29,1294.6948,11.00
2016-06-30,1293.7794,11.09
2016-07-01,1294.8778,10.98
2016-07-05,1304.3978,10.03
2016-07-06,1301.835,10.29
2016-07-07,1302.0178,10.27
2016-07-08,1303.2994,10.14
2016-07-11,1295.7932,10.89
2016-07-12,1288.2871,11.64
2016-07-13,1291.9486,11.27
2016-07-14,1286.8225,11.79
2016-07-15,1280.7809,12.39
2016-07-18,1282.6117,12.21
2016-07-19,1284.9917,11.97
2016-07-20,1282.062,12.26
2016-07-21,1284.9917,11.97
2016-07-22,1283.7102,12.10
2016-07-25,1282.9778,12.17
2016-07-26,1283.7102,12.10
2016-07-27,1288.6532,11.60
2016-07-28,1288.8363,11.58
2016-07-29,1294.5415,11.01
2016-08-01,1291.5969,11.31
2016-08-02,1288.6523,11.60
2016-08-03,1289.0203,11.56
2016-08-04,1293.4373,11.12
2016-08-05,1283.8673,12.08
2016-08-08,1282.763,12.19
2016-08-09,1286.2598,11.84
2016-08-10,1290.8607,11.38
2016-08-11,1282.763,12.19
2016-08-12,1288.4682,11.62
2016-08-15,1285.1555,11.95
2016-08-16,1282.2109,12.24
2016-08-17,1283.4992,12.11
2016-08-18,1286.6278,11.80
