Date,Index_Level,iPath_Pure_Beta_Industrial_Metals_ETN
2011-04-20,481.7039,50.00
2011-04-21,486.6355,50.51
2011-04-22,486.6355,50.51
2011-04-23,486.6355,50.51
2011-04-24,486.6355,50.51
2011-04-25,485.3595,50.37
2011-04-26,480.4739,49.87
2011-04-27,474.3623,49.23
2011-04-28,476.4014,49.44
2011-04-29,475.2971,49.32
2011-04-30,475.2971,49.32
2011-05-01,475.2971,49.32
2011-05-02,475.5274,49.35
2011-05-03,479.1497,49.72
2011-05-04,467.5483,48.51
2011-05-05,449.9326,46.69
2011-05-06,448.5309,46.54
2011-05-07,448.5309,46.54
2011-05-08,448.5309,46.54
2011-05-09,450.3353,46.72
2011-05-10,454.194,47.12
2011-05-11,445.3856,46.21
2011-05-12,446.4768,46.32
2011-05-13,445.0415,46.17
2011-05-14,445.0415,46.17
2011-05-15,445.0415,46.17
2011-05-16,444.9443,46.16
2011-05-17,440.266,45.67
2011-05-18,452.3828,46.93
2011-05-19,443.695,46.02
2011-05-20,447.2651,46.39
2011-05-21,447.2651,46.39
2011-05-22,447.2651,46.39
2011-05-23,436.682,45.29
2011-05-24,441.5874,45.80
2011-05-25,450.4243,46.72
2011-05-26,450.2888,46.70
2011-05-27,458.9479,47.60
2011-05-28,458.9479,47.60
2011-05-29,458.9479,47.59
2011-05-30,458.9479,47.59
2011-05-31,462.5419,47.97
2011-06-01,458.4683,47.54
2011-06-02,450.2078,46.68
2011-06-03,456.4137,47.33
2011-06-04,456.4137,47.33
2011-06-05,456.4137,47.32
2011-06-06,458.647,47.55
2011-06-07,460.1477,47.71
2011-06-08,456.7959,47.36
2011-06-09,457.3216,47.41
2011-06-10,451.0471,46.76
2011-06-11,451.0471,46.76
2011-06-12,451.0471,46.76
2011-06-13,447.4598,46.39
2011-06-14,456.6234,47.34
2011-06-15,452.7848,46.94
2011-06-16,447.7554,46.41
2011-06-17,446.9354,46.33
2011-06-18,446.9354,46.33
2011-06-19,446.9354,46.33
2011-06-20,443.5598,45.98
2011-06-21,446.7015,46.30
2011-06-22,447.1069,46.34
2011-06-23,443.2428,45.94
2011-06-24,445.2485,46.15
2011-06-25,445.2485,46.15
2011-06-26,445.2485,46.14
2011-06-27,443.7709,45.99
2011-06-28,447.8978,46.42
2011-06-29,455.9691,47.25
2011-06-30,460.5752,47.73
2011-07-01,458.6987,47.53
2011-07-02,458.6987,47.53
2011-07-03,458.6987,47.53
2011-07-04,458.6987,47.53
2011-07-05,466.3619,48.32
2011-07-06,464.4249,48.12
2011-07-07,473.3131,49.04
2011-07-08,467.2806,48.41
2011-07-09,467.2806,48.41
2011-07-10,467.2806,48.41
2011-07-11,459.9445,47.65
2011-07-12,463.8713,48.06
2011-07-13,465.88,48.26
2011-07-14,464.9574,48.17
2011-07-15,465.862,48.26
2011-07-16,465.862,48.26
2011-07-17,465.862,48.26
2011-07-18,466.6983,48.34
2011-07-19,474.8762,49.19
2011-07-20,471.3107,48.82
2011-07-21,469.2218,48.60
2011-07-22,473.1884,49.01
2011-07-23,473.1884,49.01
2011-07-24,473.1884,49.01
2011-07-25,473.7641,49.07
2011-07-26,481.0654,49.82
2011-07-27,479.8065,49.69
2011-07-28,480.6385,49.77
2011-07-29,480.3645,49.74
2011-07-30,480.3645,49.74
2011-07-31,480.3645,49.74
2011-08-01,472.4851,48.93
2011-08-02,472.6777,48.94
2011-08-03,463.1321,47.95
2011-08-04,454.5435,47.06
2011-08-05,438.7867,45.43
2011-08-06,438.7867,45.43
2011-08-07,438.7867,45.43
2011-08-08,427.0475,44.21
2011-08-09,427.5579,44.27
2011-08-10,422.8119,43.77
2011-08-11,433.0825,44.84
2011-08-12,431.6054,44.68
2011-08-13,431.6054,44.68
2011-08-14,431.6054,44.68
2011-08-15,431.3172,44.65
2011-08-16,429.8533,44.50
2011-08-17,434.9932,45.03
2011-08-18,425.5009,44.04
2011-08-19,427.8665,44.29
2011-08-20,427.8665,44.29
2011-08-21,427.8665,44.28
2011-08-22,423.1396,43.79
2011-08-23,428.4415,44.34
2011-08-24,428.4374,44.34
2011-08-25,433.4917,44.86
2011-08-26,436.4903,45.17
2011-08-27,436.4903,45.17
2011-08-28,436.4903,45.17
2011-08-29,436.3842,45.16
2011-08-30,442.323,45.77
2011-08-31,448.5255,46.41
2011-09-01,443.1244,45.85
2011-09-02,439.0952,45.43
2011-09-03,439.0952,45.43
2011-09-04,439.0952,45.43
2011-09-05,439.0952,45.43
2011-09-06,430.8203,44.57
2011-09-07,438.5494,45.37
2011-09-08,440.6506,45.59
2011-09-09,427.6545,44.24
2011-09-10,427.6545,44.24
2011-09-11,427.6545,44.24
2011-09-12,427.1751,44.19
2011-09-13,426.6672,44.14
2011-09-14,421.9528,43.65
2011-09-15,426.1271,44.08
2011-09-16,424.8998,43.95
2011-09-17,424.8998,43.95
2011-09-18,424.8998,43.95
2011-09-19,412.4664,42.66
2011-09-20,409.8246,42.39
2011-09-21,408.5406,42.25
2011-09-22,384.2447,39.74
2011-09-23,371.5952,38.43
2011-09-24,371.5952,38.43
2011-09-25,371.5952,38.43
2011-09-26,368.711,38.13
2011-09-27,382.3456,39.54
2011-09-28,371.4917,38.42
2011-09-29,371.7491,38.44
2011-09-30,358.6285,37.08
2011-10-01,358.6285,37.08
2011-10-02,358.6285,37.08
2011-10-03,363.1184,37.55
2011-10-04,356.1325,36.82
2011-10-05,355.517,36.76
2011-10-06,369.5347,38.21
2011-10-07,373.4748,38.61
2011-10-08,373.4748,38.61
2011-10-09,373.4748,38.61
2011-10-10,380.0447,39.29
2011-10-11,372.1135,38.47
2011-10-12,379.6903,39.25
2011-10-13,370.9056,38.34
2011-10-14,378.3309,39.11
2011-10-15,378.3309,39.11
2011-10-16,378.3309,39.11
2011-10-17,376.1112,38.88
2011-10-18,374.4502,38.70
2011-10-19,365.8639,37.82
2011-10-20,345.8131,35.74
2011-10-21,360.3226,37.24
2011-10-22,360.3226,37.24
2011-10-23,360.3226,37.24
2011-10-24,380.8769,39.36
2011-10-25,377.8914,39.05
2011-10-26,380.423,39.31
2011-10-27,396.9477,41.02
2011-10-28,397.3403,41.06
2011-10-29,397.3403,41.06
2011-10-30,397.3403,41.06
2011-10-31,391.3872,40.44
2011-11-01,375.7132,38.82
2011-11-02,380.8306,39.35
2011-11-03,383.0093,39.57
2011-11-04,381.7727,39.45
2011-11-05,381.7727,39.44
2011-11-06,381.7727,39.44
2011-11-07,379.0274,39.16
2011-11-08,379.8604,39.24
2011-11-09,372.9342,38.53
2011-11-10,369.363,38.16
2011-11-11,375.2386,38.76
2011-11-12,375.2386,38.76
2011-11-13,375.2386,38.76
2011-11-14,378.0941,39.06
2011-11-15,373.3291,38.56
2011-11-16,377.9539,39.04
2011-11-17,368.7451,38.09
2011-11-18,369.6018,38.18
2011-11-19,369.6018,38.17
2011-11-20,369.6018,38.17
2011-11-21,361.0311,37.29
2011-11-22,362.0701,37.39
2011-11-23,355.8753,36.75
2011-11-24,355.8753,36.75
2011-11-25,353.6241,36.52
2011-11-26,353.6241,36.52
2011-11-27,353.6241,36.52
2011-11-28,362.9271,37.48
2011-11-29,361.1546,37.29
2011-11-30,380.3562,39.27
2011-12-01,378.5757,39.09
2011-12-02,381.7407,39.42
2011-12-03,381.7407,39.42
2011-12-04,381.7407,39.41
2011-12-05,383.8843,39.63
2011-12-06,380.4225,39.28
2011-12-07,376.9368,38.92
2011-12-08,372.9674,38.50
2011-12-09,376.4388,38.86
2011-12-10,376.4388,38.86
2011-12-11,376.4388,38.86
2011-12-12,366.871,37.87
2011-12-13,365.0507,37.68
2011-12-14,350.6833,36.20
2011-12-15,351.8804,36.32
2011-12-16,358.213,36.97
2011-12-17,358.213,36.97
2011-12-18,358.213,36.97
2011-12-19,353.1322,36.45
2011-12-20,360.318,37.19
2011-12-21,360.8243,37.24
2011-12-22,363.6524,37.53
2011-12-23,365.9686,37.77
2011-12-24,365.9686,37.77
2011-12-25,365.9686,37.77
2011-12-26,365.9686,37.77
2011-12-27,365.1718,37.68
2011-12-28,358.5993,37.00
2011-12-29,358.192,36.96
2011-12-30,364.9825,37.66
2011-12-31,364.9825,37.66
2012-01-01,364.9825,37.66
2012-01-02,364.9825,37.66
2012-01-03,373.8575,38.57
2012-01-04,366.7888,37.84
2012-01-05,364.2359,37.58
2012-01-06,367.4406,37.91
2012-01-07,367.4406,37.91
2012-01-08,367.4406,37.91
2012-01-09,368.5582,38.02
2012-01-10,379.1015,39.11
2012-01-11,380.4992,39.25
2012-01-12,387.0481,39.93
2012-01-13,385.6001,39.78
2012-01-14,385.6001,39.77
2012-01-15,385.6001,39.77
2012-01-16,385.6001,39.77
2012-01-17,395.72,40.82
2012-01-18,395.6582,40.81
2012-01-19,401.6995,41.43
2012-01-20,397.2669,40.97
2012-01-21,397.2669,40.97
2012-01-22,397.2669,40.97
2012-01-23,402.6044,41.52
2012-01-24,404.1338,41.68
2012-01-25,406.9375,41.96
2012-01-26,414.7399,42.77
2012-01-27,411.9148,42.48
2012-01-28,411.9148,42.48
2012-01-29,411.9148,42.47
2012-01-30,408.5862,42.13
2012-01-31,402.9572,41.55
2012-02-01,408.0553,42.07
2012-02-02,400.948,41.34
2012-02-03,411.3897,42.42
2012-02-04,411.3897,42.41
2012-02-05,411.3897,42.41
2012-02-06,408.3387,42.10
2012-02-07,409.7174,42.24
2012-02-08,411.6184,42.43
2012-02-09,418.6912,43.16
2012-02-10,406.628,41.92
2012-02-11,406.628,41.92
2012-02-12,406.628,41.92
2012-02-13,403.2319,41.56
2012-02-14,401.5822,41.39
2012-02-15,399.246,41.15
2012-02-16,394.8253,40.69
2012-02-17,390.2913,40.23
2012-02-18,390.2913,40.23
2012-02-19,390.2913,40.22
2012-02-20,390.2913,40.22
2012-02-21,404.4461,41.68
2012-02-22,405.9249,41.83
2012-02-23,403.7144,41.60
2012-02-24,410.7379,42.33
2012-02-25,410.7379,42.33
2012-02-26,410.7379,42.33
2012-02-27,411.5122,42.40
2012-02-28,412.9285,42.55
2012-02-29,409.5752,42.20
2012-03-01,414.3629,42.69
2012-03-02,411.9112,42.44
2012-03-03,411.9112,42.44
2012-03-04,411.9112,42.44
2012-03-05,406.4307,41.87
2012-03-06,395.8256,40.78
2012-03-07,395.3108,40.73
2012-03-08,396.6544,40.86
2012-03-09,403.7585,41.59
2012-03-10,403.7585,41.59
2012-03-11,403.7585,41.59
2012-03-12,402.0128,41.41
2012-03-13,407.3403,41.96
2012-03-14,402.6661,41.48
2012-03-15,406.458,41.87
2012-03-16,404.5483,41.67
2012-03-17,404.5483,41.67
2012-03-18,404.5483,41.67
2012-03-19,407.2148,41.94
2012-03-20,400.9804,41.30
2012-03-21,399.3054,41.12
2012-03-22,391.5589,40.33
2012-03-23,394.3615,40.61
2012-03-24,394.3615,40.61
2012-03-25,394.3615,40.61
2012-03-26,399.3467,41.12
2012-03-27,399.4858,41.14
2012-03-28,392.1569,40.38
2012-03-29,389.958,40.15
2012-03-30,392.6895,40.43
2012-03-31,392.6895,40.43
2012-04-01,392.6895,40.43
2012-04-02,398.8608,41.07
2012-04-03,398.5859,41.04
2012-04-04,388.1068,39.96
2012-04-05,390.327,40.19
2012-04-06,390.327,40.18
2012-04-07,390.327,40.18
2012-04-08,390.327,40.18
2012-04-09,389.0123,40.05
2012-04-10,378.5989,38.97
2012-04-11,380.3067,39.15
2012-04-12,386.9183,39.83
2012-04-13,377.7727,38.89
2012-04-14,377.7727,38.88
2012-04-15,377.7727,38.88
2012-04-16,376.5288,38.75
2012-04-17,379.0137,39.01
2012-04-18,377.6458,38.87
2012-04-19,378.4669,38.95
2012-04-20,383.4862,39.47
2012-04-21,383.4862,39.47
2012-04-22,383.4862,39.47
2012-04-23,377.2422,38.82
2012-04-24,381.2443,39.23
2012-04-25,382.4647,39.36
2012-04-26,387.8373,39.91
2012-04-27,391.4984,40.29
2012-04-28,391.4984,40.28
2012-04-29,391.4984,40.28
2012-04-30,391.6595,40.30
2012-05-01,392.5122,40.39
2012-05-02,386.5887,39.78
2012-05-03,383.2855,39.43
2012-05-04,381.4353,39.24
2012-05-05,381.4353,39.24
2012-05-06,381.4353,39.24
2012-05-07,382.3492,39.33
2012-05-08,377.9325,38.88
2012-05-09,375.6875,38.65
2012-05-10,377.4095,38.82
2012-05-11,374.6092,38.53
2012-05-12,374.6092,38.53
2012-05-13,374.6092,38.53
2012-05-14,367.7317,37.82
2012-05-15,366.1319,37.66
2012-05-16,363.2405,37.36
2012-05-17,364.493,37.49
2012-05-18,364.442,37.48
2012-05-19,364.442,37.48
2012-05-20,364.442,37.48
2012-05-21,366.0759,37.65
2012-05-22,364.7607,37.51
2012-05-23,357.4977,36.76
2012-05-24,360.4385,37.07
2012-05-25,361.5796,37.18
2012-05-26,361.5796,37.18
2012-05-27,361.5796,37.18
2012-05-28,361.5796,37.18
2012-05-29,361.9518,37.22
2012-05-30,355.7696,36.58
2012-05-31,353.2018,36.32
2012-06-01,350.2225,36.01
2012-06-02,350.2225,36.01
2012-06-03,350.2225,36.01
2012-06-04,350.1133,35.99
2012-06-05,349.8048,35.96
2012-06-06,352.2461,36.21
2012-06-07,355.5316,36.55
2012-06-08,349.6213,35.94
2012-06-09,349.6213,35.94
2012-06-10,349.6213,35.94
2012-06-11,353.1646,36.30
2012-06-12,352.0489,36.19
2012-06-13,351.573,36.14
2012-06-14,351.5701,36.14
2012-06-15,353.1656,36.30
2012-06-16,353.1656,36.30
2012-06-17,353.1656,36.30
2012-06-18,352.4321,36.22
2012-06-19,355.7083,36.56
2012-06-20,352.3229,36.21
2012-06-21,343.3984,35.29
2012-06-22,342.3005,35.18
2012-06-23,342.3005,35.18
2012-06-24,342.3005,35.18
2012-06-25,342.8814,35.23
2012-06-26,341.522,35.09
2012-06-27,343.8531,35.33
2012-06-28,342.3093,35.17
2012-06-29,356.2374,36.60
2012-06-30,356.2374,36.60
2012-07-01,356.2374,36.60
2012-07-02,354.3956,36.41
2012-07-03,364.0549,37.40
2012-07-04,364.0549,37.40
2012-07-05,357.3252,36.71
2012-07-06,349.4946,35.90
2012-07-07,349.4946,35.90
2012-07-08,349.4946,35.90
2012-07-09,352.2857,36.19
2012-07-10,348.8346,35.83
2012-07-11,350.4149,35.99
2012-07-12,348.5758,35.81
2012-07-13,355.2386,36.49
2012-07-14,355.2386,36.49
2012-07-15,355.2386,36.49
2012-07-16,355.4942,36.51
2012-07-17,351.7634,36.13
2012-07-18,353.1558,36.27
2012-07-19,357.8149,36.75
2012-07-20,349.3125,35.87
2012-07-21,349.3125,35.87
2012-07-22,349.3125,35.87
2012-07-23,343.8518,35.31
2012-07-24,343.1924,35.24
2012-07-25,344.4401,35.37
2012-07-26,345.9795,35.53
2012-07-27,349.9296,35.93
2012-07-28,349.9296,35.93
2012-07-29,349.9296,35.93
2012-07-30,350.1331,35.95
2012-07-31,348.9001,35.82
2012-08-01,343.4586,35.26
2012-08-02,338.6213,34.77
2012-08-03,343.9904,35.32
2012-08-04,343.9904,35.32
2012-08-05,343.9904,35.31
2012-08-06,346.5903,35.58
2012-08-07,350.901,36.02
2012-08-08,350.2216,35.95
2012-08-09,348.8824,35.81
2012-08-10,346.0479,35.52
2012-08-11,346.0479,35.52
2012-08-12,346.0479,35.52
2012-08-13,342.0176,35.11
2012-08-14,342.5003,35.15
2012-08-15,340.1507,34.91
2012-08-16,342.1478,35.12
2012-08-17,345.5324,35.46
2012-08-18,345.5324,35.46
2012-08-19,345.5324,35.46
2012-08-20,341.8811,35.09
2012-08-21,348.2284,35.74
2012-08-22,349.2848,35.84
2012-08-23,353.962,36.32
2012-08-24,353.9639,36.32
2012-08-25,353.9639,36.32
2012-08-26,353.9639,36.32
2012-08-27,353.8472,36.31
2012-08-28,352.454,36.16
2012-08-29,350.1558,35.93
2012-08-30,348.3209,35.74
2012-08-31,350.6169,35.97
2012-09-01,350.6169,35.97
2012-09-02,350.6169,35.97
2012-09-03,350.6169,35.97
2012-09-04,353.8986,36.31
2012-09-05,358.5933,36.79
2012-09-06,358.1472,36.74
2012-09-07,369.3992,37.89
2012-09-08,369.3992,37.89
2012-09-09,369.3992,37.89
2012-09-10,374.9633,38.46
2012-09-11,376.6209,38.63
2012-09-12,376.6541,38.63
2012-09-13,377.7184,38.74
2012-09-14,392.944,40.30
2012-09-15,392.944,40.30
2012-09-16,392.944,40.30
2012-09-17,389.3324,39.93
2012-09-18,388.9645,39.89
2012-09-19,389.1432,39.91
2012-09-20,385.1723,39.50
2012-09-21,386.7523,39.66
2012-09-22,386.7523,39.66
2012-09-23,386.7523,39.66
2012-09-24,381.6731,39.14
2012-09-25,386.2162,39.60
2012-09-26,379.157,38.88
2012-09-27,383.2058,39.29
2012-09-28,384.5531,39.43
2012-09-29,384.5531,39.43
2012-09-30,384.5531,39.43
2012-10-01,387.9021,39.77
2012-10-02,387.1284,39.69
2012-10-03,385.8212,39.55
2012-10-04,386.5081,39.62
2012-10-05,385.7539,39.55
2012-10-06,385.7539,39.54
2012-10-07,385.7539,39.54
2012-10-08,380.2517,38.98
2012-10-09,377.4702,38.69
2012-10-10,374.5124,38.39
2012-10-11,376.7869,38.62
2012-10-12,371.2941,38.06
2012-10-13,371.2941,38.06
2012-10-14,371.2941,38.06
2012-10-15,368.7454,37.79
2012-10-16,368.5357,37.77
2012-10-17,373.4355,38.27
2012-10-18,374.9758,38.43
2012-10-19,365.9862,37.51
2012-10-20,365.9862,37.51
2012-10-21,365.9862,37.51
2012-10-22,362.9975,37.20
2012-10-23,358.7035,36.76
2012-10-24,358.1623,36.70
2012-10-25,357.1002,36.59
2012-10-26,356.1773,36.50
2012-10-27,356.1773,36.49
2012-10-28,356.1773,36.49
2012-10-29,356.1773,36.49
2012-10-30,356.1773,36.49
2012-10-31,354.4627,36.32
2012-11-01,358.4067,36.72
2012-11-02,352.7576,36.14
2012-11-03,352.7576,36.14
2012-11-04,352.7576,36.14
2012-11-05,351.0611,35.96
2012-11-06,354.0142,36.26
2012-11-07,351.0662,35.96
2012-11-08,352.874,36.15
2012-11-09,350.2078,35.87
2012-11-10,350.2078,35.87
2012-11-11,350.2078,35.87
2012-11-12,355.0049,36.36
2012-11-13,356.5896,36.52
2012-11-14,355.1922,36.38
2012-11-15,354.7438,36.33
2012-11-16,352.7308,36.12
2012-11-17,352.7308,36.12
2012-11-18,352.7308,36.12
2012-11-19,360.079,36.87
2012-11-20,358.8955,36.75
2012-11-21,354.9953,36.35
2012-11-22,354.9953,36.35
2012-11-23,360.3126,36.90
2012-11-24,360.3126,36.89
2012-11-25,360.3126,36.89
2012-11-26,361.5218,37.02
2012-11-27,363.3914,37.21
2012-11-28,361.92,37.06
2012-11-29,369.4158,37.82
2012-11-30,374.6488,38.36
2012-12-01,374.6488,38.36
2012-12-02,374.6488,38.36
2012-12-03,375.9363,38.49
2012-12-04,374.8033,38.37
2012-12-05,376.7757,38.57
2012-12-06,373.363,38.22
2012-12-07,374.6594,38.35
2012-12-08,374.6594,38.35
2012-12-09,374.6594,38.35
2012-12-10,380.7173,38.97
2012-12-11,378.9161,38.78
2012-12-12,381.2437,39.02
2012-12-13,378.1363,38.70
2012-12-14,378.6432,38.75
2012-12-15,378.6432,38.75
2012-12-16,378.6432,38.75
2012-12-17,376.9856,38.58
2012-12-18,376.0162,38.48
2012-12-19,372.4716,38.12
2012-12-20,366.6244,37.52
2012-12-21,369.3163,37.79
2012-12-22,369.3163,37.79
2012-12-23,369.3163,37.79
2012-12-24,367.8248,37.64
2012-12-25,367.8248,37.64
2012-12-26,368.6981,37.73
2012-12-27,371.481,38.01
2012-12-28,368.9162,37.75
2012-12-29,368.9162,37.74
2012-12-30,368.9162,37.74
2012-12-31,371.547,38.01
2013-01-01,371.547,38.01
2013-01-02,384.3353,39.32
2013-01-03,379.7449,38.85
2013-01-04,374.0608,38.27
2013-01-05,374.0608,38.26
2013-01-06,374.0608,38.26
2013-01-07,373.0797,38.16
2013-01-08,373.3728,38.19
2013-01-09,374.0316,38.26
2013-01-10,377.4313,38.61
2013-01-11,374.2735,38.28
2013-01-12,374.2735,38.28
2013-01-13,374.2735,38.28
2013-01-14,369.9722,37.84
2013-01-15,370.2372,37.86
2013-01-16,368.0741,37.64
2013-01-17,371.9366,38.04
2013-01-18,372.4459,38.09
2013-01-19,372.4459,38.09
2013-01-20,372.4459,38.09
2013-01-21,372.4459,38.09
2013-01-22,375.8866,38.44
2013-01-23,375.6909,38.42
2013-01-24,375.1853,38.36
2013-01-25,371.8626,38.02
2013-01-26,371.8626,38.02
2013-01-27,371.8626,38.02
2013-01-28,372.8622,38.12
2013-01-29,375.4448,38.39
2013-01-30,382.5803,39.11
2013-01-31,380.2247,38.87
2013-02-01,386.1001,39.47
2013-02-02,386.1001,39.47
2013-02-03,386.1001,39.47
2013-02-04,385.8215,39.44
2013-02-05,384.9958,39.36
2013-02-06,382.6646,39.12
2013-02-07,381.3547,38.98
2013-02-08,385.5047,39.40
2013-02-09,385.5047,39.40
2013-02-10,385.5047,39.40
2013-02-11,381.8452,39.03
2013-02-12,384.2719,39.27
2013-02-13,384.895,39.34
2013-02-14,385.4231,39.39
2013-02-15,385.291,39.38
2013-02-16,385.291,39.38
2013-02-17,385.291,39.37
2013-02-18,385.291,39.37
2013-02-19,376.1314,38.44
2013-02-20,372.6761,38.08
2013-02-21,367.4203,37.54
2013-02-22,364.5488,37.25
2013-02-23,364.5488,37.25
2013-02-24,364.5488,37.25
2013-02-25,364.4264,37.24
2013-02-26,364.4167,37.23
2013-02-27,363.9101,37.18
2013-02-28,361.6014,36.94
2013-03-01,356.6442,36.44
2013-03-02,356.6442,36.44
2013-03-03,356.6442,36.43
2013-03-04,356.5892,36.43
2013-03-05,358.2522,36.60
2013-03-06,354.5114,36.21
2013-03-07,357.8244,36.55
2013-03-08,356.2608,36.39
2013-03-09,356.2608,36.39
2013-03-10,356.2608,36.39
2013-03-11,355.9294,36.36
2013-03-12,359.9375,36.76
2013-03-13,357.5524,36.52
2013-03-14,358.529,36.62
2013-03-15,356,36.36
2013-03-16,356,36.36
2013-03-17,356,36.36
2013-03-18,348.9688,35.64
2013-03-19,347.8361,35.52
2013-03-20,350.9518,35.84
2013-03-21,349.7812,35.72
2013-03-22,353.6057,36.11
2013-03-23,353.6057,36.11
2013-03-24,353.6057,36.11
2013-03-25,351.5559,35.90
2013-03-26,349.7365,35.71
2013-03-27,349.9334,35.73
2013-03-28,346.9595,35.42
2013-03-29,346.9595,35.42
2013-03-30,346.9595,35.42
2013-03-31,346.9595,35.42
2013-04-01,346.4632,35.37
2013-04-02,343.3435,35.05
2013-04-03,340.2317,34.73
2013-04-04,342.5243,34.97
2013-04-05,341.5289,34.86
2013-04-06,341.5289,34.86
2013-04-07,341.5289,34.86
2013-04-08,343.33,35.05
2013-04-09,349.8958,35.71
2013-04-10,347.5016,35.47
2013-04-11,348.221,35.54
2013-04-12,339.524,34.65
2013-04-13,339.524,34.65
2013-04-14,339.524,34.65
2013-04-15,334.8744,34.18
2013-04-16,339.8746,34.69
2013-04-17,332.0526,33.89
2013-04-18,333.5268,34.04
2013-04-19,329.032,33.58
2013-04-20,329.032,33.58
2013-04-21,329.032,33.58
2013-04-22,328.021,33.47
2013-04-23,325.8382,33.25
2013-04-24,331.3394,33.81
2013-04-25,337.3508,34.42
2013-04-26,329.7107,33.64
2013-04-27,329.7107,33.64
2013-04-28,329.7107,33.64
2013-04-29,334.3293,34.11
2013-04-30,329.8056,33.65
2013-05-01,319.7063,32.62
2013-05-02,319.9003,32.64
2013-05-03,336.463,34.32
2013-05-04,336.463,34.32
2013-05-05,336.463,34.32
2013-05-06,336.3999,34.32
2013-05-07,335.7914,34.25
2013-05-08,341.6728,34.85
2013-05-09,338.535,34.53
2013-05-10,337.9803,34.47
2013-05-11,337.9803,34.47
2013-05-12,337.9803,34.47
2013-05-13,338.4906,34.52
2013-05-14,333.1904,33.98
2013-05-15,330.3891,33.70
2013-05-16,333.0481,33.97
2013-05-17,333.9503,34.06
2013-05-18,333.9503,34.06
2013-05-19,333.9503,34.06
2013-05-20,337.4446,34.41
2013-05-21,336.571,34.32
2013-05-22,340.7658,34.75
2013-05-23,333.952,34.05
2013-05-24,333.1675,33.97
2013-05-25,333.1675,33.97
2013-05-26,333.1675,33.97
2013-05-27,333.1675,33.97
2013-05-28,334.7187,34.13
2013-05-29,333.9758,34.05
2013-05-30,337.7806,34.44
2013-05-31,337.395,34.40
2013-06-01,337.395,34.40
2013-06-02,337.395,34.40
2013-06-03,340.268,34.69
2013-06-04,344.3757,35.11
2013-06-05,345.5394,35.22
2013-06-06,341.3805,34.80
2013-06-07,337.0025,34.35
2013-06-08,337.0025,34.35
2013-06-09,337.0025,34.35
2013-06-10,333.8715,34.03
2013-06-11,328.4367,33.48
2013-06-12,328.6185,33.49
2013-06-13,325.5859,33.18
2013-06-14,326.9641,33.32
2013-06-15,326.9641,33.32
2013-06-16,326.9641,33.32
2013-06-17,326.2456,33.25
2013-06-18,323.7795,33.00
2013-06-19,322.345,32.85
2013-06-20,314.6992,32.07
2013-06-21,316.6785,32.27
2013-06-22,316.6785,32.27
2013-06-23,316.6785,32.27
2013-06-24,310.7333,31.66
2013-06-25,315.2379,32.12
2013-06-26,312.2045,31.81
2013-06-27,312.9897,31.89
2013-06-28,313.1236,31.90
2013-06-29,313.1236,31.90
2013-06-30,313.1236,31.90
2013-07-01,322.3464,32.84
2013-07-02,321.1183,32.71
2013-07-03,321.0777,32.71
2013-07-04,321.0777,32.71
2013-07-05,312.413,31.82
2013-07-06,312.413,31.82
2013-07-07,312.413,31.82
2013-07-08,316.2062,32.21
2013-07-09,312.7558,31.86
2013-07-10,317.1698,32.30
2013-07-11,322.656,32.86
2013-07-12,322.2758,32.82
2013-07-13,322.2758,32.82
2013-07-14,322.2758,32.82
2013-07-15,318.8488,32.47
2013-07-16,321.9138,32.78
2013-07-17,318.125,32.40
2013-07-18,318.5888,32.44
2013-07-19,320.1839,32.61
2013-07-20,320.1839,32.60
2013-07-21,320.1839,32.60
2013-07-22,324.1562,33.01
2013-07-23,324.7377,33.07
2013-07-24,325.2302,33.12
2013-07-25,322.8867,32.88
2013-07-26,316.5057,32.23
2013-07-27,316.5057,32.22
2013-07-28,316.5057,32.22
2013-07-29,316.513,32.22
2013-07-30,311.3777,31.70
2013-07-31,317.2695,32.30
2013-08-01,320.8089,32.66
2013-08-02,321.1865,32.70
2013-08-03,321.1865,32.70
2013-08-04,321.1865,32.70
2013-08-05,319.9959,32.57
2013-08-06,319.5762,32.53
2013-08-07,320.1634,32.59
2013-08-08,328.4121,33.43
2013-08-09,333.4853,33.94
2013-08-10,333.4853,33.94
2013-08-11,333.4853,33.94
2013-08-12,333.6316,33.96
2013-08-13,334.0641,34.00
2013-08-14,336.0756,34.20
2013-08-15,336.4138,34.24
2013-08-16,341.4452,34.75
2013-08-17,341.4452,34.75
2013-08-18,341.4452,34.75
2013-08-19,337.0962,34.30
2013-08-20,337.3608,34.33
2013-08-21,333.7529,33.96
2013-08-22,335.0575,34.09
2013-08-23,336.9255,34.28
2013-08-24,336.9255,34.28
2013-08-25,336.9255,34.28
2013-08-26,336.3928,34.23
2013-08-27,335.0484,34.09
2013-08-28,332.2904,33.81
2013-08-29,327.0119,33.27
2013-08-30,323.6496,32.93
2013-08-31,323.6496,32.93
2013-09-01,323.6496,32.92
2013-09-02,323.6496,32.92
2013-09-03,327.6777,33.33
2013-09-04,322.2282,32.78
2013-09-05,322.3666,32.79
2013-09-06,325.5726,33.12
2013-09-07,325.5726,33.12
2013-09-08,325.5726,33.11
2013-09-09,325.368,33.09
2013-09-10,323.7557,32.93
2013-09-11,323.9927,32.95
2013-09-12,321.5224,32.70
2013-09-13,319.9111,32.53
2013-09-14,319.9111,32.53
2013-09-15,319.9111,32.53
2013-09-16,320.5467,32.60
2013-09-17,319.9331,32.53
2013-09-18,323.5394,32.90
2013-09-19,330.8477,33.64
2013-09-20,326.8981,33.24
2013-09-21,326.8981,33.24
2013-09-22,326.8981,33.24
2013-09-23,326.9159,33.24
2013-09-24,322.771,32.82
2013-09-25,324.6166,33.00
2013-09-26,327.1467,33.26
2013-09-27,329.6536,33.51
2013-09-28,329.6536,33.51
2013-09-29,329.6536,33.51
2013-09-30,329.8695,33.53
2013-10-01,325.2566,33.06
2013-10-02,328.1492,33.36
2013-10-03,324.3542,32.97
2013-10-04,327.9365,33.33
2013-10-05,327.9365,33.33
2013-10-06,327.9365,33.33
2013-10-07,327.838,33.32
2013-10-08,328.2237,33.36
2013-10-09,323.952,32.93
2013-10-10,326.3593,33.17
2013-10-11,328.2988,33.37
2013-10-12,328.2988,33.37
2013-10-13,328.2988,33.36
2013-10-14,329.4538,33.48
2013-10-15,328.305,33.36
2013-10-16,329.1396,33.45
2013-10-17,327.9761,33.33
2013-10-18,328.4282,33.37
2013-10-19,328.4282,33.37
2013-10-20,328.4282,33.37
2013-10-21,328.85,33.41
2013-10-22,333.3784,33.87
2013-10-23,326.7082,33.20
2013-10-24,327.7293,33.30
2013-10-25,329.1031,33.44
2013-10-26,329.1031,33.44
2013-10-27,329.1031,33.44
2013-10-28,329.95,33.52
2013-10-29,329.6709,33.49
2013-10-30,332.7761,33.81
2013-10-31,329.5366,33.48
2013-11-01,328.4173,33.36
2013-11-02,328.4173,33.36
2013-11-03,328.4173,33.36
2013-11-04,324.3166,32.94
2013-11-05,324.3153,32.94
2013-11-06,322.7923,32.79
2013-11-07,323.0593,32.81
2013-11-08,323.1897,32.83
2013-11-09,323.1897,32.82
2013-11-10,323.1897,32.82
2013-11-11,322.5724,32.76
2013-11-12,320.3909,32.54
2013-11-13,316.368,32.13
2013-11-14,316.3666,32.13
2013-11-15,317.2902,32.22
2013-11-16,317.2902,32.22
2013-11-17,317.2902,32.22
2013-11-18,315.3164,32.02
2013-11-19,316.0793,32.10
2013-11-20,315.6932,32.06
2013-11-21,316.5668,32.14
2013-11-22,318.686,32.36
2013-11-23,318.686,32.36
2013-11-24,318.686,32.36
2013-11-25,318.4166,32.33
2013-11-26,317.1467,32.20
2013-11-27,314.5787,31.94
2013-11-28,314.5787,31.94
2013-11-29,315.887,32.07
2013-11-30,315.887,32.07
2013-12-01,315.887,32.07
2013-12-02,313.1996,31.79
2013-12-03,312.3348,31.70
2013-12-04,318.3408,32.31
2013-12-05,317.0154,32.18
2013-12-06,319.4036,32.42
2013-12-07,319.4036,32.42
2013-12-08,319.4036,32.42
2013-12-09,320.8262,32.56
2013-12-10,322.2935,32.71
2013-12-11,324.8595,32.97
2013-12-12,323.7302,32.85
2013-12-13,325.1768,33.00
2013-12-14,325.1768,33.00
2013-12-15,325.1768,33.00
2013-12-16,325.766,33.06
2013-12-17,325.8332,33.06
2013-12-18,325.655,33.05
2013-12-19,322.9592,32.77
2013-12-20,325.5959,33.04
2013-12-21,325.5959,33.04
2013-12-22,325.5959,33.04
2013-12-23,324.5546,32.93
2013-12-24,326.514,33.13
2013-12-25,326.514,33.13
2013-12-26,326.9433,33.17
2013-12-27,331.1022,33.59
2013-12-28,331.1022,33.59
2013-12-29,331.1022,33.59
2013-12-30,331.3076,33.61
2013-12-31,329.2967,33.40
2014-01-01,329.2967,33.40
2014-01-02,330.378,33.51
2014-01-03,326.0408,33.07
2014-01-04,326.0408,33.07
2014-01-05,326.0408,33.07
2014-01-06,326.3712,33.10
2014-01-07,327.057,33.17
2014-01-08,326.07,33.07
2014-01-09,321.0923,32.57
2014-01-10,325.2126,32.98
2014-01-11,325.2126,32.98
2014-01-12,325.2126,32.98
2014-01-13,327.4598,33.21
2014-01-14,325.7249,33.03
2014-01-15,329.0439,33.37
2014-01-16,328.7816,33.34
2014-01-17,330.6233,33.53
2014-01-18,330.6233,33.53
2014-01-19,330.6233,33.52
2014-01-20,330.6233,33.52
2014-01-21,329.7923,33.44
2014-01-22,328.043,33.26
2014-01-23,323.8458,32.83
2014-01-24,322.4567,32.69
2014-01-25,322.4567,32.69
2014-01-26,322.4567,32.69
2014-01-27,320.6529,32.51
2014-01-28,320.2172,32.46
2014-01-29,318.7174,32.31
2014-01-30,316.8129,32.12
2014-01-31,314.7251,31.90
2014-02-01,314.7251,31.90
2014-02-02,314.7251,31.90
2014-02-03,312.2285,31.65
2014-02-04,312.7524,31.70
2014-02-05,313.3077,31.76
2014-02-06,316.9351,32.12
2014-02-07,318.2324,32.25
2014-02-08,318.2324,32.25
2014-02-09,318.2324,32.25
2014-02-10,316.2952,32.05
2014-02-11,315.7866,32.00
2014-02-12,319.7855,32.41
2014-02-13,318.8687,32.31
2014-02-14,320.4328,32.47
2014-02-15,320.4328,32.47
2014-02-16,320.4328,32.47
2014-02-17,320.4328,32.47
2014-02-18,323.1028,32.74
2014-02-19,322.891,32.72
2014-02-20,321.9707,32.62
2014-02-21,321.6805,32.59
2014-02-22,321.6805,32.59
2014-02-23,321.6805,32.59
2014-02-24,319.6024,32.38
2014-02-25,319.5586,32.37
2014-02-26,318.8531,32.30
2014-02-27,318.789,32.29
2014-02-28,318.1726,32.23
2014-03-01,318.1726,32.23
2014-03-02,318.1726,32.23
2014-03-03,315.4222,31.95
2014-03-04,321.3046,32.55
2014-03-05,321.2792,32.54
2014-03-06,323.1331,32.73
2014-03-07,313.4612,31.75
2014-03-08,313.4612,31.75
2014-03-09,313.4612,31.75
2014-03-10,310.744,31.47
2014-03-11,304.6268,30.85
2014-03-12,305.5562,30.95
2014-03-13,302.4831,30.63
2014-03-14,303.7537,30.76
2014-03-15,303.7537,30.76
2014-03-16,303.7537,30.76
2014-03-17,303.1813,30.70
2014-03-18,304.5522,30.84
2014-03-19,306.7419,31.06
2014-03-20,301.1512,30.49
2014-03-21,303.3963,30.72
2014-03-22,303.3963,30.72
2014-03-23,303.3963,30.72
2014-03-24,303.4102,30.72
2014-03-25,308.5379,31.24
2014-03-26,304.3035,30.81
2014-03-27,305.8114,30.96
2014-03-28,309.5983,31.34
2014-03-29,309.5983,31.34
2014-03-30,309.5983,31.34
2014-03-31,310.544,31.44
2014-04-01,311.4294,31.53
2014-04-02,313.7646,31.76
2014-04-03,313.4566,31.73
2014-04-04,312.7237,31.65
2014-04-05,312.7237,31.65
2014-04-06,312.7237,31.65
2014-04-07,313.6915,31.75
2014-04-08,314.0848,31.79
2014-04-09,314.8041,31.86
2014-04-10,318.2811,32.21
2014-04-11,318.6476,32.25
2014-04-12,318.6476,32.25
2014-04-13,318.6476,32.25
2014-04-14,319.6259,32.35
2014-04-15,314.651,31.84
2014-04-16,317.9984,32.18
2014-04-17,318.4616,32.22
2014-04-18,318.4616,32.22
2014-04-19,318.4616,32.22
2014-04-20,318.4616,32.22
2014-04-21,318.3602,32.21
2014-04-22,320.9129,32.47
2014-04-23,320.0199,32.38
2014-04-24,322.5351,32.63
2014-04-25,321.8333,32.56
2014-04-26,321.8333,32.56
2014-04-27,321.8333,32.56
2014-04-28,320.241,32.40
2014-04-29,318.4952,32.22
2014-04-30,315.7288,31.94
2014-05-01,314.6177,31.83
2014-05-02,317.1081,32.08
2014-05-03,317.1081,32.08
2014-05-04,317.1081,32.08
2014-05-05,316.8006,32.04
2014-05-06,317.3833,32.10
2014-05-07,314.9755,31.86
2014-05-08,317.872,32.15
2014-05-09,318.9156,32.25
2014-05-10,318.9156,32.25
2014-05-11,318.9156,32.25
2014-05-12,325.7896,32.95
2014-05-13,324.519,32.82
2014-05-14,326.3884,33.01
2014-05-15,321.1468,32.48
2014-05-16,321.0379,32.46
2014-05-17,321.0379,32.46
2014-05-18,321.0379,32.46
2014-05-19,324.8949,32.85
2014-05-20,323.1931,32.68
2014-05-21,321.0864,32.46
2014-05-22,324.0519,32.76
2014-05-23,326.1976,32.98
2014-05-24,326.1976,32.98
2014-05-25,326.1976,32.98
2014-05-26,326.1976,32.98
2014-05-27,327.0992,33.07
2014-05-28,327.2033,33.08
2014-05-29,325.1429,32.87
2014-05-30,324.1822,32.77
2014-05-31,324.1822,32.77
2014-06-01,324.1822,32.77
2014-06-02,327.6814,33.12
2014-06-03,325.3725,32.89
2014-06-04,322.4326,32.59
2014-06-05,323.0556,32.65
2014-06-06,321.9873,32.54
2014-06-07,321.9873,32.54
2014-06-08,321.9873,32.54
2014-06-09,323.0725,32.65
2014-06-10,322.8231,32.63
2014-06-11,320.4421,32.38
2014-06-12,316.6324,32.00
2014-06-13,317.765,32.11
2014-06-14,317.765,32.11
2014-06-15,317.765,32.11
2014-06-16,320.0161,32.34
2014-06-17,321.5142,32.49
2014-06-18,322.336,32.57
2014-06-19,323.6294,32.70
2014-06-20,325.9047,32.93
2014-06-21,325.9047,32.93
2014-06-22,325.9047,32.93
2014-06-23,327.8486,33.12
2014-06-24,327.2988,33.07
2014-06-25,329.3079,33.27
2014-06-26,330.56,33.39
2014-06-27,330.0761,33.35
2014-06-28,330.0761,33.34
2014-06-29,330.0761,33.34
2014-06-30,332.7991,33.62
2014-07-01,332.0958,33.55
2014-07-02,338.5517,34.20
2014-07-03,340.5707,34.40
2014-07-04,340.5707,34.40
2014-07-05,340.5707,34.40
2014-07-06,340.5707,34.40
2014-07-07,338.4151,34.18
2014-07-08,340.1404,34.35
2014-07-09,339.4848,34.29
2014-07-10,339.1882,34.26
2014-07-11,340.5004,34.39
2014-07-12,340.5004,34.39
2014-07-13,340.5004,34.39
2014-07-14,339.6231,34.30
2014-07-15,340.4841,34.38
2014-07-16,339.5785,34.29
2014-07-17,340.2605,34.36
2014-07-18,336.9266,34.02
2014-07-19,336.9266,34.02
2014-07-20,336.9266,34.02
2014-07-21,340.6458,34.39
2014-07-22,343.0049,34.63
2014-07-23,341.7228,34.50
2014-07-24,345.8603,34.92
2014-07-25,343.2876,34.66
2014-07-26,343.2876,34.66
2014-07-27,343.2876,34.66
2014-07-28,343.7169,34.70
2014-07-29,340.1314,34.34
2014-07-30,343.848,34.71
2014-07-31,340.7483,34.40
2014-08-01,338.6663,34.18
2014-08-02,338.6663,34.18
2014-08-03,338.6663,34.18
2014-08-04,343.7577,34.70
2014-08-05,340.6176,34.38
2014-08-06,339.0917,34.22
2014-08-07,339.7484,34.29
2014-08-08,338.4443,34.16
2014-08-09,338.4443,34.16
2014-08-10,338.4443,34.16
2014-08-11,339.1476,34.23
2014-08-12,339.7222,34.28
2014-08-13,339.7222,34.28
2014-08-14,332.5677,33.56
2014-08-15,333.5855,33.66
2014-08-16,333.5855,33.66
2014-08-17,333.5855,33.66
2014-08-18,335.0537,33.81
2014-08-19,335.5219,33.85
2014-08-20,342.707,34.58
2014-08-21,341.8614,34.49
2014-08-22,343.3696,34.64
2014-08-23,343.3696,34.64
2014-08-24,343.3696,34.64
2014-08-25,343.6304,34.67
2014-08-26,344.0924,34.71
2014-08-27,343.4508,34.65
2014-08-28,340.0215,34.30
2014-08-29,342.1913,34.52
2014-08-30,342.1913,34.52
2014-08-31,342.1913,34.52
2014-09-01,342.1913,34.52
2014-09-02,342.0849,34.50
2014-09-03,339.8152,34.27
2014-09-04,342.9489,34.59
2014-09-05,343.763,34.67
2014-09-06,343.763,34.67
2014-09-07,343.763,34.67
2014-09-08,344.6675,34.76
2014-09-09,336.5605,33.94
2014-09-10,336.5408,33.94
2014-09-11,333.4867,33.63
2014-09-12,333.3311,33.61
2014-09-13,333.3311,33.61
2014-09-14,333.3311,33.61
2014-09-15,329.7233,33.25
2014-09-16,334.694,33.75
2014-09-17,333.4,33.62
2014-09-18,329.9912,33.27
2014-09-19,329.5262,33.22
2014-09-20,329.5262,33.22
2014-09-21,329.5262,33.22
2014-09-22,324.9098,32.76
2014-09-23,324.7122,32.74
2014-09-24,326.5956,32.93
2014-09-25,323.8374,32.65
2014-09-26,323.5796,32.62
2014-09-27,323.5796,32.62
2014-09-28,323.5796,32.62
2014-09-29,324.9553,32.76
2014-09-30,321.9696,32.45
2014-10-01,320.1519,32.27
2014-10-02,316.1935,31.87
2014-10-03,319.0871,32.16
2014-10-04,319.0871,32.16
2014-10-05,319.0871,32.16
2014-10-06,322.4655,32.50
2014-10-07,323.7436,32.63
2014-10-08,321.0838,32.36
2014-10-09,323.7657,32.63
2014-10-10,320.7527,32.32
2014-10-11,320.7527,32.32
2014-10-12,320.7527,32.32
2014-10-13,323.0973,32.56
2014-10-14,325.7626,32.83
2014-10-15,318.2261,32.07
2014-10-16,314.3699,31.68
2014-10-17,319.6885,32.21
2014-10-18,319.6885,32.21
2014-10-19,319.6885,32.21
2014-10-20,317.0379,31.94
2014-10-21,320.5463,32.30
2014-10-22,321.4158,32.38
2014-10-23,321.6282,32.40
2014-10-24,320.393,32.28
2014-10-25,320.393,32.28
2014-10-26,320.393,32.28
2014-10-27,321.8238,32.42
2014-10-28,325.2809,32.77
2014-10-29,328.1567,33.06
2014-10-30,326.1189,32.85
2014-10-31,325.8103,32.82
2014-11-01,325.8103,32.82
2014-11-02,325.8103,32.82
2014-11-03,328.0453,33.04
2014-11-04,324.2277,32.66
2014-11-05,323.5357,32.58
2014-11-06,325.1748,32.75
2014-11-07,325.4933,32.78
2014-11-08,325.4933,32.78
2014-11-09,325.4933,32.78
2014-11-10,322.8722,32.51
2014-11-11,324.653,32.69
2014-11-12,325.511,32.78
2014-11-13,322.9531,32.52
2014-11-14,324.1359,32.64
2014-11-17,324.5908,32.68
2014-11-18,321.4673,32.37
2014-11-19,324.5903,32.68
2014-11-20,324.8727,32.71
2014-11-21,328.3916,33.06
2014-11-24,326.6264,32.88
2014-11-25,324.5358,32.67
2014-11-26,323.9048,32.61
2014-11-27,323.9048,32.61
2014-11-28,314.5302,31.66
2014-12-01,318.572,32.07
2014-12-02,315.1874,31.72
2014-12-03,314.415,31.65
2014-12-04,318.9595,32.10
2014-12-05,317.3041,31.93
2014-12-08,314.8872,31.69
2014-12-09,317.0129,31.90
2014-12-10,313.7308,31.57
2014-12-11,314.6028,31.66
2014-12-12,315.2892,31.73
2014-12-15,311.4201,31.34
2014-12-16,308.5366,31.04
2014-12-17,308.8862,31.08
2014-12-18,307.105,30.90
2014-12-19,309.6713,31.16
2014-12-22,307.1892,30.90
2014-12-23,305.7188,30.76
2014-12-24,304.2685,30.61
2014-12-25,304.2685,30.61
2014-12-26,303.5578,30.54
2014-12-29,302.7828,30.46
2014-12-30,304.4819,30.63
2014-12-31,303.2612,30.50
2015-01-01,303.2612,30.50
2015-01-02,301.23,30.30
2015-01-05,297.9643,29.97
2015-01-06,296.3707,29.81
2015-01-07,295.6855,29.74
2015-01-08,298.113,29.98
2015-01-09,296.1651,29.78
2015-01-12,293.8346,29.55
2015-01-13,287.1211,28.87
2015-01-14,276.9417,27.85
2015-01-15,281.031,28.26
2015-01-16,287.0438,28.86
2015-01-20,286.1109,28.76
2015-01-21,289.7749,29.13
2015-01-22,286.8951,28.84
2015-01-23,279.7902,28.13
2015-01-26,284.989,28.65
2015-01-27,279.1202,28.06
2015-01-28,280.9772,28.24
2015-01-29,276.8226,27.82
2015-01-30,282.2413,28.37
2015-02-02,282.9089,28.43
2015-02-03,289.2365,29.07
2015-02-04,288.5928,29.00
2015-02-05,289.3523,29.08
2015-02-09,288.0732,28.95
2015-02-10,283.2453,28.46
2015-02-11,282.3708,28.37
2015-02-12,287.2248,28.86
2015-02-13,287.0236,28.84
2015-02-16,287.0236,28.84
2015-02-17,282.877,28.42
2015-02-18,285.0635,28.64
2015-02-19,284.6215,28.59
2015-02-20,281.653,28.30
2015-02-23,281.396,28.27
2015-02-24,286.0278,28.73
2015-02-25,285.0242,28.63
2015-02-26,288.7868,29.01
2015-02-27,288.7009,29.00
2015-03-02,287.8855,28.92
2015-03-03,284.4834,28.57
2015-03-04,285.5701,28.68
2015-03-05,285.6969,28.69
2015-03-06,282.6357,28.39
2015-03-09,286.5714,28.78
2015-03-10,281.8957,28.31
2015-03-11,279.3652,28.05
2015-03-12,282.9677,28.41
2015-03-13,284.6953,28.59
2015-03-16,284.1444,28.53
2015-03-17,282.8,28.39
2015-03-18,277.8603,27.90
2015-03-19,284.5835,28.57
2015-03-20,292.1256,29.33
2015-03-23,294.5745,29.57
2015-03-24,294.4479,29.56
2015-03-25,292.6875,29.38
2015-03-26,294.7424,29.59
2015-03-27,290.6325,29.17
2015-03-30,291.7533,29.28
2015-03-31,288.4825,28.96
2015-04-01,289.2097,29.03
2015-04-02,288.7513,28.98
2015-04-06,288.4128,28.94
2015-04-07,290.4869,29.15
2015-04-08,288.415,28.94
2015-04-09,287.8932,28.89
2015-04-10,289.4677,29.05
2015-04-13,287.7931,28.88
2015-04-14,287.712,28.87
2015-04-15,289.2719,29.02
2015-04-16,293.148,29.41
2015-04-17,292.4511,29.34
2015-04-20,290.0231,29.10
2015-04-21,289.5211,29.05
2015-04-22,288.3737,28.93
2015-04-23,288.1091,28.90
2015-04-24,293.6918,29.46
2015-04-27,296.6284,29.75
2015-04-28,299.0203,29.99
2015-04-29,300.016,30.09
2015-04-30,308.3227,30.93
2015-05-01,309.4421,31.04
2015-05-04,309.283,31.02
2015-05-05,315.6683,31.66
2015-05-06,310.5339,31.14
2015-05-07,309.3172,31.02
2015-05-08,309.2225,31.01
2015-05-11,307.21,30.81
2015-05-12,310.6728,31.15
2015-05-13,308.6469,30.95
2015-05-14,307.1348,30.80
2015-05-15,306.9712,30.78
2015-05-18,304.1626,30.50
2015-05-19,296.9727,29.77
2015-05-20,296.284,29.70
2015-05-21,296.5889,29.73
2015-05-22,293.3606,29.41
2015-05-26,290.944,29.16
2015-05-27,290.0417,29.07
2015-05-28,292.4064,29.31
2015-05-29,287.8425,28.85
2015-06-01,288.7873,28.94
2015-06-02,288.5194,28.92
2015-06-03,288.3126,28.90
2015-06-04,284.9547,28.56
2015-06-05,286.0392,28.67
2015-06-08,286.8028,28.74
2015-06-09,287.8092,28.84
2015-06-10,289.8779,29.05
2015-06-11,284.558,28.51
2015-06-12,284.6239,28.52
2015-06-15,280.7154,28.13
2015-06-16,278.0087,27.85
2015-06-17,277.3614,27.79
2015-06-18,277.2483,27.78
2015-06-19,274.1038,27.46
2015-06-22,273.9982,27.45
2015-06-23,278.8356,27.93
2015-06-24,277.547,27.80
2015-06-25,278.0268,27.85
2015-06-26,276.7741,27.72
2015-06-29,275.9957,27.64
2015-06-30,274.6358,27.51
2015-07-01,277.2464,27.77
2015-07-02,277.401,27.78
2015-07-06,269.697,27.01
2015-07-07,259.2818,25.97
2015-07-08,265.0603,26.54
2015-07-09,270.5677,27.09
2015-07-10,269.0427,26.94
2015-07-13,271.1561,27.15
2015-07-14,270.1102,27.05
2015-07-15,269.7426,27.01
2015-07-16,270.4166,27.07
2015-07-17,267.3872,26.77
2015-07-20,266.9317,26.72
2015-07-21,264.9194,26.52
2015-07-22,261.4718,26.18
2015-07-23,257.8154,25.81
2015-07-24,257.2495,25.75
2015-07-27,254.4092,25.47
2015-07-28,259.0455,25.93
2015-07-29,259.7157,26.00
2015-07-30,256.4688,25.67
2015-07-31,254.2243,25.44
2015-08-03,252.8032,25.30
2015-08-04,253.9189,25.41
2015-08-05,251.3379,25.15
2015-08-06,250.7822,25.10
2015-08-07,250.1198,25.03
2015-08-10,255.8261,25.60
2015-08-11,248.1296,24.83
2015-08-12,249.8367,25.00
2015-08-13,248.8764,24.90
2015-08-14,248.9349,24.91
2015-08-17,246.658,24.68
2015-08-18,242.7597,24.29
2015-08-19,242.4105,24.25
2015-08-20,246.5986,24.67
2015-08-21,242.8937,24.30
2015-08-24,236.8837,23.70
2015-08-25,242.0713,24.21
2015-08-26,236.5926,23.67
2015-08-27,245.026,24.51
2015-08-28,247.8469,24.79
2015-08-31,247.6788,24.77
2015-09-01,247.6788,24.77
2015-09-02,246.8096,24.68
2015-09-03,251.4922,25.15
2015-09-04,246.4396,24.65
2015-09-08,254.2265,25.42
2015-09-09,254.8023,25.48
2015-09-10,256.4013,25.64
2015-09-11,255.8352,25.58
2015-09-14,251.4961,25.15
2015-09-15,252.3916,25.23
2015-09-16,254.2796,25.42
2015-09-17,254.1431,25.41
2015-09-18,249.0235,24.90
2015-09-21,248.9032,24.88
2015-09-22,241.9009,24.18
2015-09-23,241.3522,24.13
2015-09-24,242.0973,24.20
2015-09-25,240.1362,24.00
2015-09-28,237.5649,23.74
2015-09-29,238.5617,23.84
2015-09-30,245.5654,24.54
2015-10-01,242.5255,24.24
2015-10-02,242.6447,24.25
2015-10-05,244.458,24.43
2015-10-06,244.0118,24.38
2015-10-07,246.0949,24.59
2015-10-08,243.6144,24.34
2015-10-09,252.9199,25.27
2015-10-12,252.8396,25.26
2015-10-13,250.956,25.07
2015-10-14,251.8514,25.16
2015-10-15,251.7121,25.15
2015-10-16,250.5469,25.03
2015-10-19,247.0591,24.68
2015-10-20,246.4313,24.62
2015-10-21,243.973,24.37
2015-10-22,244.9353,24.47
2015-10-23,243.7489,24.35
2015-10-26,243.0844,24.28
2015-10-27,243.7953,24.35
2015-10-28,243.6824,24.34
2015-10-29,240.0934,23.98
2015-10-30,239.5914,23.93
2015-11-02,240.1752,23.99
2015-11-03,240.5475,24.02
2015-11-04,240.3724,24.00
2015-11-05,236.675,23.63
2015-11-06,236.4192,23.61
2015-11-09,234.9303,23.46
2015-11-10,233.1248,23.28
2015-11-11,234.3437,23.40
2015-11-12,229.738,22.94
2015-11-13,229.763,22.94
2015-11-16,224.6371,22.43
2015-11-17,223.6711,22.33
2015-11-18,221.1376,22.08
2015-11-19,221.4153,22.10
2015-11-20,219.3652,21.90
2015-11-23,215.5443,21.52
2015-11-24,220.2779,21.99
2015-11-25,219.6019,21.92
2015-11-27,219.4968,21.91
2015-11-30,219.4175,21.90
2015-12-01,221.9701,22.15
2015-12-02,220.2949,21.99
2015-12-03,219.629,21.92
2015-12-04,223.3822,22.29
2015-12-07,219.9225,21.95
2015-12-08,220.0816,21.96
2015-12-09,220.6813,22.02
2015-12-10,220.7992,22.03
2015-12-11,223.8515,22.34
2015-12-14,223.6827,22.32
2015-12-15,218.8741,21.84
2015-12-16,221.1205,22.06
2015-12-17,218.4641,21.80
2015-12-18,224.0704,22.35
2015-12-21,226.3208,22.58
2015-12-22,223.5663,22.30
2015-12-23,226.6061,22.60
2015-12-24,225.8299,22.53
2015-12-28,224.9471,22.44
2015-12-29,227.7594,22.72
2015-12-30,228.1284,22.75
2015-12-31,226.3567,22.58
2016-01-04,221.0163,22.04
2016-01-05,221.6391,22.10
2016-01-06,221.2475,22.06
2016-01-07,217.4754,21.69
2016-01-08,217.7064,21.71
2016-01-11,212.7805,21.22
2016-01-12,211.2467,21.06
2016-01-13,213.0849,21.24
2016-01-14,215.2742,21.46
2016-01-15,211.8793,21.12
2016-01-19,215.1099,21.44
2016-01-20,213.0014,21.23
2016-01-21,216.2697,21.56
2016-01-22,216.532,21.58
2016-01-25,215.5817,21.49
2016-01-26,220.6357,21.99
2016-01-27,223.5467,22.28
2016-01-28,220.9965,22.03
2016-01-29,222.809,22.21
2016-02-01,222.6138,22.19
2016-02-02,221.9102,22.11
2016-02-03,225.6805,22.49
2016-02-04,227.9713,22.72
2016-02-05,223.5759,22.28
2016-02-08,223.8838,22.31
2016-02-09,219.4429,21.87
2016-02-10,217.7857,21.70
2016-02-11,216.8781,21.61
2016-02-12,219.4054,21.86
2016-02-16,222.2931,22.15
2016-02-17,223.112,22.23
2016-02-18,223.4379,22.26
2016-02-19,226.8774,22.60
2016-02-22,230.8694,23.00
2016-02-23,227.7771,22.69
2016-02-24,228.3411,22.74
2016-02-25,225.8763,22.50
2016-02-26,229.6293,22.87
2016-02-29,230.1844,22.92
2016-03-01,231.5022,23.06
2016-03-02,234.6578,23.37
2016-03-03,236.9554,23.60
2016-03-04,242.6749,24.17
2016-03-07,242.1911,24.12
2016-03-08,234.7848,23.38
2016-03-09,237.9525,23.69
2016-03-10,235.3015,23.43
2016-03-11,237.8521,23.68
2016-03-14,235.8809,23.48
2016-03-15,234.2497,23.32
2016-03-16,233.8862,23.28
2016-03-17,240.2291,23.92
2016-03-18,238.7335,23.77
2016-03-21,239.7396,23.86
2016-03-22,239.2565,23.82
2016-03-23,234.6335,23.36
2016-03-24,233.3793,23.23
2016-03-28,233.7138,23.26
2016-03-29,231.9916,23.09
2016-03-30,231.7125,23.06
2016-03-31,232.4536,23.13
2016-04-01,232.9294,23.18
2016-04-04,231.0352,22.99
2016-04-05,230.3493,22.92
2016-04-06,230.594,22.95
2016-04-07,225.1624,22.40
2016-04-08,226.344,22.52
2016-04-11,226.269,22.51
2016-04-12,231.8585,23.07
2016-04-13,235.5381,23.43
2016-04-14,235.3871,23.42
2016-04-15,234.2994,23.31
2016-04-18,236.1411,23.49
2016-04-19,240.8092,23.95
2016-04-20,243.3318,24.21
2016-04-21,243.3915,24.21
2016-04-22,244.7797,24.35
2016-04-25,243.764,24.25
2016-04-26,243.0567,24.17
2016-04-27,241.263,24.00
2016-04-28,243.5475,24.22
2016-04-29,247.7181,24.64
2016-05-02,247.4159,24.60
2016-05-03,242.1569,24.08
2016-05-04,240.3514,23.90
2016-05-05,235.899,23.46
2016-05-06,236.5185,23.52
2016-05-09,230.0651,22.88
2016-05-10,229.8682,22.86
2016-05-11,232.2051,23.09
2016-05-12,228.1026,22.68
2016-05-13,228.3225,22.70
2016-05-16,229.6942,22.83
2016-05-17,230.1086,22.88
2016-05-18,228.7598,22.74
2016-05-19,227.0003,22.57
2016-05-20,226.9099,22.56
2016-05-23,226.0596,22.47
2016-05-24,227.0307,22.57
2016-05-25,228.1181,22.67
2016-05-26,229.4649,22.81
2016-05-27,230.7084,22.93
2016-05-31,230.3089,22.89
2016-06-01,230.2034,22.88
2016-06-02,229.0589,22.76
2016-06-03,231.6229,23.02
2016-06-06,232.979,23.15
2016-06-07,229.4533,22.80
2016-06-08,233.1862,23.17
2016-06-09,230.7294,22.92
2016-06-10,230.5352,22.91
2016-06-13,232.5116,23.10
2016-06-14,230.8827,22.94
2016-06-15,235.2939,23.38
2016-06-16,230.5928,22.91
2016-06-17,231.6765,23.01
2016-06-20,235.6923,23.41
2016-06-21,236.6594,23.51
2016-06-22,237.9359,23.63
2016-06-23,240.0041,23.84
2016-06-24,235.9946,23.44
2016-06-27,235.1942,23.36
2016-06-28,241.1599,23.95
2016-06-29,242.5347,24.09
2016-06-30,243.6321,24.20
2016-07-01,247.855,24.61
2016-07-05,243.9687,24.23
2016-07-06,242.7306,24.10
2016-07-07,239.7933,23.81
2016-07-08,242.0747,24.04
2016-07-11,243.2237,24.15
2016-07-12,249.3631,24.76
2016-07-13,250.3348,24.85
2016-07-14,250.977,24.92
2016-07-15,249.8847,24.81
2016-07-18,250.8192,24.90
2016-07-19,252.1461,25.03
2016-07-20,251.032,24.92
2016-07-21,250.9327,24.91
2016-07-22,248.9241,24.71
2016-07-25,248.1933,24.63
2016-07-26,247.8099,24.60
2016-07-27,244.8168,24.30
2016-07-28,247.9955,24.61
2016-07-29,250.4418,24.85
2016-08-01,249.5877,24.77
2016-08-02,249.6251,24.77
2016-08-03,249.798,24.79
2016-08-04,247.2624,24.54
2016-08-05,247.4351,24.55
2016-08-08,248.1267,24.62
2016-08-09,247.1726,24.52
2016-08-10,248.791,24.68
2016-08-11,249.3771,24.74
2016-08-12,245.3823,24.34
2016-08-15,247.3704,24.54
2016-08-16,248.3972,24.64
2016-08-17,247.6575,24.57
2016-08-18,248.8397,24.68