Date,Index_Level,iPath_Bbg_Softs_Subind_Tot_Return_ETN
2008-06-24,119.609,50.00
2008-06-25,120.206,50.25
2008-06-26,122.451,51.19
2008-06-27,121.275,50.69
2008-06-28,121.275,50.69
2008-06-29,121.275,50.69
2008-06-30,121.485,50.78
2008-07-01,123.198,51.49
2008-07-02,123.802,51.74
2008-07-03,122.472,51.19
2008-07-04,122.472,51.19
2008-07-05,122.472,51.19
2008-07-06,122.472,51.18
2008-07-07,117.65,49.17
2008-07-08,117.744,49.21
2008-07-09,118.394,49.48
2008-07-10,117.834,49.24
2008-07-11,119.347,49.87
2008-07-12,119.347,49.87
2008-07-13,119.347,49.87
2008-07-14,117.501,49.10
2008-07-15,118.789,49.64
2008-07-16,118.405,49.47
2008-07-17,113.533,47.44
2008-07-18,112.873,47.16
2008-07-19,112.873,47.16
2008-07-20,112.873,47.16
2008-07-21,112.528,47.01
2008-07-22,110.439,46.14
2008-07-23,110.894,46.33
2008-07-24,111.613,46.63
2008-07-25,113.163,47.27
2008-07-26,113.163,47.27
2008-07-27,113.163,47.27
2008-07-28,111.928,46.75
2008-07-29,114.219,47.71
2008-07-30,116.452,48.64
2008-07-31,118.843,49.64
2008-08-01,118.611,49.54
2008-08-02,118.611,49.54
2008-08-03,118.611,49.54
2008-08-04,114.081,47.65
2008-08-05,116.713,48.75
2008-08-06,117.198,48.95
2008-08-07,117.346,49.01
2008-08-08,114.314,47.74
2008-08-09,114.314,47.74
2008-08-10,114.314,47.74
2008-08-11,113.517,47.41
2008-08-12,115.158,48.09
2008-08-13,116.131,48.50
2008-08-14,113.73,47.49
2008-08-15,111.162,46.42
2008-08-16,111.162,46.42
2008-08-17,111.162,46.41
2008-08-18,113.481,47.38
2008-08-19,114.001,47.60
2008-08-20,114.739,47.91
2008-08-21,117.731,49.16
2008-08-22,117.798,49.18
2008-08-23,117.798,49.18
2008-08-24,117.798,49.18
2008-08-25,116.839,48.78
2008-08-26,118.579,49.51
2008-08-27,117.477,49.04
2008-08-28,115.631,48.27
2008-08-29,113.663,47.45
2008-08-30,113.663,47.45
2008-08-31,113.663,47.45
2008-09-01,113.663,47.45
2008-09-02,113.331,47.31
2008-09-03,112.157,46.81
2008-09-04,113.026,47.18
2008-09-05,110.39,46.07
2008-09-06,110.39,46.07
2008-09-07,110.39,46.07
2008-09-08,109.823,45.83
2008-09-09,107.643,44.92
2008-09-10,107.855,45.01
2008-09-11,106.362,44.38
2008-09-12,108.282,45.19
2008-09-13,108.282,45.18
2008-09-14,108.282,45.18
2008-09-15,106.694,44.52
2008-09-16,104.01,43.40
2008-09-17,104.956,43.79
2008-09-18,102.533,42.78
2008-09-19,104.536,43.61
2008-09-20,104.536,43.61
2008-09-21,104.536,43.61
2008-09-22,108.227,45.15
2008-09-23,105.894,44.18
2008-09-24,106.218,44.31
2008-09-25,108.308,45.18
2008-09-26,106.654,44.49
2008-09-27,106.654,44.49
2008-09-28,106.654,44.49
2008-09-29,102.509,42.76
2008-09-30,101.771,42.45
2008-10-01,102.739,42.85
2008-10-02,99.092,41.33
2008-10-03,96.267,40.14
2008-10-04,96.267,40.14
2008-10-05,96.267,40.14
2008-10-06,90.42,37.70
2008-10-07,90.763,37.84
2008-10-08,90.414,37.69
2008-10-09,90.003,37.52
2008-10-10,86.794,36.18
2008-10-11,86.794,36.18
2008-10-12,86.794,36.18
2008-10-13,89.234,37.20
2008-10-14,89.588,37.34
2008-10-15,85.303,35.55
2008-10-16,86,35.84
2008-10-17,89.286,37.21
2008-10-18,89.286,37.21
2008-10-19,89.286,37.21
2008-10-20,87.294,36.38
2008-10-21,87.031,36.27
2008-10-22,85.626,35.68
2008-10-23,84.034,35.02
2008-10-24,82.222,34.26
2008-10-25,82.222,34.26
2008-10-26,82.222,34.26
2008-10-27,82.997,34.58
2008-10-28,83.388,34.74
2008-10-29,87.714,36.55
2008-10-30,85.89,35.79
2008-10-31,86.633,36.10
2008-11-01,86.633,36.09
2008-11-02,86.633,36.09
2008-11-03,87.145,36.31
2008-11-04,90.672,37.78
2008-11-05,89.538,37.31
2008-11-06,85.095,35.45
2008-11-07,85.459,35.60
2008-11-08,85.459,35.60
2008-11-09,85.459,35.60
2008-11-10,85.262,35.52
2008-11-11,83.55,34.80
2008-11-12,82.764,34.47
2008-11-13,81.986,34.14
2008-11-14,83.097,34.61
2008-11-15,83.097,34.61
2008-11-16,83.097,34.61
2008-11-17,82.832,34.49
2008-11-18,82.488,34.35
2008-11-19,82.511,34.36
2008-11-20,80.568,33.55
2008-11-21,80.455,33.50
2008-11-22,80.455,33.50
2008-11-23,80.455,33.50
2008-11-24,83.884,34.93
2008-11-25,83.207,34.65
2008-11-26,85.446,35.58
2008-11-27,85.446,35.58
2008-11-28,86.225,35.90
2008-11-29,86.225,35.90
2008-11-30,86.225,35.90
2008-12-01,84.437,35.16
2008-12-02,83.64,34.82
2008-12-03,82.141,34.19
2008-12-04,78.503,32.67
2008-12-05,76.132,31.68
2008-12-06,76.132,31.68
2008-12-07,76.132,31.68
2008-12-08,81.067,33.74
2008-12-09,80.504,33.51
2008-12-10,82.353,34.28
2008-12-11,83.939,34.94
2008-12-12,82.601,34.38
2008-12-13,82.601,34.38
2008-12-14,82.601,34.38
2008-12-15,82.109,34.17
2008-12-16,82.712,34.42
2008-12-17,83.939,34.94
2008-12-18,84.03,34.97
2008-12-19,80.856,33.65
2008-12-20,80.856,33.65
2008-12-21,80.856,33.64
2008-12-22,80.144,33.35
2008-12-23,79.967,33.27
2008-12-24,80.79,33.61
2008-12-25,80.79,33.61
2008-12-26,80.682,33.57
2008-12-27,80.682,33.57
2008-12-28,80.682,33.57
2008-12-29,80.702,33.57
2008-12-30,82.156,34.18
2008-12-31,85.358,35.52
2009-01-01,85.358,35.52
2009-01-02,85.146,35.43
2009-01-03,85.146,35.43
2009-01-04,85.146,35.43
2009-01-05,83.993,34.95
2009-01-06,88.342,36.76
2009-01-07,86.679,36.07
2009-01-08,86.97,36.19
2009-01-09,87.467,36.39
2009-01-10,87.467,36.39
2009-01-11,87.467,36.39
2009-01-12,83.984,34.94
2009-01-13,84.028,34.95
2009-01-14,83.619,34.78
2009-01-15,86.025,35.79
2009-01-16,87.561,36.43
2009-01-17,87.561,36.43
2009-01-18,87.561,36.43
2009-01-19,87.561,36.43
2009-01-20,87.131,36.25
2009-01-21,88.086,36.64
2009-01-22,88.846,36.96
2009-01-23,90.565,37.68
2009-01-24,90.565,37.68
2009-01-25,90.565,37.68
2009-01-26,92.532,38.50
2009-01-27,92.077,38.31
2009-01-28,92.002,38.28
2009-01-29,90.511,37.65
2009-01-30,89.692,37.31
2009-01-31,89.692,37.31
2009-02-01,89.692,37.31
2009-02-02,90.281,37.55
2009-02-03,89.749,37.33
2009-02-04,88.786,36.93
2009-02-05,90.737,37.74
2009-02-06,91.274,37.96
2009-02-07,91.274,37.96
2009-02-08,91.274,37.96
2009-02-09,92.251,38.37
2009-02-10,89.505,37.22
2009-02-11,88.643,36.86
2009-02-12,87.399,36.34
2009-02-13,87.165,36.24
2009-02-14,87.165,36.24
2009-02-15,87.165,36.24
2009-02-16,87.165,36.24
2009-02-17,85.643,35.60
2009-02-18,84.756,35.23
2009-02-19,85.322,35.47
2009-02-20,84.308,35.04
2009-02-21,84.308,35.04
2009-02-22,84.308,35.04
2009-02-23,84.564,35.15
2009-02-24,84.905,35.29
2009-02-25,85.429,35.51
2009-02-26,87.068,36.19
2009-02-27,85.833,35.67
2009-02-28,85.833,35.67
2009-03-01,85.833,35.67
2009-03-02,80.809,33.57
2009-03-03,80.978,33.64
2009-03-04,83.152,34.55
2009-03-05,81.771,33.97
2009-03-06,81.264,33.76
2009-03-07,81.264,33.76
2009-03-08,81.264,33.76
2009-03-09,80.158,33.29
2009-03-10,80.615,33.49
2009-03-11,81.487,33.85
2009-03-12,83.626,34.74
2009-03-13,82.978,34.47
2009-03-14,82.978,34.47
2009-03-15,82.978,34.47
2009-03-16,83.528,34.70
2009-03-17,83.878,34.84
2009-03-18,84.192,34.97
2009-03-19,86.52,35.95
2009-03-20,86.898,36.10
2009-03-21,86.898,36.10
2009-03-22,86.898,36.10
2009-03-23,87.361,36.30
2009-03-24,85.764,35.63
2009-03-25,85.414,35.48
2009-03-26,85.116,35.36
2009-03-27,84.087,34.92
2009-03-28,84.087,34.92
2009-03-29,84.087,34.92
2009-03-30,83.456,34.66
2009-03-31,85.666,35.58
2009-04-01,85.334,35.44
2009-04-02,86.804,36.06
2009-04-03,86.602,35.97
2009-04-04,86.602,35.97
2009-04-05,86.602,35.97
2009-04-06,85.242,35.40
2009-04-07,85.292,35.42
2009-04-08,86.576,35.96
2009-04-09,87.582,36.38
2009-04-10,87.582,36.37
2009-04-11,87.582,36.37
2009-04-12,87.582,36.37
2009-04-13,87.818,36.47
2009-04-14,87.151,36.19
2009-04-15,87.426,36.31
2009-04-16,86.747,36.02
2009-04-17,87.413,36.30
2009-04-18,87.413,36.30
2009-04-19,87.413,36.30
2009-04-20,85.744,35.60
2009-04-21,87.274,36.24
2009-04-22,88.232,36.64
2009-04-23,89.272,37.07
2009-04-24,91.139,37.85
2009-04-25,91.139,37.85
2009-04-26,91.139,37.85
2009-04-27,89.521,37.17
2009-04-28,89.974,37.36
2009-04-29,90.411,37.54
2009-04-30,91.422,37.96
2009-05-01,95.645,39.73
2009-05-02,95.645,39.73
2009-05-03,95.645,39.73
2009-05-04,95.698,39.75
2009-05-05,97.401,40.46
2009-05-06,98.051,40.73
2009-05-07,98.625,40.97
2009-05-08,99.069,41.15
2009-05-09,99.069,41.15
2009-05-10,99.069,41.15
2009-05-11,100.713,41.84
2009-05-12,100.968,41.95
2009-05-13,99.144,41.18
2009-05-14,99.552,41.35
2009-05-15,96.925,40.25
2009-05-16,96.925,40.25
2009-05-17,96.925,40.25
2009-05-18,99.579,41.36
2009-05-19,99.778,41.44
2009-05-20,99.84,41.47
2009-05-21,100.928,41.92
2009-05-22,101.072,41.98
2009-05-23,101.072,41.98
2009-05-24,101.072,41.98
2009-05-25,101.072,41.98
2009-05-26,101.115,41.99
2009-05-27,100.679,41.81
2009-05-28,100.073,41.56
2009-05-29,101.338,42.09
2009-05-30,101.338,42.08
2009-05-31,101.338,42.08
2009-06-01,103.666,43.06
2009-06-02,102.965,42.76
2009-06-03,99.335,41.24
2009-06-04,100.916,41.90
2009-06-05,99.431,41.28
2009-06-06,99.431,41.28
2009-06-07,99.431,41.28
2009-06-08,98.312,40.81
2009-06-09,98.621,40.94
2009-06-10,97.889,40.63
2009-06-11,99.107,41.14
2009-06-12,98.224,40.77
2009-06-13,98.224,40.77
2009-06-14,98.224,40.77
2009-06-15,93.87,38.95
2009-06-16,93.661,38.86
2009-06-17,93.087,38.62
2009-06-18,93.993,39.00
2009-06-19,92.557,38.40
2009-06-20,92.557,38.40
2009-06-21,92.557,38.40
2009-06-22,92.762,38.48
2009-06-23,94.319,39.13
2009-06-24,95.14,39.47
2009-06-25,97.064,40.28
2009-06-26,95.591,39.66
2009-06-27,95.591,39.66
2009-06-28,95.591,39.66
2009-06-29,97.316,40.38
2009-06-30,97.333,40.38
2009-07-01,98.19,40.74
2009-07-02,97.667,40.52
2009-07-03,97.667,40.52
2009-07-04,97.667,40.52
2009-07-05,97.667,40.52
2009-07-06,96.828,40.17
2009-07-07,95.392,39.57
2009-07-08,95.355,39.55
2009-07-09,96.085,39.86
2009-07-10,96.755,40.13
2009-07-11,96.755,40.13
2009-07-12,96.755,40.13
2009-07-13,97.615,40.49
2009-07-14,98.412,40.82
2009-07-15,99.152,41.13
2009-07-16,97.794,40.56
2009-07-17,98.598,40.90
2009-07-18,98.598,40.90
2009-07-19,98.598,40.90
2009-07-20,100.891,41.86
2009-07-21,99.817,41.41
2009-07-22,99.343,41.21
2009-07-23,101.323,42.03
2009-07-24,100.66,41.76
2009-07-25,100.66,41.75
2009-07-26,100.66,41.75
2009-07-27,100.799,41.81
2009-07-28,100.33,41.61
2009-07-29,100.486,41.68
2009-07-30,101.892,42.26
2009-07-31,102.24,42.41
2009-08-01,102.24,42.41
2009-08-02,102.24,42.41
2009-08-03,105.915,43.94
2009-08-04,106.391,44.14
2009-08-05,105.936,43.95
2009-08-06,107.146,44.45
2009-08-07,111.032,46.08
2009-08-08,111.032,46.08
2009-08-09,111.032,46.08
2009-08-10,113.935,47.29
2009-08-11,114.114,47.36
2009-08-12,116.221,48.24
2009-08-13,113.849,47.25
2009-08-14,111.108,46.10
2009-08-15,111.108,46.10
2009-08-16,111.108,46.10
2009-08-17,109.176,45.29
2009-08-18,108.661,45.08
2009-08-19,110.94,46.03
2009-08-20,108.447,44.99
2009-08-21,107.903,44.76
2009-08-22,107.903,44.76
2009-08-23,107.903,44.76
2009-08-24,107.347,44.52
2009-08-25,106.986,44.37
2009-08-26,108.522,45.01
2009-08-27,108.104,44.84
2009-08-28,111.08,46.08
2009-08-29,111.08,46.08
2009-08-30,111.08,46.08
2009-08-31,113.746,47.19
2009-09-01,112.248,46.56
2009-09-02,111.424,46.22
2009-09-03,110.202,45.71
2009-09-04,107.54,44.59
2009-09-05,107.54,44.59
2009-09-06,107.54,44.59
2009-09-07,107.54,44.59
2009-09-08,106.426,44.12
2009-09-09,106.864,44.30
2009-09-10,108.747,45.09
2009-09-11,108.025,44.79
2009-09-12,108.025,44.79
2009-09-13,108.025,44.79
2009-09-14,111.927,46.42
2009-09-15,111.777,46.35
2009-09-16,113.447,47.05
2009-09-17,114.004,47.28
2009-09-18,112.601,46.69
2009-09-19,112.601,46.69
2009-09-20,112.601,46.69
2009-09-21,111.625,46.28
2009-09-22,113.73,47.16
2009-09-23,112.354,46.59
2009-09-24,110.35,45.75
2009-09-25,109.341,45.33
2009-09-26,109.341,45.32
2009-09-27,109.341,45.32
2009-09-28,111.74,46.33
2009-09-29,112.663,46.71
2009-09-30,114.822,47.61
2009-10-01,112.217,46.52
2009-10-02,110.681,45.88
2009-10-03,110.681,45.88
2009-10-04,110.681,45.88
2009-10-05,111.949,46.41
2009-10-06,113.085,46.88
2009-10-07,111.026,46.02
2009-10-08,111.05,46.03
2009-10-09,107.277,44.45
2009-10-10,107.277,44.45
2009-10-11,107.277,44.45
2009-10-12,109.436,45.35
2009-10-13,112.687,46.71
2009-10-14,113.196,46.92
2009-10-15,115.681,47.96
2009-10-16,117.273,48.62
2009-10-17,117.273,48.62
2009-10-18,117.273,48.62
2009-10-19,117.475,48.70
2009-10-20,115.882,48.04
2009-10-21,117.988,48.91
2009-10-22,115.708,47.96
2009-10-23,113.761,47.15
2009-10-24,113.761,47.14
2009-10-25,113.761,47.14
2009-10-26,113.208,46.91
2009-10-27,112.358,46.56
2009-10-28,110.223,45.66
2009-10-29,113.038,46.84
2009-10-30,112.769,46.72
2009-10-31,112.769,46.72
2009-11-01,112.769,46.72
2009-11-02,115.844,48.01
2009-11-03,116.68,48.36
2009-11-04,116.003,48.07
2009-11-05,114.133,47.29
2009-11-06,112.252,46.50
2009-11-07,112.252,46.50
2009-11-08,112.252,46.50
2009-11-09,112.932,46.78
2009-11-10,110.968,45.96
2009-11-11,111.643,46.24
2009-11-12,110.863,45.91
2009-11-13,111.476,46.17
2009-11-14,111.476,46.17
2009-11-15,111.476,46.17
2009-11-16,114.395,47.39
2009-11-17,113.677,47.09
2009-11-18,114.76,47.54
2009-11-19,112.86,46.74
2009-11-20,112.389,46.54
2009-11-21,112.389,46.54
2009-11-22,112.389,46.54
2009-11-23,112.216,46.47
2009-11-24,112.215,46.47
2009-11-25,113.273,46.91
2009-11-26,113.273,46.91
2009-11-27,113.518,47.01
2009-11-28,113.518,47.01
2009-11-29,113.518,47.01
2009-11-30,114.493,47.41
2009-12-01,114.21,47.30
2009-12-02,115.333,47.76
2009-12-03,115.986,48.04
2009-12-04,113.721,47.09
2009-12-05,113.721,47.09
2009-12-06,113.721,47.09
2009-12-07,115.147,47.68
2009-12-08,113.805,47.12
2009-12-09,113.209,46.87
2009-12-10,115.655,47.89
2009-12-11,117.544,48.68
2009-12-12,117.544,48.68
2009-12-13,117.544,48.68
2009-12-14,121.77,50.44
2009-12-15,120.69,49.99
2009-12-16,124.007,51.38
2009-12-17,124.406,51.54
2009-12-18,123.794,51.28
2009-12-19,123.794,51.28
2009-12-20,123.794,51.28
2009-12-21,122.132,50.59
2009-12-22,122.893,50.90
2009-12-23,122.981,50.94
2009-12-24,123.397,51.11
2009-12-25,123.397,51.11
2009-12-26,123.397,51.11
2009-12-27,123.397,51.11
2009-12-28,124.141,51.42
2009-12-29,122.596,50.77
2009-12-30,123.24,51.04
2009-12-31,123.124,50.99
2010-01-01,123.124,50.99
2010-01-02,123.124,50.99
2010-01-03,123.124,50.99
2010-01-04,126.169,52.26
2010-01-05,124.836,51.70
2010-01-06,126.878,52.55
2010-01-07,125.759,52.08
2010-01-08,125.328,51.90
2010-01-09,125.328,51.90
2010-01-10,125.328,51.90
2010-01-11,123.991,51.34
2010-01-12,124.481,51.55
2010-01-13,126.656,52.45
2010-01-14,125.673,52.04
2010-01-15,123.954,51.32
2010-01-16,123.954,51.32
2010-01-17,123.954,51.32
2010-01-18,123.954,51.32
2010-01-19,126.159,52.24
2010-01-20,125.481,51.95
2010-01-21,126.074,52.20
2010-01-22,125.154,51.82
2010-01-23,125.154,51.81
2010-01-24,125.154,51.81
2010-01-25,126.354,52.31
2010-01-26,125.072,51.78
2010-01-27,121.74,50.38
2010-01-28,122.628,50.75
2010-01-29,123.76,51.23
2010-01-30,123.76,51.22
2010-01-31,123.76,51.22
2010-02-01,122.569,50.72
2010-02-02,124.017,51.33
2010-02-03,122.228,50.58
2010-02-04,119.773,49.55
2010-02-05,115.293,47.68
2010-02-06,115.293,47.68
2010-02-07,115.293,47.68
2010-02-08,117.763,48.71
2010-02-09,119.71,49.52
2010-02-10,119.934,49.61
2010-02-11,121.634,50.32
2010-02-12,121.348,50.20
2010-02-13,121.348,50.20
2010-02-14,121.348,50.20
2010-02-15,121.348,50.20
2010-02-16,122.985,50.88
2010-02-17,120.688,49.92
2010-02-18,122.556,50.70
2010-02-19,123.425,51.06
2010-02-20,123.425,51.06
2010-02-21,123.425,51.06
2010-02-22,118.988,49.21
2010-02-23,118.362,48.94
2010-02-24,119.516,49.42
2010-02-25,118.299,48.91
2010-02-26,119.147,49.27
2010-02-27,119.147,49.27
2010-02-28,119.147,49.27
2010-03-01,117.367,48.52
2010-03-02,117.531,48.59
2010-03-03,116.961,48.35
2010-03-04,115.19,47.61
2010-03-05,116.438,48.13
2010-03-06,116.438,48.13
2010-03-07,116.438,48.13
2010-03-08,115.393,47.69
2010-03-09,112.93,46.66
2010-03-10,111.778,46.18
2010-03-11,110.686,45.72
2010-03-12,111.788,46.18
2010-03-13,111.788,46.18
2010-03-14,111.788,46.18
2010-03-15,110.995,45.84
2010-03-16,110.01,45.43
2010-03-17,110.117,45.47
2010-03-18,112.41,46.43
2010-03-19,110.789,45.75
2010-03-20,110.789,45.75
2010-03-21,110.789,45.75
2010-03-22,109.694,45.29
2010-03-23,108.201,44.67
2010-03-24,109.295,45.12
2010-03-25,108.47,44.78
2010-03-26,107.807,44.50
2010-03-27,107.807,44.50
2010-03-28,107.807,44.50
2010-03-29,109.738,45.31
2010-03-30,110.215,45.50
2010-03-31,107.584,44.40
2010-04-01,108.596,44.82
2010-04-02,108.596,44.82
2010-04-03,108.596,44.82
2010-04-04,108.596,44.82
2010-04-05,109.121,45.04
2010-04-06,108.102,44.61
2010-04-07,107.464,44.35
2010-04-08,105.078,43.35
2010-04-09,105.049,43.33
2010-04-10,105.049,43.33
2010-04-11,105.049,43.33
2010-04-12,105.56,43.55
2010-04-13,106.723,44.03
2010-04-14,107.188,44.22
2010-04-15,106.599,43.98
2010-04-16,104.037,42.91
2010-04-17,104.037,42.90
2010-04-18,104.037,42.90
2010-04-19,105.519,43.52
2010-04-20,106.158,43.79
2010-04-21,106.668,44.00
2010-04-22,105.636,43.57
2010-04-23,105.746,43.61
2010-04-24,105.746,43.61
2010-04-25,105.746,43.61
2010-04-26,105.987,43.71
2010-04-27,104.312,43.01
2010-04-28,104.216,42.97
2010-04-29,104.435,43.06
2010-04-30,104.783,43.20
2010-05-01,104.783,43.20
2010-05-02,104.783,43.20
2010-05-03,105.058,43.32
2010-05-04,103.056,42.48
2010-05-05,103.184,42.53
2010-05-06,99.673,41.06
2010-05-07,100.412,41.37
2010-05-08,100.412,41.37
2010-05-09,100.412,41.37
2010-05-10,101.375,41.77
2010-05-11,101.28,41.73
2010-05-12,102.72,42.33
2010-05-13,102.956,42.43
2010-05-14,101.191,41.69
2010-05-15,101.191,41.69
2010-05-16,101.191,41.69
2010-05-17,100.475,41.39
2010-05-18,102.999,42.44
2010-05-19,103.189,42.52
2010-05-20,102.496,42.23
2010-05-21,104.252,42.96
2010-05-22,104.252,42.96
2010-05-23,104.252,42.96
2010-05-24,103.093,42.48
2010-05-25,103.264,42.55
2010-05-26,103.633,42.70
2010-05-27,102.94,42.41
2010-05-28,100.98,41.59
2010-05-29,100.98,41.59
2010-05-30,100.98,41.59
2010-05-31,100.98,41.59
2010-06-01,101.585,41.84
2010-06-02,100.148,41.24
2010-06-03,100.207,41.26
2010-06-04,100.038,41.19
2010-06-05,100.038,41.19
2010-06-06,100.038,41.19
2010-06-07,99.592,41.00
2010-06-08,101.106,41.63
2010-06-09,102.909,42.39
2010-06-10,104.519,43.06
2010-06-11,107.292,44.22
2010-06-12,107.292,44.22
2010-06-13,107.292,44.21
2010-06-14,109.448,45.12
2010-06-15,111.961,46.16
2010-06-16,112.065,46.21
2010-06-17,110.621,45.60
2010-06-18,111.322,45.89
2010-06-19,111.322,45.89
2010-06-20,111.322,45.89
2010-06-21,112.03,46.19
2010-06-22,111.965,46.16
2010-06-23,111.221,45.85
2010-06-24,114.614,47.26
2010-06-25,115.09,47.46
2010-06-26,115.09,47.46
2010-06-27,115.09,47.46
2010-06-28,113.66,46.86
2010-06-29,111.095,45.79
2010-06-30,112.451,46.35
2010-07-01,113.584,46.83
2010-07-02,112.698,46.46
2010-07-03,112.698,46.46
2010-07-04,112.698,46.45
2010-07-05,112.698,46.45
2010-07-06,110.128,45.38
2010-07-07,112.5,46.37
2010-07-08,112.006,46.16
2010-07-09,112.164,46.23
2010-07-10,112.164,46.23
2010-07-11,112.164,46.22
2010-07-12,112.37,46.31
2010-07-13,113.516,46.79
2010-07-14,112.353,46.30
2010-07-15,113.793,46.90
2010-07-16,113.521,46.79
2010-07-17,113.521,46.79
2010-07-18,113.521,46.78
2010-07-19,113.249,46.67
2010-07-20,110.822,45.65
2010-07-21,111.194,45.81
2010-07-22,114.303,47.11
2010-07-23,115.817,47.74
2010-07-24,115.817,47.74
2010-07-25,115.817,47.74
2010-07-26,116.843,48.17
2010-07-27,116.039,47.83
2010-07-28,117.734,48.54
2010-07-29,120.794,49.81
2010-07-30,122.738,50.63
2010-07-31,122.738,50.62
2010-08-01,122.738,50.62
2010-08-02,121.569,50.13
2010-08-03,118.624,48.90
2010-08-04,119.906,49.44
2010-08-05,119.191,49.14
2010-08-06,118.446,48.82
2010-08-07,118.446,48.82
2010-08-08,118.446,48.82
2010-08-09,118.317,48.77
2010-08-10,120.115,49.52
2010-08-11,119.799,49.38
2010-08-12,123.77,51.04
2010-08-13,124.844,51.49
2010-08-14,124.844,51.49
2010-08-15,124.844,51.49
2010-08-16,124.999,51.55
2010-08-17,124.841,51.49
2010-08-18,124.801,51.47
2010-08-19,125.606,51.80
2010-08-20,127.703,52.68
2010-08-21,127.703,52.68
2010-08-22,127.703,52.68
2010-08-23,127.616,52.64
2010-08-24,123.848,51.06
2010-08-25,122.907,50.67
2010-08-26,123.931,51.10
2010-08-27,127.012,52.38
2010-08-28,127.012,52.38
2010-08-29,127.012,52.38
2010-08-30,127.685,52.66
2010-08-31,126.593,52.20
2010-09-01,129.582,53.45
2010-09-02,131.828,54.39
2010-09-03,132.08,54.49
2010-09-04,132.08,54.49
2010-09-05,132.08,54.49
2010-09-06,132.08,54.49
2010-09-07,135.93,56.10
2010-09-08,136.203,56.21
2010-09-09,136.65,56.40
2010-09-10,137.296,56.67
2010-09-11,137.296,56.66
2010-09-12,137.296,56.66
2010-09-13,139.043,57.39
2010-09-14,143.267,59.16
2010-09-15,141.336,58.35
2010-09-16,142.493,58.83
2010-09-17,142.885,58.99
2010-09-18,142.885,58.99
2010-09-19,142.885,58.99
2010-09-20,140.893,58.16
2010-09-21,141.298,58.33
2010-09-22,140.594,58.03
2010-09-23,140.727,58.08
2010-09-24,143.032,59.05
2010-09-25,143.032,59.05
2010-09-26,143.032,59.04
2010-09-27,146.38,60.44
2010-09-28,149.552,61.77
2010-09-29,146.118,60.33
2010-09-30,143.1,59.07
2010-10-01,140.506,57.98
2010-10-02,140.506,57.98
2010-10-03,140.506,57.98
2010-10-04,137.172,56.58
2010-10-05,140.173,57.84
2010-10-06,139.935,57.74
2010-10-07,143.947,59.41
2010-10-08,150.17,62.01
2010-10-09,150.17,62.01
2010-10-10,150.17,62.01
2010-10-11,151.111,62.40
2010-10-12,154.316,63.74
2010-10-13,155.134,64.08
2010-10-14,158.178,65.35
2010-10-15,153.988,63.60
2010-10-16,153.988,63.60
2010-10-17,153.988,63.60
2010-10-18,156.259,64.55
2010-10-19,157.735,65.16
2010-10-20,162.182,67.02
2010-10-21,163.342,67.50
2010-10-22,164.306,67.90
2010-10-23,164.306,67.90
2010-10-24,164.306,67.90
2010-10-25,167.595,69.27
2010-10-26,169.285,69.98
2010-10-27,167.176,69.10
2010-10-28,165.384,68.35
2010-10-29,169.82,70.20
2010-10-30,169.82,70.20
2010-10-31,169.82,70.20
2010-11-01,170.492,70.48
2010-11-02,174.471,72.14
2010-11-03,174.118,71.99
2010-11-04,181.931,75.25
2010-11-05,182.727,75.58
2010-11-06,182.727,75.58
2010-11-07,182.727,75.58
2010-11-08,185.683,76.81
2010-11-09,192.846,79.81
2010-11-10,188.266,77.89
2010-11-11,180.447,74.62
2010-11-12,170.22,70.34
2010-11-13,170.22,70.34
2010-11-14,170.22,70.34
2010-11-15,172.856,71.44
2010-11-16,167.215,69.08
2010-11-17,165.87,68.52
2010-11-18,173.709,71.79
2010-11-19,167.415,69.16
2010-11-20,167.415,69.16
2010-11-21,167.415,69.16
2010-11-22,164.288,67.85
2010-11-23,163.994,67.73
2010-11-24,166.358,68.71
2010-11-25,166.358,68.71
2010-11-26,163.19,67.39
2010-11-27,163.19,67.38
2010-11-28,163.19,67.38
2010-11-29,165.208,68.23
2010-11-30,164.101,67.76
2010-12-01,168.109,69.43
2010-12-02,170.616,70.48
2010-12-03,175.572,72.55
2010-12-04,175.572,72.55
2010-12-05,175.572,72.55
2010-12-06,175.101,72.35
2010-12-07,173.704,71.76
2010-12-08,174.441,72.07
2010-12-09,175.795,72.64
2010-12-10,178.547,73.78
2010-12-11,178.547,73.78
2010-12-12,178.547,73.78
2010-12-13,185.213,76.57
2010-12-14,187.094,77.35
2010-12-15,186.825,77.24
2010-12-16,188.19,77.81
2010-12-17,195.344,80.80
2010-12-18,195.344,80.79
2010-12-19,195.344,80.79
2010-12-20,197.808,81.82
2010-12-21,203.047,84.01
2010-12-22,199.803,82.65
2010-12-23,200.247,82.83
2010-12-24,200.247,82.83
2010-12-25,200.247,82.83
2010-12-26,200.247,82.83
2010-12-27,199.034,82.32
2010-12-28,200.257,82.83
2010-12-29,197.567,81.70
2010-12-30,191.633,79.22
2010-12-31,196.873,81.41
2011-01-01,196.873,81.41
2011-01-02,196.873,81.41
2011-01-03,195.665,80.90
2011-01-04,192.745,79.68
2011-01-05,194.906,80.58
2011-01-06,189.634,78.37
2011-01-07,190.898,78.90
2011-01-08,190.898,78.90
2011-01-09,190.898,78.90
2011-01-10,192.641,79.62
2011-01-11,197.422,81.62
2011-01-12,197.685,81.73
2011-01-13,195.42,80.78
2011-01-14,190.673,78.80
2011-01-15,190.673,78.79
2011-01-16,190.673,78.79
2011-01-17,190.673,78.79
2011-01-18,192.872,79.71
2011-01-19,193.544,79.99
2011-01-20,195.112,80.64
2011-01-21,201.387,83.26
2011-01-22,201.387,83.26
2011-01-23,201.387,83.26
2011-01-24,202.304,83.64
2011-01-25,199.498,82.47
2011-01-26,206.267,85.29
2011-01-27,209.854,86.79
2011-01-28,209.592,86.68
2011-01-29,209.592,86.68
2011-01-30,209.592,86.68
2011-01-31,210.908,87.23
2011-02-01,213.337,88.24
2011-02-02,218.618,90.44
2011-02-03,208.516,86.22
2011-02-04,208.238,86.10
2011-02-05,208.238,86.10
2011-02-06,208.238,86.10
2011-02-07,210.77,87.15
2011-02-08,206.541,85.39
2011-02-09,210.692,87.12
2011-02-10,215.054,88.94
2011-02-11,212.572,87.90
2011-02-12,212.572,87.90
2011-02-13,212.572,87.90
2011-02-14,211.712,87.54
2011-02-15,211.718,87.54
2011-02-16,217.142,89.80
2011-02-17,220.49,91.20
2011-02-18,217.831,90.09
2011-02-19,217.831,90.08
2011-02-20,217.831,90.08
2011-02-21,217.831,90.08
2011-02-22,215.57,89.13
2011-02-23,210.176,86.88
2011-02-24,207.759,85.86
2011-02-25,213.581,88.30
2011-02-26,213.581,88.29
2011-02-27,213.581,88.29
2011-02-28,219.041,90.57
2011-03-01,218.749,90.45
2011-03-02,224.415,92.82
2011-03-03,228.142,94.37
2011-03-04,228.176,94.38
2011-03-05,228.176,94.38
2011-03-06,228.176,94.38
2011-03-07,231.125,95.61
2011-03-08,232.136,96.03
2011-03-09,232.336,96.11
2011-03-10,222.732,92.10
2011-03-11,222.994,92.20
2011-03-12,222.994,92.20
2011-03-13,222.994,92.20
2011-03-14,217.253,89.80
2011-03-15,206.19,85.17
2011-03-16,205.279,84.79
2011-03-17,211.657,87.45
2011-03-18,218.194,90.19
2011-03-19,218.194,90.18
2011-03-20,218.194,90.18
2011-03-21,217.705,89.98
2011-03-22,218.412,90.27
2011-03-23,214.11,88.47
2011-03-24,218.288,90.21
2011-03-25,218.593,90.34
2011-03-26,218.593,90.34
2011-03-27,218.593,90.34
2011-03-28,212.668,87.86
2011-03-29,211.018,87.16
2011-03-30,211.966,87.56
2011-03-31,213.865,88.35
2011-04-01,212.027,87.58
2011-04-02,212.027,87.58
2011-04-03,212.027,87.58
2011-04-04,212.6,87.82
2011-04-05,216.428,89.41
2011-04-06,215.808,89.15
2011-04-07,217.232,89.75
2011-04-08,213.849,88.33
2011-04-09,213.849,88.33
2011-04-10,213.849,88.33
2011-04-11,214.86,88.75
2011-04-12,211.479,87.33
2011-04-13,209.554,86.53
2011-04-14,207.267,85.57
2011-04-15,208.357,86.02
2011-04-16,208.357,86.02
2011-04-17,208.357,86.02
2011-04-18,207.146,85.51
2011-04-19,205.878,84.98
2011-04-20,208.348,86.01
2011-04-21,207.996,85.86
2011-04-22,207.996,85.86
2011-04-23,207.996,85.86
2011-04-24,207.996,85.85
2011-04-25,205.445,84.79
2011-04-26,204.22,84.27
2011-04-27,200.855,82.86
2011-04-28,199.796,82.42
2011-04-29,201.439,83.10
2011-04-30,201.439,83.10
2011-05-01,201.439,83.10
2011-05-02,200.415,82.67
2011-05-03,202.341,83.47
2011-05-04,195.038,80.42
2011-05-05,190.263,78.42
2011-05-06,188.478,77.67
2011-05-07,188.478,77.67
2011-05-08,188.478,77.67
2011-05-09,189.787,78.22
2011-05-10,193.351,79.71
2011-05-11,187.781,77.38
2011-05-12,187.157,77.11
2011-05-13,186.351,76.77
2011-05-14,186.351,76.77
2011-05-15,186.351,76.77
2011-05-16,188.09,77.50
2011-05-17,190.515,78.51
2011-05-18,195.982,80.79
2011-05-19,189.792,78.20
2011-05-20,190.27,78.40
2011-05-21,190.27,78.40
2011-05-22,190.27,78.40
2011-05-23,187.948,77.43
2011-05-24,188.737,77.75
2011-05-25,192.592,79.36
2011-05-26,191.085,78.73
2011-05-27,192.051,79.13
2011-05-28,192.051,79.13
2011-05-29,192.051,79.13
2011-05-30,192.051,79.13
2011-05-31,195.054,80.38
2011-06-01,191.554,78.92
2011-06-02,197.206,81.28
2011-06-03,200.036,82.46
2011-06-04,200.036,82.46
2011-06-05,200.036,82.46
2011-06-06,194.027,79.94
2011-06-07,194.281,80.05
2011-06-08,194.757,80.25
2011-06-09,197.27,81.29
2011-06-10,198.597,81.85
2011-06-11,198.597,81.85
2011-06-12,198.597,81.84
2011-06-13,198.232,81.69
2011-06-14,198.356,81.74
2011-06-15,194.035,79.93
2011-06-16,192.91,79.46
2011-06-17,193.261,79.60
2011-06-18,193.261,79.60
2011-06-19,193.261,79.60
2011-06-20,194.156,79.97
2011-06-21,194.458,80.10
2011-06-22,192.489,79.27
2011-06-23,192.627,79.33
2011-06-24,193.855,79.84
2011-06-25,193.855,79.84
2011-06-26,193.855,79.84
2011-06-27,193.764,79.80
2011-06-28,199.228,82.08
2011-06-29,199.219,82.08
2011-06-30,197.747,81.46
2011-07-01,199.635,82.25
2011-07-02,199.635,82.24
2011-07-03,199.635,82.24
2011-07-04,199.635,82.24
2011-07-05,201.439,82.99
2011-07-06,200.291,82.51
2011-07-07,206.143,84.96
2011-07-08,204.344,84.20
2011-07-09,204.344,84.20
2011-07-10,204.344,84.20
2011-07-11,199.928,82.35
2011-07-12,202.568,83.45
2011-07-13,205.069,84.50
2011-07-14,198.331,81.68
2011-07-15,194.931,80.26
2011-07-16,194.931,80.25
2011-07-17,194.931,80.25
2011-07-18,192.359,79.17
2011-07-19,192.224,79.12
2011-07-20,192.485,79.22
2011-07-21,193.737,79.75
2011-07-22,198.397,81.69
2011-07-23,198.397,81.69
2011-07-24,198.397,81.69
2011-07-25,196.26,80.79
2011-07-26,198.967,81.92
2011-07-27,199.603,82.19
2011-07-28,194.876,80.21
2011-07-29,194.486,80.05
2011-07-30,194.486,80.04
2011-07-31,194.486,80.04
2011-08-01,193.732,79.73
2011-08-02,192.51,79.21
2011-08-03,189.707,78.04
2011-08-04,188.635,77.59
2011-08-05,187.191,76.98
2011-08-06,187.191,76.98
2011-08-07,187.191,76.98
2011-08-08,182.977,75.22
2011-08-09,183.913,75.61
2011-08-10,185.057,76.08
2011-08-11,187.516,77.11
2011-08-12,188.281,77.43
2011-08-13,188.281,77.43
2011-08-14,188.281,77.43
2011-08-15,190.079,78.18
2011-08-16,193.209,79.48
2011-08-17,202.283,83.27
2011-08-18,201.285,82.86
2011-08-19,206.884,85.19
2011-08-20,206.884,85.19
2011-08-21,206.884,85.19
2011-08-22,206.056,84.84
2011-08-23,206.571,85.06
2011-08-24,205.158,84.46
2011-08-25,203.321,83.69
2011-08-26,206.512,85.03
2011-08-27,206.512,85.02
2011-08-28,206.512,85.02
2011-08-29,207.198,85.31
2011-08-30,207.201,85.31
2011-08-31,207.954,85.62
2011-09-01,208.085,85.67
2011-09-02,206.441,84.98
2011-09-03,206.441,84.98
2011-09-04,206.441,84.98
2011-09-05,206.441,84.98
2011-09-06,202.018,83.13
2011-09-07,204.882,84.32
2011-09-08,206.988,85.20
2011-09-09,203.114,83.58
2011-09-10,203.114,83.58
2011-09-11,203.114,83.58
2011-09-12,205.123,84.42
2011-09-13,204.632,84.21
2011-09-14,204.173,84.01
2011-09-15,202.114,83.15
2011-09-16,195.959,80.58
2011-09-17,195.959,80.58
2011-09-18,195.959,80.57
2011-09-19,195.679,80.46
2011-09-20,195.362,80.32
2011-09-21,189.373,77.82
2011-09-22,181.097,74.35
2011-09-23,177.614,72.90
2011-09-24,177.614,72.90
2011-09-25,177.614,72.89
2011-09-26,178.701,73.35
2011-09-27,181.546,74.53
2011-09-28,178.035,73.07
2011-09-29,183.202,75.22
2011-09-30,180.017,73.89
2011-10-01,180.017,73.89
2011-10-02,180.017,73.89
2011-10-03,176.774,72.53
2011-10-04,178.195,73.12
2011-10-05,179.019,73.47
2011-10-06,180.572,74.11
2011-10-07,179.052,73.48
2011-10-08,179.052,73.48
2011-10-09,179.052,73.47
2011-10-10,183.533,75.35
2011-10-11,181.74,74.59
2011-10-12,182.485,74.90
2011-10-13,187.922,77.18
2011-10-14,191.702,78.75
2011-10-15,191.702,78.75
2011-10-16,191.702,78.75
2011-10-17,189.108,77.66
2011-10-18,188.521,77.42
2011-10-19,186.966,76.77
2011-10-20,184.073,75.56
2011-10-21,186.882,76.73
2011-10-22,186.882,76.73
2011-10-23,186.882,76.72
2011-10-24,190.758,78.34
2011-10-25,186.972,76.76
2011-10-26,184.633,75.78
2011-10-27,188,77.19
2011-10-28,186.015,76.35
2011-10-29,186.015,76.35
2011-10-30,186.015,76.35
2011-10-31,181.756,74.57
2011-11-01,178.451,73.19
2011-11-02,178.322,73.13
2011-11-03,179.718,73.71
2011-11-04,180.667,74.11
2011-11-05,180.667,74.11
2011-11-06,180.667,74.10
2011-11-07,179.915,73.79
2011-11-08,181.076,74.27
2011-11-09,179.396,73.57
2011-11-10,180.226,73.91
2011-11-11,179.851,73.76
2011-11-12,179.851,73.75
2011-11-13,179.851,73.75
2011-11-14,177.665,72.84
2011-11-15,181.783,74.56
2011-11-16,179.836,73.74
2011-11-17,176.005,72.14
2011-11-18,175.307,71.85
2011-11-19,175.307,71.84
2011-11-20,175.307,71.84
2011-11-21,174.041,71.31
2011-11-22,172.323,70.59
2011-11-23,170.765,69.94
2011-11-24,170.765,69.94
2011-11-25,169.382,69.36
2011-11-26,169.382,69.36
2011-11-27,169.382,69.36
2011-11-28,168.914,69.16
2011-11-29,170.51,69.82
2011-11-30,172.999,70.86
2011-12-01,172.515,70.66
2011-12-02,170.591,69.85
2011-12-03,170.591,69.85
2011-12-04,170.591,69.85
2011-12-05,174.551,71.50
2011-12-06,175.292,71.81
2011-12-07,169.648,69.45
2011-12-08,172.48,70.63
2011-12-09,169.39,69.34
2011-12-10,169.39,69.34
2011-12-11,169.39,69.34
2011-12-12,165.92,67.89
2011-12-13,166.96,68.32
2011-12-14,162.794,66.58
2011-12-15,163.029,66.67
2011-12-16,163.29,66.78
2011-12-17,163.29,66.78
2011-12-18,163.29,66.78
2011-12-19,164.842,67.43
2011-12-20,166.872,68.27
2011-12-21,165.566,67.73
2011-12-22,166.502,68.12
2011-12-23,166.469,68.10
2011-12-24,166.469,68.10
2011-12-25,166.469,68.10
2011-12-26,166.469,68.10
2011-12-27,167.681,68.60
2011-12-28,168.393,68.90
2011-12-29,169.218,69.24
2011-12-30,169.372,69.30
2011-12-31,169.372,69.30
2012-01-01,169.372,69.30
2012-01-02,169.372,69.30
2012-01-03,174.689,71.52
2012-01-04,174.325,71.37
2012-01-05,167.973,68.71
2012-01-06,169.505,69.35
2012-01-07,169.505,69.35
2012-01-08,169.505,69.35
2012-01-09,169.911,69.51
2012-01-10,171.154,70.03
2012-01-11,174.597,71.47
2012-01-12,172.517,70.60
2012-01-13,172.171,70.45
2012-01-14,172.171,70.45
2012-01-15,172.171,70.45
2012-01-16,172.171,70.45
2012-01-17,173.369,70.95
2012-01-18,173.478,70.99
2012-01-19,176.181,72.12
2012-01-20,176.989,72.46
2012-01-21,176.989,72.45
2012-01-22,176.989,72.45
2012-01-23,176.141,72.10
2012-01-24,175.641,71.89
2012-01-25,173.089,70.82
2012-01-26,173.838,71.13
2012-01-27,171.582,70.19
2012-01-28,171.582,70.18
2012-01-29,171.582,70.18
2012-01-30,169.601,69.35
2012-01-31,168.162,68.75
2012-02-01,167.833,68.61
2012-02-02,168.175,68.75
2012-02-03,170.675,69.80
2012-02-04,170.675,69.79
2012-02-05,170.675,69.79
2012-02-06,173.177,70.84
2012-02-07,172.618,70.60
2012-02-08,172.25,70.45
2012-02-09,170.061,69.53
2012-02-10,170.322,69.64
2012-02-11,170.322,69.64
2012-02-12,170.322,69.64
2012-02-13,169.843,69.43
2012-02-14,166.596,68.07
2012-02-15,166.643,68.09
2012-02-16,166.951,68.22
2012-02-17,166.904,68.20
2012-02-18,166.904,68.20
2012-02-19,166.904,68.20
2012-02-20,166.904,68.20
2012-02-21,170.248,69.59
2012-02-22,168.996,69.07
2012-02-23,168.985,69.06
2012-02-24,170.944,69.88
2012-02-25,170.944,69.88
2012-02-26,170.944,69.88
2012-02-27,172.502,70.53
2012-02-28,172.84,70.66
2012-02-29,170.29,69.60
2012-03-01,169.632,69.32
2012-03-02,168.831,68.98
2012-03-03,168.831,68.98
2012-03-04,168.831,68.98
2012-03-05,169.596,69.30
2012-03-06,165.095,67.42
2012-03-07,163.044,66.56
2012-03-08,163.128,66.59
2012-03-09,161.043,65.72
2012-03-10,161.043,65.72
2012-03-11,161.043,65.72
2012-03-12,160.744,65.59
2012-03-13,162.266,66.22
2012-03-14,162.301,66.24
2012-03-15,166.311,67.91
2012-03-16,165.369,67.52
2012-03-17,165.369,67.52
2012-03-18,165.369,67.51
2012-03-19,167.161,68.26
2012-03-20,166.513,67.99
2012-03-21,166.022,67.78
2012-03-22,166.644,68.04
2012-03-23,166.166,67.84
2012-03-24,166.166,67.84
2012-03-25,166.166,67.84
2012-03-26,163.907,66.89
2012-03-27,165.075,67.38
2012-03-28,164.284,67.05
2012-03-29,163.879,66.88
2012-03-30,165.667,67.62
2012-03-31,165.667,67.62
2012-04-01,165.667,67.62
2012-04-02,165.96,67.74
2012-04-03,164.456,67.11
2012-04-04,163.453,66.69
2012-04-05,163.232,66.60
2012-04-06,163.232,66.59
2012-04-07,163.232,66.59
2012-04-08,163.232,66.59
2012-04-09,161.958,66.06
2012-04-10,160.179,65.31
2012-04-11,161.425,65.83
2012-04-12,163.51,66.70
2012-04-13,159.959,65.22
2012-04-14,159.959,65.22
2012-04-15,159.959,65.21
2012-04-16,156.132,63.61
2012-04-17,157.168,64.04
2012-04-18,156.123,63.61
2012-04-19,155.776,63.46
2012-04-20,155.961,63.54
2012-04-21,155.961,63.53
2012-04-22,155.961,63.53
2012-04-23,156.57,63.79
2012-04-24,157.466,64.16
2012-04-25,156.182,63.62
2012-04-26,154.678,62.99
2012-04-27,154.317,62.84
2012-04-28,154.317,62.84
2012-04-29,154.317,62.84
2012-04-30,153.955,62.68
2012-05-01,154.621,62.96
2012-05-02,152.856,62.22
2012-05-03,151.376,61.60
2012-05-04,151.092,61.48
2012-05-05,151.092,61.48
2012-05-06,151.092,61.48
2012-05-07,151.474,61.64
2012-05-08,148.903,60.56
2012-05-09,148.804,60.52
2012-05-10,148.168,60.25
2012-05-11,145.783,59.25
2012-05-12,145.783,59.25
2012-05-13,145.783,59.25
2012-05-14,146.082,59.37
2012-05-15,146.779,59.66
2012-05-16,146.84,59.69
2012-05-17,147.65,60.03
2012-05-18,146.688,59.62
2012-05-19,146.688,59.62
2012-05-20,146.688,59.62
2012-05-21,145.208,59.00
2012-05-22,141.782,57.57
2012-05-23,137.643,55.84
2012-05-24,138.941,56.38
2012-05-25,139.155,56.47
2012-05-26,139.155,56.46
2012-05-27,139.155,56.46
2012-05-28,139.155,56.46
2012-05-29,137.912,55.94
2012-05-30,136.675,55.42
2012-05-31,135.842,55.07
2012-06-01,132.67,53.75
2012-06-02,132.67,53.75
2012-06-03,132.67,53.74
2012-06-04,132.234,53.56
2012-06-05,131.512,53.26
2012-06-06,135.587,54.96
2012-06-07,137.043,55.57
2012-06-08,137.081,55.58
2012-06-09,137.081,55.58
2012-06-10,137.081,55.58
2012-06-11,138.693,56.25
2012-06-12,137.876,55.91
2012-06-13,136.957,55.52
2012-06-14,135.68,54.99
2012-06-15,137.819,55.88
2012-06-16,137.819,55.88
2012-06-17,137.819,55.88
2012-06-18,138.001,55.95
2012-06-19,143.694,58.33
2012-06-20,141.968,57.61
2012-06-21,140.71,57.08
2012-06-22,137.048,55.55
2012-06-23,137.048,55.55
2012-06-24,137.048,55.55
2012-06-25,138.784,56.27
2012-06-26,140.722,57.08
2012-06-27,142.867,57.98
2012-06-28,141.668,57.48
2012-06-29,146.015,59.29
2012-06-30,146.015,59.29
2012-07-01,146.015,59.29
2012-07-02,148.626,60.38
2012-07-03,152.321,61.92
2012-07-04,152.321,61.92
2012-07-05,151.194,61.45
2012-07-06,151.383,61.53
2012-07-07,151.383,61.53
2012-07-08,151.383,61.52
2012-07-09,154.418,62.79
2012-07-10,154.241,62.72
2012-07-11,155.764,63.35
2012-07-12,153.183,62.27
2012-07-13,156.324,63.58
2012-07-14,156.324,63.58
2012-07-15,156.324,63.58
2012-07-16,156.216,63.53
2012-07-17,154.767,62.93
2012-07-18,155.782,63.35
2012-07-19,158.803,64.61
2012-07-20,160.749,65.42
2012-07-21,160.749,65.42
2012-07-22,160.749,65.42
2012-07-23,159.858,65.05
2012-07-24,155.585,63.26
2012-07-25,155.395,63.18
2012-07-26,151.999,61.76
2012-07-27,152.008,61.76
2012-07-28,152.008,61.76
2012-07-29,152.008,61.76
2012-07-30,153.978,62.58
2012-07-31,152.546,61.98
2012-08-01,151.975,61.74
2012-08-02,149.642,60.76
2012-08-03,151.355,61.48
2012-08-04,151.355,61.48
2012-08-05,151.355,61.48
2012-08-06,151.983,61.74
2012-08-07,149.729,60.79
2012-08-08,148.335,60.21
2012-08-09,146.359,59.38
2012-08-10,144.807,58.73
2012-08-11,144.807,58.73
2012-08-12,144.807,58.73
2012-08-13,142.463,57.75
2012-08-14,142.143,57.61
2012-08-15,142.234,57.65
2012-08-16,140.752,57.03
2012-08-17,141.513,57.35
2012-08-18,141.513,57.34
2012-08-19,141.513,57.34
2012-08-20,143.616,58.22
2012-08-21,142.161,57.61
2012-08-22,142.046,57.56
2012-08-23,140.713,57.00
2012-08-24,140.235,56.80
2012-08-25,140.235,56.80
2012-08-26,140.235,56.80
2012-08-27,141.672,57.40
2012-08-28,143.539,58.18
2012-08-29,142.41,57.71
2012-08-30,141.706,57.41
2012-08-31,142.282,57.65
2012-09-01,142.282,57.65
2012-09-02,142.282,57.65
2012-09-03,142.282,57.65
2012-09-04,140.216,56.78
2012-09-05,137.787,55.77
2012-09-06,137.002,55.44
2012-09-07,140.075,56.72
2012-09-08,140.075,56.72
2012-09-09,140.075,56.72
2012-09-10,142.557,57.75
2012-09-11,143.272,58.05
2012-09-12,143.468,58.13
2012-09-13,143.912,58.32
2012-09-14,146.545,59.42
2012-09-15,146.545,59.41
2012-09-16,146.545,59.41
2012-09-17,145.015,58.77
2012-09-18,143.645,58.20
2012-09-19,141.52,57.31
2012-09-20,140.341,56.81
2012-09-21,141.159,57.16
2012-09-22,141.159,57.15
2012-09-23,141.159,57.15
2012-09-24,141.265,57.20
2012-09-25,143.03,57.93
2012-09-26,140.303,56.79
2012-09-27,141.731,57.39
2012-09-28,141.256,57.19
2012-09-29,141.256,57.19
2012-09-30,141.256,57.18
2012-10-01,144.983,58.74
2012-10-02,148.165,60.07
2012-10-03,147.638,59.85
2012-10-04,146.225,59.26
2012-10-05,144.084,58.36
2012-10-06,144.084,58.36
2012-10-07,144.084,58.36
2012-10-08,144.049,58.34
2012-10-09,143.326,58.04
2012-10-10,142.286,57.60
2012-10-11,138.307,55.94
2012-10-12,137.475,55.59
2012-10-13,137.475,55.59
2012-10-14,137.475,55.59
2012-10-15,137.025,55.40
2012-10-16,139.667,56.50
2012-10-17,140.455,56.83
2012-10-18,138.619,56.06
2012-10-19,140.47,56.83
2012-10-20,140.47,56.83
2012-10-21,140.47,56.83
2012-10-22,140.61,56.89
2012-10-23,137.194,55.46
2012-10-24,136.346,55.10
2012-10-25,136.159,55.02
2012-10-26,134.634,54.39
2012-10-27,134.634,54.38
2012-10-28,134.634,54.38
2012-10-29,134.634,54.38
2012-10-30,134.634,54.38
2012-10-31,133.235,53.79
2012-11-01,132.738,53.59
2012-11-02,133.337,53.84
2012-11-03,133.337,53.83
2012-11-04,133.337,53.83
2012-11-05,132.038,53.29
2012-11-06,132.71,53.57
2012-11-07,130.586,52.68
2012-11-08,130.044,52.45
2012-11-09,130.539,52.66
2012-11-10,130.539,52.66
2012-11-11,130.539,52.66
2012-11-12,132.644,53.53
2012-11-13,130.735,52.73
2012-11-14,131.007,52.85
2012-11-15,131.062,52.87
2012-11-16,131.242,52.94
2012-11-17,131.242,52.94
2012-11-18,131.242,52.94
2012-11-19,134.789,54.42
2012-11-20,133.659,53.95
2012-11-21,133.107,53.72
2012-11-22,133.107,53.72
2012-11-23,130.285,52.54
2012-11-24,130.285,52.53
2012-11-25,130.285,52.53
2012-11-26,130.377,52.57
2012-11-27,130.66,52.69
2012-11-28,131.836,53.18
2012-11-29,133.114,53.71
2012-11-30,131.97,53.23
2012-12-01,131.97,53.23
2012-12-02,131.97,53.23
2012-12-03,133.387,53.82
2012-12-04,131.336,52.96
2012-12-05,132.004,53.24
2012-12-06,131.967,53.22
2012-12-07,132.265,53.35
2012-12-08,132.265,53.35
2012-12-09,132.265,53.35
2012-12-10,128.967,51.97
2012-12-11,130.608,52.65
2012-12-12,128.856,51.92
2012-12-13,127.924,51.53
2012-12-14,129.606,52.23
2012-12-15,129.606,52.23
2012-12-16,129.606,52.23
2012-12-17,131.931,53.20
2012-12-18,131.442,52.99
2012-12-19,131.099,52.85
2012-12-20,130.674,52.67
2012-12-21,131.697,53.09
2012-12-22,131.697,53.09
2012-12-23,131.697,53.09
2012-12-24,131.123,52.85
2012-12-25,131.123,52.85
2012-12-26,131.817,53.14
2012-12-27,132.6,53.46
2012-12-28,131.67,53.07
2012-12-29,131.67,53.07
2012-12-30,131.67,53.07
2012-12-31,131.447,52.98
2013-01-01,131.447,52.98
2013-01-02,133.478,53.83
2013-01-03,130.838,52.72
2013-01-04,130.065,52.40
2013-01-05,130.065,52.40
2013-01-06,130.065,52.39
2013-01-07,131.111,52.83
2013-01-08,129.689,52.23
2013-01-09,129.657,52.22
2013-01-10,131.06,52.81
2013-01-11,132.869,53.56
2013-01-12,132.869,53.56
2013-01-13,132.869,53.56
2013-01-14,131.918,53.16
2013-01-15,131.034,52.79
2013-01-16,131.022,52.78
2013-01-17,131.75,53.09
2013-01-18,132.085,53.22
2013-01-19,132.085,53.22
2013-01-20,132.085,53.22
2013-01-21,132.085,53.22
2013-01-22,129.748,52.24
2013-01-23,131.697,53.06
2013-01-24,131.562,53.00
2013-01-25,130.76,52.66
2013-01-26,130.76,52.66
2013-01-27,130.76,52.66
2013-01-28,132.313,53.31
2013-01-29,131.862,53.12
2013-01-30,132.627,53.44
2013-01-31,132.659,53.45
2013-02-01,133.301,53.72
2013-02-02,133.301,53.72
2013-02-03,133.301,53.71
2013-02-04,131.352,52.90
2013-02-05,130.62,52.59
2013-02-06,128.952,51.89
2013-02-07,128.258,51.60
2013-02-08,128.859,51.85
2013-02-09,128.859,51.85
2013-02-10,128.859,51.85
2013-02-11,129.681,52.19
2013-02-12,128.175,51.56
2013-02-13,127.834,51.42
2013-02-14,126.408,50.82
2013-02-15,126.316,50.78
2013-02-16,126.316,50.78
2013-02-17,126.316,50.78
2013-02-18,126.316,50.78
2013-02-19,126.927,51.03
2013-02-20,128.46,51.67
2013-02-21,127.266,51.17
2013-02-22,128.593,51.73
2013-02-23,128.593,51.72
2013-02-24,128.593,51.72
2013-02-25,127.682,51.34
2013-02-26,127.696,51.35
2013-02-27,128.737,51.78
2013-02-28,130.037,52.32
2013-03-01,128.531,51.69
2013-03-02,128.531,51.69
2013-03-03,128.531,51.69
2013-03-04,130.277,52.42
2013-03-05,129.477,52.08
2013-03-06,129.634,52.15
2013-03-07,131.723,53.02
2013-03-08,132.047,53.15
2013-03-09,132.047,53.15
2013-03-10,132.047,53.15
2013-03-11,132.142,53.19
2013-03-12,132.006,53.13
2013-03-13,131.963,53.11
2013-03-14,132.69,53.42
2013-03-15,132.91,53.51
2013-03-16,132.91,53.51
2013-03-17,132.91,53.50
2013-03-18,129.481,52.07
2013-03-19,129.334,52.01
2013-03-20,128.837,51.80
2013-03-21,128.077,51.48
2013-03-22,128.107,51.49
2013-03-23,128.107,51.49
2013-03-24,128.107,51.49
2013-03-25,127.164,51.09
2013-03-26,127.6,51.28
2013-03-27,127.755,51.34
2013-03-28,127.244,51.12
2013-03-29,127.244,51.12
2013-03-30,127.244,51.12
2013-03-31,127.244,51.12
2013-04-01,127.27,51.13
2013-04-02,126.907,50.98
2013-04-03,127.601,51.27
2013-04-04,127.843,51.37
2013-04-05,127.37,51.17
2013-04-06,127.37,51.17
2013-04-07,127.37,51.17
2013-04-08,125.904,50.55
2013-04-09,125.565,50.41
2013-04-10,126.565,50.83
2013-04-11,126.222,50.68
2013-04-12,126.196,50.67
2013-04-13,126.196,50.67
2013-04-14,126.196,50.67
2013-04-15,124.421,49.92
2013-04-16,125.505,50.38
2013-04-17,125.596,50.41
2013-04-18,125.593,50.41
2013-04-19,127.051,51.02
2013-04-20,127.051,51.02
2013-04-21,127.051,51.02
2013-04-22,126.861,50.94
2013-04-23,124.811,50.08
2013-04-24,123.253,49.43
2013-04-25,123.131,49.37
2013-04-26,122.75,49.21
2013-04-27,122.75,49.21
2013-04-28,122.75,49.21
2013-04-29,123.35,49.46
2013-04-30,124.83,50.08
2013-05-01,122.51,49.11
2013-05-02,125.289,50.27
2013-05-03,125.712,50.44
2013-05-04,125.712,50.44
2013-05-05,125.712,50.44
2013-05-06,127.203,51.06
2013-05-07,126.803,50.90
2013-05-08,126.818,50.90
2013-05-09,127.874,51.34
2013-05-10,126.32,50.69
2013-05-11,126.32,50.69
2013-05-12,126.32,50.69
2013-05-13,125.904,50.51
2013-05-14,125.026,50.15
2013-05-15,123.733,49.60
2013-05-16,123.005,49.30
2013-05-17,122.581,49.12
2013-05-18,122.581,49.12
2013-05-19,122.581,49.12
2013-05-20,121.635,48.72
2013-05-21,120.455,48.23
2013-05-22,118.509,47.41
2013-05-23,118.674,47.48
2013-05-24,118.107,47.24
2013-05-25,118.107,47.24
2013-05-26,118.107,47.24
2013-05-27,118.107,47.24
2013-05-28,117.482,46.98
2013-05-29,117.349,46.92
2013-05-30,116.621,46.62
2013-05-31,116.318,46.49
2013-06-01,116.318,46.49
2013-06-02,116.318,46.49
2013-06-03,117.54,47.00
2013-06-04,117.844,47.12
2013-06-05,117.407,46.94
2013-06-06,118.751,47.50
2013-06-07,117.939,47.16
2013-06-08,117.939,47.16
2013-06-09,117.939,47.16
2013-06-10,118.842,47.53
2013-06-11,118.481,47.38
2013-06-12,117.815,47.10
2013-06-13,118.414,47.35
2013-06-14,119.927,47.98
2013-06-15,119.927,47.98
2013-06-16,119.927,47.98
2013-06-17,120.141,48.07
2013-06-18,118.975,47.58
2013-06-19,119.674,47.87
2013-06-20,115.642,46.19
2013-06-21,116.496,46.54
2013-06-22,116.496,46.54
2013-06-23,116.496,46.54
2013-06-24,116.858,46.69
2013-06-25,118.26,47.27
2013-06-26,117.231,46.84
2013-06-27,117.142,46.81
2013-06-28,116.515,46.54
2013-06-29,116.515,46.54
2013-06-30,116.515,46.54
2013-07-01,116.638,46.59
2013-07-02,116.521,46.54
2013-07-03,115.785,46.23
2013-07-04,115.785,46.23
2013-07-05,114.967,45.89
2013-07-06,114.967,45.89
2013-07-07,114.967,45.89
2013-07-08,115.868,46.26
2013-07-09,115.832,46.25
2013-07-10,115.684,46.18
2013-07-11,114.893,45.85
2013-07-12,113.865,45.42
2013-07-13,113.865,45.42
2013-07-14,113.865,45.42
2013-07-15,115.182,45.97
2013-07-16,115.085,45.93
2013-07-17,115.599,46.14
2013-07-18,116.255,46.41
2013-07-19,115.86,46.25
2013-07-20,115.86,46.25
2013-07-21,115.86,46.25
2013-07-22,116.885,46.67
2013-07-23,116.705,46.60
2013-07-24,114.842,45.82
2013-07-25,116.652,46.57
2013-07-26,115.94,46.27
2013-07-27,115.94,46.27
2013-07-28,115.94,46.27
2013-07-29,116.968,46.70
2013-07-30,116.941,46.69
2013-07-31,116.651,46.57
2013-08-01,115.522,46.09
2013-08-02,115.904,46.25
2013-08-03,115.904,46.25
2013-08-04,115.904,46.25
2013-08-05,115.597,46.12
2013-08-06,115.298,45.99
2013-08-07,117.819,47.05
2013-08-08,118.541,47.35
2013-08-09,119.154,47.60
2013-08-10,119.154,47.60
2013-08-11,119.154,47.60
2013-08-12,120.289,48.08
2013-08-13,120.403,48.12
2013-08-14,120.926,48.34
2013-08-15,120.668,48.23
2013-08-16,120.154,48.01
2013-08-17,120.154,48.01
2013-08-18,120.154,48.01
2013-08-19,118.435,47.29
2013-08-20,115.777,46.18
2013-08-21,113.186,45.10
2013-08-22,113.01,45.02
2013-08-23,113.586,45.26
2013-08-24,113.586,45.26
2013-08-25,113.586,45.26
2013-08-26,114.516,45.65
2013-08-27,113.504,45.22
2013-08-28,113.726,45.32
2013-08-29,113.11,45.06
2013-08-30,112.762,44.91
2013-08-31,112.762,44.91
2013-09-01,112.762,44.91
2013-09-02,112.762,44.91
2013-09-03,113.126,45.06
2013-09-04,112.761,44.91
2013-09-05,113.016,45.01
2013-09-06,114.506,45.63
2013-09-07,114.506,45.63
2013-09-08,114.506,45.63
2013-09-09,115.372,45.99
2013-09-10,115.898,46.21
2013-09-11,116.898,46.63
2013-09-12,117.178,46.74
2013-09-13,116.737,46.56
2013-09-14,116.737,46.56
2013-09-15,116.737,46.56
2013-09-16,115.907,46.21
2013-09-17,114.574,45.65
2013-09-18,115.212,45.92
2013-09-19,115.969,46.23
2013-09-20,115.609,46.08
2013-09-21,115.609,46.08
2013-09-22,115.609,46.08
2013-09-23,116.184,46.32
2013-09-24,116.965,46.64
2013-09-25,117.739,46.97
2013-09-26,117.633,46.92
2013-09-27,116.131,46.29
2013-09-28,116.131,46.29
2013-09-29,116.131,46.29
2013-09-30,117.612,46.91
2013-10-01,118.065,47.10
2013-10-02,118.854,47.42
2013-10-03,119.317,47.62
2013-10-04,118.858,47.42
2013-10-05,118.858,47.42
2013-10-06,118.858,47.42
2013-10-07,118.095,47.10
2013-10-08,118.209,47.15
2013-10-09,117.988,47.06
2013-10-10,118.177,47.13
2013-10-11,119.494,47.68
2013-10-12,119.494,47.68
2013-10-13,119.494,47.68
2013-10-14,120.038,47.91
2013-10-15,118.823,47.40
2013-10-16,119.461,47.66
2013-10-17,119.379,47.63
2013-10-18,120.701,48.18
2013-10-19,120.701,48.18
2013-10-20,120.701,48.18
2013-10-21,119.941,47.86
2013-10-22,119.629,47.73
2013-10-23,118.103,47.09
2013-10-24,116.522,46.43
2013-10-25,116.365,46.36
2013-10-26,116.365,46.36
2013-10-27,116.365,46.36
2013-10-28,115.44,45.97
2013-10-29,113.715,45.25
2013-10-30,113.096,44.99
2013-10-31,112.495,44.74
2013-11-01,112.094,44.57
2013-11-02,112.094,44.57
2013-11-03,112.094,44.57
2013-11-04,111.626,44.37
2013-11-05,111.369,44.26
2013-11-06,110.779,44.01
2013-11-07,111.091,44.14
2013-11-08,111.267,44.22
2013-11-09,111.267,44.21
2013-11-10,111.267,44.21
2013-11-11,110.676,43.97
2013-11-12,111.122,44.15
2013-11-13,110.31,43.81
2013-11-14,109.33,43.40
2013-11-15,110.167,43.75
2013-11-16,110.167,43.75
2013-11-17,110.167,43.75
2013-11-18,110.709,43.97
2013-11-19,110.118,43.73
2013-11-20,110.577,43.92
2013-11-21,110.666,43.95
2013-11-22,108.953,43.24
2013-11-23,108.953,43.23
2013-11-24,108.953,43.23
2013-11-25,109.401,43.42
2013-11-26,109.631,43.52
2013-11-27,108.968,43.24
2013-11-28,108.968,43.24
2013-11-29,109.755,43.56
2013-11-30,109.755,43.56
2013-12-01,109.755,43.56
2013-12-02,108.694,43.12
2013-12-03,108.261,42.94
2013-12-04,107.563,42.64
2013-12-05,106.927,42.38
2013-12-06,107.268,42.52
2013-12-07,107.268,42.52
2013-12-08,107.268,42.52
2013-12-09,107.051,42.42
2013-12-10,108.419,43.00
2013-12-11,108.578,43.06
2013-12-12,108.517,43.03
2013-12-13,109.46,43.43
2013-12-14,109.46,43.43
2013-12-15,109.46,43.43
2013-12-16,109.53,43.45
2013-12-17,108.116,42.86
2013-12-18,108.361,42.96
2013-12-19,108.751,43.13
2013-12-20,110.016,43.65
2013-12-21,110.016,43.65
2013-12-22,110.016,43.65
2013-12-23,109.136,43.28
2013-12-24,109.135,43.28
2013-12-25,109.135,43.28
2013-12-26,109.458,43.41
2013-12-27,110.56,43.87
2013-12-28,110.56,43.87
2013-12-29,110.56,43.87
2013-12-30,110.187,43.72
2013-12-31,109.282,43.34
2014-01-01,109.282,43.34
2014-01-02,108.864,43.16
2014-01-03,109.04,43.23
2014-01-04,109.04,43.23
2014-01-05,109.04,43.23
2014-01-06,110.44,43.81
2014-01-07,109.817,43.55
2014-01-08,109.171,43.28
2014-01-09,107.833,42.72
2014-01-10,108.394,42.96
2014-01-11,108.394,42.95
2014-01-12,108.394,42.95
2014-01-13,108.608,43.04
2014-01-14,108.074,42.82
2014-01-15,106.903,42.33
2014-01-16,108.343,42.93
2014-01-17,107.378,42.52
2014-01-18,107.378,42.52
2014-01-19,107.378,42.52
2014-01-20,107.378,42.52
2014-01-21,107.462,42.56
2014-01-22,106.36,42.09
2014-01-23,106.358,42.09
2014-01-24,106.347,42.09
2014-01-25,106.347,42.09
2014-01-26,106.347,42.09
2014-01-27,104.357,41.25
2014-01-28,105.362,41.67
2014-01-29,105.388,41.68
2014-01-30,107.175,42.43
2014-01-31,110.488,43.81
2014-02-01,110.488,43.81
2014-02-02,110.488,43.81
2014-02-03,113.901,45.24
2014-02-04,115.187,45.77
2014-02-05,117.25,46.63
2014-02-06,114.563,45.51
2014-02-07,114.439,45.46
2014-02-08,114.439,45.46
2014-02-09,114.439,45.45
2014-02-10,114.256,45.38
2014-02-11,114.216,45.36
2014-02-12,116.422,46.28
2014-02-13,115.698,45.98
2014-02-14,115.743,45.99
2014-02-15,115.743,45.99
2014-02-16,115.743,45.99
2014-02-17,115.743,45.99
2014-02-18,121,48.19
2014-02-19,126.615,50.53
2014-02-20,125.149,49.92
2014-02-21,126.63,50.54
2014-02-22,126.63,50.54
2014-02-23,126.63,50.54
2014-02-24,130.805,52.28
2014-02-25,130.278,52.06
2014-02-26,130.388,52.10
2014-02-27,132.548,53.01
2014-02-28,131.259,52.47
2014-03-01,131.259,52.46
2014-03-02,131.259,52.46
2014-03-03,135.618,54.28
2014-03-04,133.466,53.38
2014-03-05,139.583,55.94
2014-03-06,138.794,55.61
2014-03-07,138.01,55.28
2014-03-08,138.01,55.28
2014-03-09,138.01,55.28
2014-03-10,140.579,56.35
2014-03-11,140.571,56.35
2014-03-12,139.397,55.85
2014-03-13,139.949,56.08
2014-03-14,136.094,54.47
2014-03-15,136.094,54.47
2014-03-16,136.094,54.47
2014-03-17,133.47,53.37
2014-03-18,134.047,53.61
2014-03-19,132.931,53.14
2014-03-20,128.814,51.42
2014-03-21,127.542,50.89
2014-03-22,127.542,50.89
2014-03-23,127.542,50.89
2014-03-24,128.318,51.21
2014-03-25,129.352,51.64
2014-03-26,130.236,52.01
2014-03-27,132.291,52.87
2014-03-28,134.123,53.63
2014-03-29,134.123,53.63
2014-03-30,134.123,53.63
2014-03-31,132.62,53.00
2014-04-01,129.528,51.71
2014-04-02,127.979,51.06
2014-04-03,129.072,51.51
2014-04-04,132.843,53.09
2014-04-05,132.843,53.09
2014-04-06,132.843,53.09
2014-04-07,133.271,53.26
2014-04-08,135.203,54.07
2014-04-09,135.364,54.14
2014-04-10,136.889,54.77
2014-04-11,134.847,53.92
2014-04-12,134.847,53.92
2014-04-13,134.847,53.92
2014-04-14,135.868,54.34
2014-04-15,132.827,53.07
2014-04-16,132.227,52.82
2014-04-17,135.038,53.99
2014-04-18,135.038,53.99
2014-04-19,135.038,53.99
2014-04-20,135.038,53.99
2014-04-21,134.364,53.70
2014-04-22,138.707,55.52
2014-04-23,139.894,56.01
2014-04-24,139.465,55.83
2014-04-25,137.765,55.12
2014-04-26,137.765,55.12
2014-04-27,137.765,55.12
2014-04-28,134.989,53.96
2014-04-29,138.345,55.36
2014-04-30,137.289,54.92
2014-05-01,137.079,54.83
2014-05-02,135.695,54.25
2014-05-03,135.695,54.25
2014-05-04,135.695,54.25
2014-05-05,136.415,54.54
2014-05-06,134.527,53.75
2014-05-07,134.035,53.55
2014-05-08,132.628,52.96
2014-05-09,129.232,51.54
2014-05-10,129.232,51.54
2014-05-11,129.232,51.54
2014-05-12,130.69,52.14
2014-05-13,131.676,52.55
2014-05-14,132.379,52.85
2014-05-15,135.484,54.14
2014-05-16,131.257,52.38
2014-05-17,131.257,52.38
2014-05-18,131.257,52.37
2014-05-19,130.211,51.94
2014-05-20,130.13,51.90
2014-05-21,128.593,51.26
2014-05-22,128.001,51.01
2014-05-23,127.746,50.90
2014-05-24,127.746,50.90
2014-05-25,127.746,50.90
2014-05-26,127.746,50.90
2014-05-27,125.569,49.99
2014-05-28,124.99,49.74
2014-05-29,128.084,51.04
2014-05-30,126.597,50.41
2014-05-31,126.597,50.41
2014-06-01,126.597,50.41
2014-06-02,124.615,49.58
2014-06-03,124.549,49.55
2014-06-04,123.477,49.10
2014-06-05,122.356,48.63
2014-06-06,123.259,49.01
2014-06-07,123.259,49.01
2014-06-08,123.259,49.01
2014-06-09,121.572,48.30
2014-06-10,121.896,48.44
2014-06-11,122.903,48.86
2014-06-12,122.777,48.80
2014-06-13,124.334,49.45
2014-06-14,124.334,49.45
2014-06-15,124.334,49.45
2014-06-16,124.4,49.48
2014-06-17,122.991,48.89
2014-06-18,124.097,49.35
2014-06-19,125,49.72
2014-06-20,126.87,50.50
2014-06-21,126.87,50.50
2014-06-22,126.87,50.50
2014-06-23,127.389,50.72
2014-06-24,126.725,50.44
2014-06-25,127.685,50.84
2014-06-26,127.607,50.81
2014-06-27,124.13,49.35
2014-06-28,124.13,49.35
2014-06-29,124.13,49.35
2014-06-30,123.452,49.06
2014-07-01,121.643,48.31
2014-07-02,122.261,48.56
2014-07-03,121.567,48.27
2014-07-04,121.567,48.27
2014-07-05,121.567,48.27
2014-07-06,121.567,48.27
2014-07-07,119.94,47.59
2014-07-08,120.958,48.01
2014-07-09,119.986,47.61
2014-07-10,116.673,46.22
2014-07-11,115.423,45.70
2014-07-12,115.423,45.70
2014-07-13,115.423,45.70
2014-07-14,116.639,46.20
2014-07-15,115.936,45.91
2014-07-16,115.594,45.76
2014-07-17,115.46,45.71
2014-07-18,117.899,46.73
2014-07-19,117.899,46.72
2014-07-20,117.899,46.72
2014-07-21,119.036,47.20
2014-07-22,117.485,46.55
2014-07-23,119.058,47.20
2014-07-24,119.297,47.30
2014-07-25,119.643,47.45
2014-07-26,119.643,47.45
2014-07-27,119.643,47.45
2014-07-28,119.632,47.44
2014-07-29,118.261,46.87
2014-07-30,118.518,46.97
2014-07-31,120.986,48.00
2014-08-01,120.013,47.59
2014-08-02,120.013,47.59
2014-08-03,120.013,47.59
2014-08-04,119.669,47.45
2014-08-05,118.632,47.01
2014-08-06,119.788,47.50
2014-08-07,117.016,46.34
2014-08-08,116.532,46.13
2014-08-09,116.532,46.13
2014-08-10,116.532,46.13
2014-08-11,119.085,47.20
2014-08-12,117.035,46.34
2014-08-13,117.035,46.34
2014-08-14,116.78,46.23
2014-08-15,117.961,46.72
2014-08-16,117.961,46.72
2014-08-17,117.961,46.72
2014-08-18,117.043,46.34
2014-08-19,114.626,45.32
2014-08-20,116.509,46.11
2014-08-21,117.649,46.59
2014-08-22,115.988,45.89
2014-08-23,115.988,45.89
2014-08-24,115.988,45.89
2014-08-25,115.15,45.54
2014-08-26,119.027,47.16
2014-08-27,118.927,47.11
2014-08-28,119.129,47.20
2014-08-29,119.212,47.23
2014-08-30,119.212,47.23
2014-08-31,119.212,47.23
2014-09-01,119.212,47.23
2014-09-02,122.128,48.45
2014-09-03,119.772,47.46
2014-09-04,118.094,46.76
2014-09-05,116.243,45.98
2014-09-06,116.243,45.98
2014-09-07,116.243,45.98
2014-09-08,115.29,45.58
2014-09-09,114.756,45.36
2014-09-10,111.088,43.82
2014-09-11,111.943,44.18
2014-09-12,110.574,43.61
2014-09-13,110.574,43.61
2014-09-14,110.574,43.60
2014-09-15,109.348,43.09
2014-09-16,109.723,43.25
2014-09-17,109.899,43.32
2014-09-18,107.946,42.50
2014-09-19,106.554,41.92
2014-09-20,106.554,41.92
2014-09-21,106.554,41.92
2014-09-22,105.994,41.68
2014-09-23,106.691,41.97
2014-09-24,108.925,42.91
2014-09-25,107.77,42.42
2014-09-26,110.264,43.46
2014-09-27,110.264,43.46
2014-09-28,110.264,43.46
2014-09-29,112.171,44.26
2014-09-30,111.595,44.02
2014-10-01,112.254,44.29
2014-10-02,114.22,45.11
2014-10-03,115.037,45.45
2014-10-04,115.037,45.45
2014-10-05,115.037,45.45
2014-10-06,120.623,47.78
2014-10-07,119.877,47.47
2014-10-08,119.003,47.11
2014-10-09,119.876,47.47
2014-10-10,119.15,47.16
2014-10-11,119.15,47.16
2014-10-12,119.15,47.16
2014-10-13,119.165,47.17
2014-10-14,120.324,47.65
2014-10-15,117.831,46.61
2014-10-16,118.584,46.92
2014-10-17,116.724,46.14
2014-10-18,116.724,46.14
2014-10-19,116.724,46.14
2014-10-20,113.99,45.00
2014-10-21,113.423,44.76
2014-10-22,111.5,43.95
2014-10-23,111.086,43.78
2014-10-24,111.493,43.95
2014-10-25,111.493,43.95
2014-10-26,111.493,43.95
2014-10-27,110.248,43.43
2014-10-28,111.092,43.78
2014-10-29,111.14,43.80
2014-10-30,110.454,43.51
2014-10-31,109.748,43.21
2014-11-01,109.748,43.21
2014-11-02,109.748,43.21
2014-11-03,108.841,42.83
2014-11-04,108.32,42.61
2014-11-05,107.304,42.19
2014-11-06,106.712,41.94
2014-11-07,107.199,42.14
2014-11-08,107.199,42.14
2014-11-09,107.199,42.14
2014-11-10,106.52,41.86
2014-11-11,109.15,42.95
2014-11-12,109.241,42.99
2014-11-13,108.856,42.83
2014-11-14,109.502,43.10
2014-11-17,107.882,42.42
2014-11-18,108.142,42.53
2014-11-19,109.959,43.28
2014-11-20,108.108,42.51
2014-11-21,108.679,42.75
2014-11-24,108.196,42.54
2014-11-25,109.416,43.05
2014-11-26,109.75,43.19
2014-11-27,109.75,43.19
2014-11-28,106.505,41.83
2014-12-01,107.016,42.04
2014-12-02,104.301,40.91
2014-12-03,103.967,40.77
2014-12-04,104.218,40.87
2014-12-05,103.256,40.47
2014-12-08,103.166,40.43
2014-12-09,104.244,40.88
2014-12-10,103.862,40.72
2014-12-11,102.58,40.18
2014-12-12,101.496,39.73
2014-12-15,102.591,40.18
2014-12-16,101.404,39.68
2014-12-17,100.212,39.18
2014-12-18,101.676,39.80
2014-12-19,101.747,39.82
2014-12-22,101.027,39.52
2014-12-23,100.607,39.34
2014-12-24,100.179,39.16
2014-12-25,100.179,39.16
2014-12-26,99.587,38.92
2014-12-29,98.533,38.47
2014-12-30,98.471,38.45
2014-12-31,98.245,38.35
2015-01-01,98.245,38.35
2015-01-02,95.679,37.28
2015-01-05,97.924,38.21
2015-01-06,101.306,39.62
2015-01-07,101.123,39.55
2015-01-08,101.906,39.87
2015-01-09,102.774,40.24
2015-01-12,101.308,39.62
2015-01-13,101.83,39.84
2015-01-14,102.215,40.00
2015-01-15,103.343,40.47
2015-01-16,102.249,40.01
2015-01-20,102.439,40.09
2015-01-21,102.325,40.04
2015-01-22,101.991,39.90
2015-01-23,99.628,38.91
2015-01-26,100.602,39.31
2015-01-27,101.034,39.49
2015-01-28,101.168,39.55
2015-01-29,98.833,38.57
2015-01-30,98.866,38.58
2015-02-02,97.109,37.85
2015-02-03,98.227,38.31
2015-02-04,98.772,38.54
2015-02-05,98.789,38.55
2015-02-09,100.839,39.40
2015-02-10,99.173,38.70
2015-02-11,98.825,38.56
2015-02-12,100.928,39.43
2015-02-13,100.691,39.33
2015-02-16,100.691,39.33
2015-02-17,100.636,39.31
2015-02-18,100.369,39.20
2015-02-19,98.144,38.26
2015-02-20,97.045,37.80
2015-02-23,95.454,37.14
2015-02-24,95.865,37.31
2015-02-25,93.902,36.49
2015-02-26,94.018,36.53
2015-02-27,93.141,36.17
2015-03-02,92.3,35.81
2015-03-03,89.808,34.77
2015-03-04,90.698,35.14
2015-03-05,90.517,35.07
2015-03-06,91.234,35.36
2015-03-09,89.918,34.81
2015-03-10,88.261,34.12
2015-03-11,87.963,33.99
2015-03-12,88.576,34.25
2015-03-13,86.141,33.23
2015-03-16,88.208,34.09
2015-03-17,87.85,33.94
2015-03-18,88.589,34.25
2015-03-19,89.032,34.43
2015-03-20,89.069,34.45
2015-03-23,89.436,34.60
2015-03-24,87.614,33.84
2015-03-25,88.053,34.02
2015-03-26,87.441,33.76
2015-03-27,86.514,33.38
2015-03-30,84.715,32.62
2015-03-31,84.784,32.65
2015-04-01,86.314,33.29
2015-04-02,89.162,34.48
2015-04-06,89.871,34.77
2015-04-07,90.336,34.96
2015-04-08,90.111,34.87
2015-04-09,89.654,34.68
2015-04-10,89.053,34.43
2015-04-13,89.224,34.50
2015-04-14,89.831,34.75
2015-04-15,89.516,34.62
2015-04-16,91.44,35.42
2015-04-17,90.543,35.04
2015-04-20,88.751,34.29
2015-04-21,87.836,33.91
2015-04-22,88.711,34.27
2015-04-23,90.737,35.12
2015-04-24,91.7,35.52
2015-04-27,91.493,35.43
2015-04-28,91.228,35.32
2015-04-29,91.284,35.34
2015-04-30,91.393,35.39
2015-05-01,89.488,34.59
2015-05-04,87.882,33.92
2015-05-05,88.879,34.33
2015-05-06,88.401,34.13
2015-05-07,88.9,34.34
2015-05-08,91.216,35.31
2015-05-11,91.127,35.27
2015-05-12,91.548,35.44
2015-05-13,89.589,34.62
2015-05-14,89.76,34.70
2015-05-15,90.162,34.86
2015-05-18,89.955,34.77
2015-05-19,89.506,34.59
2015-05-20,87.852,33.89
2015-05-21,86.116,33.17
2015-05-22,85.093,32.74
2015-05-26,83.806,32.20
2015-05-27,83.054,31.88
2015-05-28,83.827,32.20
2015-05-29,84.14,32.33
2015-06-01,85.499,32.90
2015-06-02,86.176,33.18
2015-06-03,86.023,33.12
2015-06-04,86.462,33.30
2015-06-05,85.753,33.00
2015-06-08,86.645,33.37
2015-06-09,86.361,33.26
2015-06-10,86.058,33.13
2015-06-11,83.87,32.21
2015-06-12,84.055,32.29
2015-06-15,82.235,31.53
2015-06-16,82.42,31.60
2015-06-17,82.167,31.50
2015-06-18,82.366,31.58
2015-06-19,81.322,31.14
2015-06-22,83.344,31.98
2015-06-23,82.225,31.52
2015-06-24,83.973,32.25
2015-06-25,83.708,32.13
2015-06-26,84.399,32.42
2015-06-29,84.554,32.49
2015-06-30,86.153,33.15
2015-07-01,85.059,32.70
2015-07-02,84.593,32.50
2015-07-06,84.71,32.55
2015-07-07,83.803,32.17
2015-07-08,83.563,32.06
2015-07-09,82.375,31.57
2015-07-10,84.189,32.32
2015-07-13,85.119,32.71
2015-07-14,86.107,33.12
2015-07-15,84.719,32.54
2015-07-16,84.036,32.26
2015-07-17,82.886,31.78
2015-07-20,80.762,30.88
2015-07-21,80.313,30.70
2015-07-22,80.126,30.62
2015-07-23,80.073,30.59
2015-07-24,79.222,30.24
2015-07-27,78.655,30.00
2015-07-28,78.645,29.99
2015-07-29,79.726,30.45
2015-07-30,79.405,30.31
2015-07-31,79.224,30.23
2015-08-03,78.084,29.76
2015-08-04,78.537,29.94
2015-08-05,77.797,29.63
2015-08-06,76.921,29.27
2015-08-07,77.205,29.39
2015-08-10,77.869,29.66
2015-08-11,78.599,29.97
2015-08-12,78.402,29.88
2015-08-13,79.435,30.31
2015-08-14,80.226,30.64
2015-08-17,79.819,30.47
2015-08-18,80.278,30.66
2015-08-19,79.084,30.16
2015-08-20,78.938,30.10
2015-08-21,77.352,29.44
2015-08-24,75.511,28.67
2015-08-25,75.764,28.77
2015-08-26,75.582,28.69
2015-08-27,78.044,29.72
2015-08-28,77.544,29.51
2015-08-31,76.624,29.13
2015-09-01,76.036,28.88
2015-09-02,75.645,28.72
2015-09-03,78.017,29.71
2015-09-04,77.668,29.56
2015-09-08,77.489,29.48
2015-09-09,78.596,29.95
2015-09-10,77.531,29.50
2015-09-11,78.382,29.85
2015-09-14,78.479,29.89
2015-09-15,78.008,29.70
2015-09-16,78.039,29.71
2015-09-17,77.651,29.54
2015-09-18,75.34,28.58
2015-09-21,75.145,28.49
2015-09-22,74.296,28.14
2015-09-23,74.337,28.16
2015-09-24,75.787,28.76
2015-09-25,78.381,29.84
2015-09-28,77.768,29.59
2015-09-29,78.37,29.84
2015-09-30,79.662,30.38
2015-10-01,80.872,30.88
2015-10-02,82.169,31.42
2015-10-05,83.562,32.00
2015-10-06,83.678,32.05
2015-10-07,84.507,32.40
2015-10-08,84.875,32.55
2015-10-09,86.416,33.19
2015-10-12,86.558,33.25
2015-10-13,85.845,32.95
2015-10-14,86.719,33.32
2015-10-15,86.606,33.27
2015-10-16,85.983,33.01
2015-10-19,85.463,32.79
2015-10-20,85.099,32.64
2015-10-21,85.054,32.62
2015-10-22,85.74,32.90
2015-10-23,84.542,32.40
2015-10-26,85.36,32.74
2015-10-27,84.698,32.46
2015-10-28,85.835,32.94
2015-10-29,85.617,32.85
2015-10-30,85.89,32.96
2015-11-02,87.496,33.63
2015-11-03,88.753,34.15
2015-11-04,85.796,32.92
2015-11-05,86.257,33.11
2015-11-06,84.693,32.45
2015-11-09,83.233,31.84
2015-11-10,85.357,32.73
2015-11-11,85.452,32.77
2015-11-12,86.096,33.04
2015-11-13,85.823,32.92
2015-11-16,86.838,33.34
2015-11-17,85.554,32.80
2015-11-18,84.237,32.25
2015-11-19,86.853,33.35
2015-11-20,88.249,33.93
2015-11-23,87.939,33.80
2015-11-24,87.013,33.41
2015-11-25,87.286,33.52
2015-11-27,87.381,33.56
2015-11-30,86.255,33.09
2015-12-01,88.238,33.92
2015-12-02,87.983,33.81
2015-12-03,89.58,34.48
2015-12-04,89.805,34.57
2015-12-07,89.037,34.25
2015-12-08,87.885,33.76
2015-12-09,88.538,34.04
2015-12-10,86.385,33.13
2015-12-11,85.676,32.84
2015-12-14,85.15,32.62
2015-12-15,85.391,32.72
2015-12-16,85.274,32.67
2015-12-17,85.411,32.72
2015-12-18,87.042,33.40
2015-12-21,86.276,33.08
2015-12-22,86.71,33.26
2015-12-23,87.229,33.48
2015-12-24,87.013,33.39
2015-12-28,86.042,32.98
2015-12-29,86.43,33.14
2015-12-30,88.011,33.80
2015-12-31,88.564,34.03
2016-01-04,87.05,33.39
2016-01-05,85.623,32.80
2016-01-06,84.458,32.31
2016-01-07,85.137,32.59
2016-01-08,84.262,32.23
2016-01-11,82.551,31.51
2016-01-12,82.247,31.38
2016-01-13,83.772,32.02
2016-01-14,85.144,32.59
2016-01-15,84.906,32.49
2016-01-19,84.875,32.47
2016-01-20,82.215,31.36
2016-01-21,83.636,31.95
2016-01-22,84,32.11
2016-01-25,82.946,31.66
2016-01-26,82.719,31.57
2016-01-27,81.631,31.11
2016-01-28,81.029,30.86
2016-01-29,80.038,30.44
2016-02-01,79.636,30.27
2016-02-02,80.696,30.72
2016-02-03,80.682,30.71
2016-02-04,80.573,30.66
2016-02-05,80.983,30.84
2016-02-08,80.417,30.60
2016-02-09,79.806,30.34
2016-02-10,79.786,30.33
2016-02-11,78.361,29.74
2016-02-12,79.173,30.07
2016-02-16,79.597,30.25
2016-02-17,79.315,30.13
2016-02-18,78.39,29.74
2016-02-19,77.929,29.55
2016-02-22,78.837,29.93
2016-02-23,81.617,31.09
2016-02-24,80.91,30.79
2016-02-25,81.737,31.14
2016-02-26,80.896,30.78
2016-02-29,81.613,31.08
2016-03-01,81.528,31.05
2016-03-02,82.455,31.43
2016-03-03,83.574,31.90
2016-03-04,84.434,32.26
2016-03-07,83.991,32.07
2016-03-08,84.596,32.32
2016-03-09,84.006,32.08
2016-03-10,84.573,32.31
2016-03-11,86.343,33.05
2016-03-14,87.792,33.66
2016-03-15,87.167,33.39
2016-03-16,88.348,33.89
2016-03-17,90.61,34.83
2016-03-18,90.605,34.83
2016-03-21,91.202,35.08
2016-03-22,92.762,35.73
2016-03-23,92.368,35.56
2016-03-24,89.008,34.16
2016-03-28,89.451,34.34
2016-03-29,88.868,34.09
2016-03-30,88.879,34.10
2016-03-31,87.7,33.60
2016-04-01,87.379,33.47
2016-04-04,84.801,32.39
2016-04-05,84.372,32.21
2016-04-06,84.404,32.22
2016-04-07,83.568,31.87
2016-04-08,84.738,32.36
2016-04-11,84.047,32.07
2016-04-12,84.312,32.18
2016-04-13,83.665,31.91
2016-04-14,84.096,32.09
2016-04-15,86.167,32.95
2016-04-18,87.967,33.70
2016-04-19,88.275,33.83
2016-04-20,89.828,34.48
2016-04-21,88.76,34.03
2016-04-22,87.607,33.55
2016-04-25,88.935,34.10
2016-04-26,89.806,34.46
2016-04-27,88.384,33.87
2016-04-28,87.773,33.61
2016-04-29,89.641,34.39
2016-05-02,89.096,34.16
2016-05-03,88.768,34.03
2016-05-04,89.922,34.51
2016-05-05,87.749,33.60
2016-05-06,88.123,33.75
2016-05-09,88.805,34.04
2016-05-10,89.58,34.36
2016-05-11,91.838,35.30
2016-05-12,92.533,35.59
2016-05-13,91.835,35.30
2016-05-16,93.116,35.83
2016-05-17,93.053,35.81
2016-05-18,92.425,35.54
2016-05-19,90.524,34.75
2016-05-20,91.896,35.32
2016-05-23,90.525,34.74
2016-05-24,90.336,34.66
2016-05-25,91.778,35.27
2016-05-26,92.924,35.74
2016-05-27,93.152,35.84
2016-05-31,93.032,35.79
2016-06-01,92.673,35.63
2016-06-02,94.727,36.49
2016-06-03,97.792,37.77
2016-06-06,99.313,38.41
2016-06-07,100.125,38.74
2016-06-08,103.407,40.12
2016-06-09,102.349,39.67
2016-06-10,102.769,39.85
2016-06-13,102.306,39.65
2016-06-14,101.16,39.17
2016-06-15,102.945,39.92
2016-06-16,103.334,40.08
2016-06-17,104.295,40.48
2016-06-20,103.591,40.18
2016-06-21,101.904,39.48
2016-06-22,101.197,39.18
2016-06-23,102.178,39.59
2016-06-24,100.595,38.93
2016-06-27,101.702,39.39
2016-06-28,103.919,40.31
2016-06-29,107.751,41.91
2016-06-30,105.643,41.03
2016-07-01,107.291,41.72
2016-07-05,107.424,41.77
2016-07-06,106.124,41.23
2016-07-07,103.4,40.09
2016-07-08,103.621,40.18
2016-07-11,107.264,41.70
2016-07-12,106.091,41.21
2016-07-13,106.108,41.21
2016-07-14,108.476,42.20
2016-07-15,105.915,41.13
2016-07-18,106.404,41.33
2016-07-19,105.573,40.98
2016-07-20,105.197,40.83
2016-07-21,106.121,41.21
2016-07-22,105.069,40.77
2016-07-25,105.64,41.01
2016-07-26,105.154,40.80
2016-07-27,103.78,40.23
2016-07-28,103.002,39.90
2016-07-29,104.843,40.67
2016-08-01,103.673,40.18
2016-08-02,103.771,40.22
2016-08-03,103.645,40.17
2016-08-04,106.282,41.27
2016-08-05,108.443,42.17
2016-08-08,108.525,42.20
2016-08-09,107.267,41.67
2016-08-10,104.218,40.40
2016-08-11,103.975,40.30
2016-08-12,103.79,40.22
2016-08-15,104.11,40.35
2016-08-16,104.867,40.66
2016-08-17,102.852,39.82
2016-08-18,104.344,40.44
