Date,Index_Level,iPath_Pure_Beta_Crude_Oil_ETN
2011-04-20,709.5577,50.00
2011-04-21,714.9305,50.38
2011-04-22,714.9305,50.38
2011-04-23,714.9305,50.38
2011-04-24,714.9305,50.37
2011-04-25,714.6825,50.36
2011-04-26,714.747,50.36
2011-04-27,718.4769,50.62
2011-04-28,718.8574,50.65
2011-04-29,725.6839,51.13
2011-04-30,725.6839,51.12
2011-05-01,725.6839,51.12
2011-05-02,723.2232,50.95
2011-05-03,707.741,49.86
2011-05-04,696.2402,49.05
2011-05-05,637.3417,44.90
2011-05-06,621.9857,43.81
2011-05-07,621.9857,43.81
2011-05-08,621.9857,43.81
2011-05-09,655.546,46.17
2011-05-10,664.7101,46.82
2011-05-11,627.9929,44.23
2011-05-12,632.8595,44.57
2011-05-13,636.9678,44.86
2011-05-14,636.9678,44.86
2011-05-15,636.9678,44.86
2011-05-16,623.0657,43.88
2011-05-17,620.5383,43.70
2011-05-18,639.3085,45.02
2011-05-19,629.8926,44.36
2011-05-20,637.1609,44.87
2011-05-21,637.1609,44.87
2011-05-22,637.1609,44.87
2011-05-23,622.6902,43.85
2011-05-24,635.0148,44.71
2011-05-25,646.1386,45.49
2011-05-26,640.3254,45.08
2011-05-27,642.2855,45.22
2011-05-28,642.2855,45.22
2011-05-29,642.2855,45.22
2011-05-30,642.2855,45.22
2011-05-31,655.5612,46.15
2011-06-01,640.3945,45.08
2011-06-02,641.4067,45.15
2011-06-03,640.207,45.07
2011-06-04,640.207,45.07
2011-06-05,640.207,45.06
2011-06-06,632.6895,44.53
2011-06-07,633.4487,44.59
2011-06-08,643.1855,45.27
2011-06-09,650.2139,45.76
2011-06-10,634.6953,44.67
2011-06-11,634.6953,44.67
2011-06-12,634.6953,44.67
2011-06-13,621.7498,43.76
2011-06-14,633.6421,44.59
2011-06-15,604.7009,42.56
2011-06-16,604.9534,42.57
2011-06-17,592.874,41.72
2011-06-18,592.874,41.72
2011-06-19,592.874,41.72
2011-06-20,594.3236,41.82
2011-06-21,597.4701,42.04
2011-06-22,606.2163,42.66
2011-06-23,579.0992,40.75
2011-06-24,580.2952,40.83
2011-06-25,580.2952,40.83
2011-06-26,580.2952,40.83
2011-06-27,576.9622,40.59
2011-06-28,591.4968,41.61
2011-06-29,603.0113,42.42
2011-06-30,607.1643,42.71
2011-07-01,604.3963,42.52
2011-07-02,604.3963,42.52
2011-07-03,604.3963,42.52
2011-07-04,604.3963,42.52
2011-07-05,615.7863,43.32
2011-07-06,613.8992,43.18
2011-07-07,626.6092,44.07
2011-07-08,611.5091,43.01
2011-07-09,611.5091,43.01
2011-07-10,611.5091,43.01
2011-07-11,604.7799,42.54
2011-07-12,618.0359,43.47
2011-07-13,621.9753,43.74
2011-07-14,607.9608,42.76
2011-07-15,616.304,43.34
2011-07-16,616.304,43.34
2011-07-17,616.304,43.34
2011-07-18,607.776,42.74
2011-07-19,617.2398,43.40
2011-07-20,620.4776,43.63
2011-07-21,624.1513,43.89
2011-07-22,628.4476,44.19
2011-07-23,628.4476,44.19
2011-07-24,628.4476,44.19
2011-07-25,625.5847,43.98
2011-07-26,628.0761,44.16
2011-07-27,615.2516,43.26
2011-07-28,615.2526,43.25
2011-07-29,604.4204,42.49
2011-07-30,604.4204,42.49
2011-07-31,604.4204,42.49
2011-08-01,599.3803,42.14
2011-08-02,591.9732,41.61
2011-08-03,580.5192,40.81
2011-08-04,547.6474,38.50
2011-08-05,549.7038,38.64
2011-08-06,549.7038,38.64
2011-08-07,549.7038,38.64
2011-08-08,514.9808,36.20
2011-08-09,501.9498,35.28
2011-08-10,523.6265,36.80
2011-08-11,540.0377,37.95
2011-08-12,537.6855,37.79
2011-08-13,537.6855,37.79
2011-08-14,537.6855,37.79
2011-08-15,552.4238,38.82
2011-08-16,544.3751,38.25
2011-08-17,549.5767,38.62
2011-08-18,517.2565,36.35
2011-08-19,517.5047,36.36
2011-08-20,517.5047,36.36
2011-08-21,517.5047,36.36
2011-08-22,528.899,37.16
2011-08-23,535.6482,37.64
2011-08-24,534.7816,37.57
2011-08-25,535.2152,37.60
2011-08-26,535.2773,37.61
2011-08-27,535.2773,37.61
2011-08-28,535.2773,37.61
2011-08-29,546.1755,38.37
2011-08-30,556.0825,39.06
2011-08-31,556.5162,39.09
2011-09-01,556.8879,39.12
2011-09-02,541.5325,38.04
2011-09-03,541.5325,38.04
2011-09-04,541.5325,38.04
2011-09-05,541.5325,38.04
2011-09-06,538.9948,37.86
2011-09-07,558.1279,39.20
2011-09-08,555.404,39.01
2011-09-09,544.445,38.24
2011-09-10,544.445,38.24
2011-09-11,544.445,38.24
2011-09-12,548.8425,38.54
2011-09-13,560.4833,39.36
2011-09-14,553.3009,38.86
2011-09-15,557.4496,39.15
2011-09-16,549.4004,38.58
2011-09-17,549.4004,38.58
2011-09-18,549.4004,38.58
2011-09-19,534.169,37.51
2011-09-20,541.3517,38.01
2011-09-21,535.3458,37.59
2011-09-22,501.4766,35.21
2011-09-23,497.8236,34.95
2011-09-24,497.8236,34.95
2011-09-25,497.8236,34.95
2011-09-26,499.8673,35.09
2011-09-27,525.9352,36.92
2011-09-28,506.0597,35.53
2011-09-29,511.1373,35.88
2011-09-30,492.0048,34.54
2011-10-01,492.0048,34.54
2011-10-02,492.0048,34.54
2011-10-03,483.2132,33.92
2011-10-04,471.0155,33.06
2011-10-05,495.1021,34.75
2011-10-06,513.4922,36.04
2011-10-07,515.4739,36.18
2011-10-08,515.4739,36.18
2011-10-09,515.4739,36.18
2011-10-10,530.4591,37.23
2011-10-11,533.4934,37.44
2011-10-12,532.1933,37.35
2011-10-13,524.0202,36.77
2011-10-14,539.3144,37.85
2011-10-15,539.3144,37.85
2011-10-16,539.3144,37.85
2011-10-17,537.4575,37.71
2011-10-18,549.0987,38.53
2011-10-19,535.1674,37.55
2011-10-20,533.8056,37.46
2011-10-21,541.6079,38.00
2011-10-22,541.6079,38.00
2011-10-23,541.6079,38.00
2011-10-24,564.3337,39.59
2011-10-25,575.4176,40.37
2011-10-26,558.3901,39.17
2011-10-27,580.9291,40.76
2011-10-28,577.3381,40.50
2011-10-29,577.3381,40.50
2011-10-30,577.3381,40.50
2011-10-31,576.3483,40.43
2011-11-01,569.9707,39.98
2011-11-02,571.8284,40.11
2011-11-03,581.488,40.79
2011-11-04,583.2219,40.91
2011-11-05,583.2219,40.91
2011-11-06,583.2219,40.91
2011-11-07,591.0243,41.45
2011-11-08,598.7034,41.99
2011-11-09,591.9395,41.52
2011-11-10,604.432,42.39
2011-11-11,611.7848,42.90
2011-11-12,611.7848,42.90
2011-11-13,611.7848,42.90
2011-11-14,608.4976,42.67
2011-11-15,615.7551,43.18
2011-11-16,635.0461,44.53
2011-11-17,613.3984,43.01
2011-11-18,605.521,42.46
2011-11-19,605.521,42.46
2011-11-20,605.521,42.46
2011-11-21,602.0479,42.21
2011-11-22,610.1118,42.78
2011-11-23,598.9469,41.99
2011-11-24,598.9469,41.99
2011-11-25,601.8627,42.20
2011-11-26,601.8627,42.19
2011-11-27,601.8627,42.19
2011-11-28,610.5475,42.80
2011-11-29,619.9764,43.46
2011-11-30,623.6986,43.72
2011-12-01,623.0788,43.68
2011-12-02,627.8555,44.01
2011-12-03,627.8555,44.01
2011-12-04,627.8555,44.01
2011-12-05,628.1672,44.03
2011-12-06,630.3383,44.18
2011-12-07,625.6242,43.85
2011-12-08,612.7362,42.94
2011-12-09,618.4516,43.34
2011-12-10,618.4516,43.34
2011-12-11,618.4516,43.34
2011-12-12,609.4273,42.71
2011-12-13,623.0815,43.66
2011-12-14,592.6089,41.53
2011-12-15,586.6632,41.11
2011-12-16,584.8672,40.98
2011-12-17,584.8672,40.98
2011-12-18,584.8672,40.98
2011-12-19,585.4871,41.02
2011-12-20,604.4398,42.35
2011-12-21,613.2968,42.97
2011-12-22,618.2518,43.32
2011-12-23,618.8713,43.36
2011-12-24,618.8713,43.36
2011-12-25,618.8713,43.36
2011-12-26,618.8713,43.36
2011-12-27,628.5338,44.03
2011-12-28,617.9431,43.29
2011-12-29,620.3591,43.46
2011-12-30,616.1478,43.16
2011-12-31,616.1478,43.16
2012-01-01,616.1478,43.16
2012-01-02,616.1478,43.16
2012-01-03,640.1191,44.84
2012-01-04,643.0304,45.04
2012-01-05,634.9789,44.47
2012-01-06,634.6075,44.45
2012-01-07,634.6075,44.45
2012-01-08,634.6075,44.45
2012-01-09,633.3696,44.36
2012-01-10,637.9531,44.68
2012-01-11,630.2731,44.14
2012-01-12,619.682,43.40
2012-01-13,617.2666,43.23
2012-01-14,617.2666,43.22
2012-01-15,617.2666,43.22
2012-01-16,617.2666,43.22
2012-01-17,629.6547,44.09
2012-01-18,628.2925,43.99
2012-01-19,627.9213,43.97
2012-01-20,615.2865,43.08
2012-01-21,615.2865,43.08
2012-01-22,615.2865,43.08
2012-01-23,622.2867,43.57
2012-01-24,619.3144,43.36
2012-01-25,621.7307,43.53
2012-01-26,623.8992,43.68
2012-01-27,623.0947,43.62
2012-01-28,623.0947,43.62
2012-01-29,623.0947,43.62
2012-01-30,618.4514,43.29
2012-01-31,617.1516,43.20
2012-02-01,611.8877,42.83
2012-02-02,604.3321,42.30
2012-02-03,614.2431,42.99
2012-02-04,614.2431,42.99
2012-02-05,614.2431,42.99
2012-02-06,611.2107,42.78
2012-02-07,619.1402,43.33
2012-02-08,621.8049,43.52
2012-02-09,628.9293,44.01
2012-02-10,621.1264,43.47
2012-02-11,621.1264,43.47
2012-02-12,621.1264,43.47
2012-02-13,634.3856,44.39
2012-02-14,632.7768,44.28
2012-02-15,638.8486,44.70
2012-02-16,642.5667,44.96
2012-02-17,647.3997,45.30
2012-02-18,647.3997,45.30
2012-02-19,647.3997,45.30
2012-02-20,647.3997,45.30
2012-02-21,664.0686,46.46
2012-02-22,664.4418,46.49
2012-02-23,673.1771,47.10
2012-02-24,684.8236,47.91
2012-02-25,684.8236,47.91
2012-02-26,684.8236,47.91
2012-02-27,678.1388,47.44
2012-02-28,665.5668,46.56
2012-02-29,668.666,46.77
2012-03-01,679.3841,47.52
2012-03-02,666.75,46.64
2012-03-03,666.75,46.64
2012-03-04,666.75,46.64
2012-03-05,666.6944,46.63
2012-03-06,655.0506,45.82
2012-03-07,663.91,46.43
2012-03-08,666.2741,46.60
2012-03-09,671.0304,46.93
2012-03-10,671.0304,46.93
2012-03-11,671.0304,46.93
2012-03-12,665.4858,46.54
2012-03-13,668.2447,46.73
2012-03-14,660.8748,46.21
2012-03-15,659.5251,46.12
2012-03-16,669.8473,46.84
2012-03-17,669.8473,46.84
2012-03-18,669.8473,46.84
2012-03-19,674.2757,47.15
2012-03-20,660.8239,46.20
2012-03-21,667.1531,46.65
2012-03-22,655.9742,45.86
2012-03-23,665.0679,46.50
2012-03-24,665.0679,46.50
2012-03-25,665.0679,46.50
2012-03-26,666.8547,46.62
2012-03-27,668.8221,46.76
2012-03-28,657.5814,45.97
2012-03-29,641.5489,44.85
2012-03-30,642.9634,44.94
2012-03-31,642.9634,44.94
2012-04-01,642.9634,44.94
2012-04-02,657.2206,45.94
2012-04-03,650.2799,45.45
2012-04-04,635.5371,44.42
2012-04-05,645.8594,45.14
2012-04-06,645.8594,45.14
2012-04-07,645.8594,45.14
2012-04-08,645.8594,45.14
2012-04-09,641.4415,44.83
2012-04-10,632.6578,44.21
2012-04-11,641.2602,44.81
2012-04-12,646.6066,45.19
2012-04-13,642.3077,44.88
2012-04-14,642.3077,44.88
2012-04-15,642.3077,44.88
2012-04-16,641.6979,44.84
2012-04-17,649.1945,45.36
2012-04-18,640.5949,44.76
2012-04-19,637.9546,44.57
2012-04-20,644.5297,45.03
2012-04-21,644.5297,45.03
2012-04-22,644.5297,45.03
2012-04-23,640.4792,44.75
2012-04-24,642.6309,44.90
2012-04-25,645.4584,45.09
2012-04-26,648.2245,45.28
2012-04-27,650.2534,45.42
2012-04-28,650.2534,45.42
2012-04-29,650.2534,45.42
2012-04-30,649.459,45.37
2012-05-01,656.5261,45.86
2012-05-02,651.0599,45.48
2012-05-03,635.272,44.37
2012-05-04,610.5755,42.65
2012-05-05,610.5755,42.65
2012-05-06,610.5755,42.64
2012-05-07,607.2012,42.41
2012-05-08,601.6907,42.02
2012-05-09,600.2576,41.92
2012-05-10,601.4716,42.00
2012-05-11,596.3472,41.65
2012-05-12,596.3472,41.64
2012-05-13,596.3472,41.64
2012-05-14,588.2871,41.08
2012-05-15,583.9509,40.78
2012-05-16,576.8043,40.28
2012-05-17,574.3009,40.10
2012-05-18,567.8874,39.65
2012-05-19,567.8874,39.65
2012-05-20,567.8874,39.65
2012-05-21,574.1848,40.09
2012-05-22,568.6875,39.70
2012-05-23,557.5082,38.92
2012-05-24,561.1753,39.18
2012-05-25,562.5819,39.27
2012-05-26,562.5819,39.27
2012-05-27,562.5819,39.27
2012-05-28,562.5819,39.27
2012-05-29,562.8316,39.29
2012-05-30,544.6258,38.02
2012-05-31,537.1121,37.49
2012-06-01,517.562,36.13
2012-06-02,517.562,36.13
2012-06-03,517.562,36.12
2012-06-04,521.3538,36.39
2012-06-05,522.5769,36.47
2012-06-06,528.6879,36.90
2012-06-07,528.0169,36.85
2012-06-08,524.0466,36.57
2012-06-09,524.0466,36.57
2012-06-10,524.0466,36.57
2012-06-11,515.1294,35.95
2012-06-12,518.6744,36.19
2012-06-13,514.2765,35.89
2012-06-14,521.7319,36.41
2012-06-15,522.894,36.49
2012-06-16,522.894,36.49
2012-06-17,522.894,36.48
2012-06-18,518.6207,36.19
2012-06-19,523.449,36.52
2012-06-20,507.3809,35.40
2012-06-21,487.7689,34.03
2012-06-22,496.8742,34.66
2012-06-23,496.8742,34.66
2012-06-24,496.8742,34.66
2012-06-25,493.8842,34.45
2012-06-26,495.1686,34.54
2012-06-27,500.3025,34.90
2012-06-28,485.5783,33.87
2012-06-29,529.5731,36.94
2012-06-30,529.5731,36.94
2012-07-01,529.5731,36.94
2012-07-02,522.0006,36.41
2012-07-03,545.16,38.02
2012-07-04,545.16,38.02
2012-07-05,542.7189,37.85
2012-07-06,526.2836,36.70
2012-07-07,526.2836,36.70
2012-07-08,526.2836,36.70
2012-07-09,535.6369,37.35
2012-07-10,523.5887,36.51
2012-07-11,534.931,37.30
2012-07-12,536.1627,37.39
2012-07-13,542.333,37.82
2012-07-14,542.333,37.82
2012-07-15,542.333,37.82
2012-07-16,550.1767,38.36
2012-07-17,553.5814,38.60
2012-07-18,556.6215,38.81
2012-07-19,572.1809,39.89
2012-07-20,565.3758,39.42
2012-07-21,565.3758,39.42
2012-07-22,565.3758,39.42
2012-07-23,543.5625,37.89
2012-07-24,545.691,38.04
2012-07-25,548.8527,38.26
2012-07-26,551.7105,38.46
2012-07-27,556.9993,38.83
2012-07-28,556.9993,38.83
2012-07-29,556.9993,38.83
2012-07-30,555.1805,38.70
2012-07-31,544.972,37.99
2012-08-01,549.8357,38.32
2012-08-02,539.5055,37.60
2012-08-03,563.8174,39.30
2012-08-04,563.8174,39.30
2012-08-05,563.8174,39.29
2012-08-06,568.8062,39.64
2012-08-07,577.9242,40.28
2012-08-08,576.6495,40.19
2012-08-09,576.408,40.17
2012-08-10,573.31,39.95
2012-08-11,573.31,39.95
2012-08-12,573.31,39.95
2012-08-13,573.0109,39.93
2012-08-14,577.024,40.21
2012-08-15,581.888,40.54
2012-08-16,589.2439,41.06
2012-08-17,591.5553,41.22
2012-08-18,591.5553,41.22
2012-08-19,591.5553,41.21
2012-08-20,591.6215,41.22
2012-08-21,595.5739,41.49
2012-08-22,597.4598,41.62
2012-08-23,592.113,41.25
2012-08-24,590.7776,41.16
2012-08-25,590.7776,41.15
2012-08-26,590.7776,41.15
2012-08-27,587.0752,40.89
2012-08-28,591.8178,41.22
2012-08-29,586.8355,40.88
2012-08-30,582.0356,40.54
2012-08-31,592.5524,41.27
2012-09-01,592.5524,41.27
2012-09-02,592.5524,41.27
2012-09-03,592.5524,41.27
2012-09-04,586.1165,40.82
2012-09-05,586.4828,40.85
2012-09-06,587.0922,40.89
2012-09-07,592.625,41.27
2012-09-08,592.625,41.27
2012-09-09,592.625,41.27
2012-09-10,593.6632,41.34
2012-09-11,597.0874,41.58
2012-09-12,596.0589,41.51
2012-09-13,602.8256,41.98
2012-09-14,606.5019,42.23
2012-09-15,606.5019,42.23
2012-09-16,606.5019,42.23
2012-09-17,592.4387,41.25
2012-09-18,584.41,40.69
2012-09-19,564.0639,39.27
2012-09-20,565.9977,39.40
2012-09-21,568.8372,39.60
2012-09-22,568.8372,39.60
2012-09-23,568.8372,39.60
2012-09-24,563.3476,39.22
2012-09-25,560.1492,38.99
2012-09-26,552.543,38.46
2012-09-27,563.7755,39.24
2012-09-28,566.1321,39.41
2012-09-29,566.1321,39.41
2012-09-30,566.1321,39.40
2012-10-01,567.828,39.52
2012-10-02,564.5084,39.29
2012-10-03,542.2289,37.74
2012-10-04,563.0619,39.19
2012-10-05,552.9191,38.48
2012-10-06,552.9191,38.48
2012-10-07,552.9191,38.48
2012-10-08,549.7227,38.26
2012-10-09,568.3822,39.55
2012-10-10,561.5605,39.08
2012-10-11,567.0569,39.46
2012-10-12,565.5489,39.35
2012-10-13,565.5489,39.35
2012-10-14,565.5489,39.35
2012-10-15,566.0367,39.38
2012-10-16,566.9441,39.45
2012-10-17,567.4288,39.48
2012-10-18,567.0078,39.45
2012-10-19,554.8722,38.60
2012-10-20,554.8722,38.60
2012-10-21,554.8722,38.60
2012-10-22,544.6116,37.89
2012-10-23,533.0192,37.08
2012-10-24,527.4049,36.69
2012-10-25,529.3387,36.82
2012-10-26,530.6083,36.91
2012-10-27,530.6083,36.91
2012-10-28,530.6083,36.91
2012-10-29,530.6083,36.91
2012-10-30,530.6083,36.91
2012-10-31,530.3749,36.89
2012-11-01,535.3284,37.23
2012-11-02,523.0114,36.38
2012-11-03,523.0114,36.37
2012-11-04,523.0114,36.37
2012-11-05,527.4251,36.68
2012-11-06,545.4221,37.93
2012-11-07,520.1212,36.17
2012-11-08,523.8668,36.43
2012-11-09,529.9675,36.85
2012-11-10,529.9675,36.85
2012-11-11,529.9675,36.85
2012-11-12,527.3754,36.67
2012-11-13,526.4107,36.60
2012-11-14,530.8206,36.91
2012-11-15,525.6287,36.55
2012-11-16,531.6692,36.97
2012-11-17,531.6692,36.96
2012-11-18,531.6692,36.96
2012-11-19,545.5031,37.92
2012-11-20,531.3128,36.94
2012-11-21,535.1187,37.20
2012-11-22,535.1187,37.20
2012-11-23,540.8585,37.60
2012-11-24,540.8585,37.60
2012-11-25,540.8585,37.60
2012-11-26,537.6014,37.37
2012-11-27,534.2814,37.14
2012-11-28,530.2367,36.86
2012-11-29,539.2365,37.48
2012-11-30,544.3109,37.83
2012-12-01,544.3109,37.83
2012-12-02,544.3109,37.83
2012-12-03,545.5837,37.92
2012-12-04,541.8407,37.66
2012-12-05,538.3393,37.41
2012-12-06,528.4967,36.73
2012-12-07,526.3239,36.58
2012-12-08,526.3239,36.58
2012-12-09,526.3239,36.57
2012-12-10,523.8127,36.40
2012-12-11,524.977,36.48
2012-12-12,530.1153,36.84
2012-12-13,524.6508,36.45
2012-12-14,530.2316,36.84
2012-12-15,530.2316,36.84
2012-12-16,530.2316,36.84
2012-12-17,530.6511,36.87
2012-12-18,535.697,37.22
2012-12-19,544.7792,37.85
2012-12-20,546.3231,37.95
2012-12-21,538.4292,37.41
2012-12-22,538.4292,37.40
2012-12-23,538.4292,37.40
2012-12-24,538.1936,37.39
2012-12-25,538.1936,37.39
2012-12-26,550.8973,38.27
2012-12-27,550.5425,38.24
2012-12-28,549.7128,38.18
2012-12-29,549.7128,38.18
2012-12-30,549.7128,38.18
2012-12-31,554.9402,38.54
2013-01-01,554.9402,38.54
2013-01-02,561.5316,39.00
2013-01-03,560.2862,38.91
2013-01-04,560.3467,38.92
2013-01-05,560.3467,38.91
2013-01-06,560.3467,38.91
2013-01-07,561.1812,38.97
2013-01-08,561.8352,39.01
2013-01-09,562.0143,39.03
2013-01-10,565.1614,39.24
2013-01-11,563.2036,39.11
2013-01-12,563.2036,39.11
2013-01-13,563.2036,39.11
2013-01-14,567.1838,39.38
2013-01-15,561.5458,38.99
2013-01-16,566.83,39.35
2013-01-17,574.3106,39.87
2013-01-18,575.499,39.95
2013-01-19,575.499,39.95
2013-01-20,575.499,39.95
2013-01-21,575.499,39.95
2013-01-22,579.5403,40.23
2013-01-23,573.0712,39.78
2013-01-24,577.287,40.07
2013-01-25,576.2791,40.00
2013-01-26,576.2791,40.00
2013-01-27,576.2791,40.00
2013-01-28,579.2508,40.21
2013-01-29,585.5443,40.64
2013-01-30,588.0387,40.81
2013-01-31,586.3184,40.69
2013-02-01,587.8037,40.80
2013-02-02,587.8037,40.79
2013-02-03,587.8037,40.79
2013-02-04,578.7249,40.16
2013-02-05,581.3973,40.35
2013-02-06,581.5765,40.36
2013-02-07,577.8971,40.10
2013-02-08,577.744,40.09
2013-02-09,577.744,40.09
2013-02-10,577.744,40.09
2013-02-11,584.896,40.58
2013-02-12,587.5513,40.77
2013-02-13,584.9951,40.59
2013-02-14,586.4165,40.69
2013-02-15,577.7793,40.09
2013-02-16,577.7793,40.09
2013-02-17,577.7793,40.08
2013-02-18,577.7793,40.08
2013-02-19,581.1574,40.32
2013-02-20,569.9172,39.54
2013-02-21,555.8959,38.56
2013-02-22,557.7911,38.69
2013-02-23,557.7911,38.69
2013-02-24,557.7911,38.69
2013-02-25,557.6189,38.68
2013-02-26,554.544,38.46
2013-02-27,554.9009,38.49
2013-02-28,550.9384,38.21
2013-03-01,543.544,37.70
2013-03-02,543.544,37.70
2013-03-03,543.544,37.70
2013-03-04,540.2361,37.47
2013-03-05,544.3798,37.75
2013-03-06,541.8371,37.58
2013-03-07,548.0518,38.01
2013-03-08,550.3733,38.17
2013-03-09,550.3733,38.17
2013-03-10,550.3733,38.16
2013-03-11,550.6506,38.18
2013-03-12,552.1912,38.29
2013-03-13,551.2097,38.22
2013-03-14,553.8772,38.40
2013-03-15,556.7816,38.60
2013-03-16,556.7816,38.60
2013-03-17,556.7816,38.60
2013-03-18,558.1486,38.70
2013-03-19,549.6186,38.10
2013-03-20,555.4259,38.51
2013-03-21,550.1544,38.14
2013-03-22,555.9618,38.54
2013-03-23,555.9618,38.54
2013-03-24,555.9618,38.54
2013-03-25,562.6013,39.00
2013-03-26,571.1339,39.59
2013-03-27,572.557,39.69
2013-03-28,576.4685,39.96
2013-03-29,576.4685,39.96
2013-03-30,576.4685,39.96
2013-03-31,576.4685,39.95
2013-04-01,577.125,40.00
2013-04-02,577.8964,40.05
2013-04-03,562.2564,38.97
2013-04-04,555.4441,38.49
2013-04-05,552.0089,38.25
2013-04-06,552.0089,38.25
2013-04-07,552.0089,38.25
2013-04-08,555.9819,38.53
2013-04-09,560.7227,38.86
2013-04-10,563.6861,39.06
2013-04-11,557.2291,38.61
2013-04-12,544.7287,37.74
2013-04-13,544.7287,37.74
2013-04-14,544.7287,37.74
2013-04-15,529.4455,36.68
2013-04-16,529.4463,36.68
2013-04-17,516.7679,35.80
2013-04-18,522.2196,36.18
2013-04-19,523.9386,36.30
2013-04-20,523.9386,36.30
2013-04-21,523.9386,36.30
2013-04-22,530.3399,36.74
2013-04-23,530.3999,36.74
2013-04-24,542.9022,37.61
2013-04-25,555.8786,38.51
2013-04-26,551.5542,38.20
2013-04-27,551.5542,38.20
2013-04-28,551.5542,38.20
2013-04-29,559.6145,38.76
2013-04-30,553.4533,38.33
2013-05-01,539.0563,37.33
2013-05-02,556.2988,38.53
2013-05-03,565.4241,39.16
2013-05-04,565.4241,39.16
2013-05-05,565.4241,39.16
2013-05-06,569.4555,39.44
2013-05-07,566.3751,39.22
2013-05-08,571.4383,39.57
2013-05-09,571.3674,39.57
2013-05-10,569.2041,39.41
2013-05-11,569.2041,39.41
2013-05-12,569.2041,39.41
2013-05-13,564.4222,39.08
2013-05-14,560.3952,38.80
2013-05-15,561.478,38.87
2013-05-16,566.4683,39.22
2013-05-17,570.3765,39.49
2013-05-18,570.3765,39.49
2013-05-19,570.3765,39.49
2013-05-20,573.3844,39.69
2013-05-21,569.7181,39.44
2013-05-22,560.2205,38.78
2013-05-23,559.4998,38.73
2013-05-24,559.5005,38.73
2013-05-25,559.5005,38.73
2013-05-26,559.5005,38.73
2013-05-27,559.5005,38.73
2013-05-28,564.7935,39.09
2013-05-29,554.8149,38.40
2013-05-30,557.1601,38.56
2013-05-31,548.7445,37.98
2013-06-01,548.7445,37.98
2013-06-02,548.7445,37.98
2013-06-03,557.6438,38.59
2013-06-04,557.8248,38.60
2013-06-05,559.3284,38.71
2013-06-06,564.2587,39.05
2013-06-07,571.1729,39.52
2013-06-08,571.1729,39.52
2013-06-09,571.1729,39.52
2013-06-10,570.4536,39.47
2013-06-11,567.6288,39.28
2013-06-12,570.2146,39.45
2013-06-13,574.9045,39.78
2013-06-14,581.1574,40.21
2013-06-15,581.1574,40.21
2013-06-16,581.1574,40.21
2013-06-17,581.881,40.26
2013-06-18,584.7073,40.45
2013-06-19,584.4676,40.43
2013-06-20,563.0663,38.95
2013-06-21,553.6285,38.30
2013-06-22,553.6285,38.30
2013-06-23,553.6285,38.30
2013-06-24,560.1835,38.75
2013-06-25,561.2666,38.82
2013-06-26,562.2294,38.89
2013-06-27,570.4065,39.45
2013-06-28,567.4015,39.24
2013-06-29,567.4015,39.24
2013-06-30,567.4015,39.24
2013-07-01,573.8972,39.69
2013-07-02,580.0301,40.11
2013-07-03,588.5678,40.70
2013-07-04,588.5678,40.70
2013-07-05,595.8439,41.21
2013-07-06,595.8439,41.20
2013-07-07,595.8439,41.20
2013-07-08,596.3875,41.24
2013-07-09,598.0115,41.35
2013-07-10,605.407,41.86
2013-07-11,603.1833,41.71
2013-07-12,609.0758,42.11
2013-07-13,609.0758,42.11
2013-07-14,609.0758,42.11
2013-07-15,610.5811,42.21
2013-07-16,610.5217,42.21
2013-07-17,614.1296,42.46
2013-07-18,619.7215,42.84
2013-07-19,617.3174,42.68
2013-07-20,617.3174,42.68
2013-07-21,617.3174,42.67
2013-07-22,615.3956,42.54
2013-07-23,617.0796,42.66
2013-07-24,608.7835,42.08
2013-07-25,611.9104,42.30
2013-07-26,609.7466,42.15
2013-07-27,609.7466,42.15
2013-07-28,609.7466,42.14
2013-07-29,609.6883,42.14
2013-07-30,604.1577,41.76
2013-07-31,611.1323,42.24
2013-08-01,623.5178,43.09
2013-08-02,620.6325,42.89
2013-08-03,620.6325,42.89
2013-08-04,620.6325,42.89
2013-08-05,619.7322,42.83
2013-08-06,613.9011,42.42
2013-08-07,610.1742,42.16
2013-08-08,604.4032,41.76
2013-08-09,615.5264,42.53
2013-08-10,615.5264,42.53
2013-08-11,615.5264,42.53
2013-08-12,619.0756,42.77
2013-08-13,623.9464,43.11
2013-08-14,625.0897,43.19
2013-08-15,629.1188,43.46
2013-08-16,632.3062,43.68
2013-08-17,632.3062,43.68
2013-08-18,632.3062,43.68
2013-08-19,629.6637,43.50
2013-08-20,622.8106,43.02
2013-08-21,615.7771,42.54
2013-08-22,620.8283,42.89
2013-08-23,628.4648,43.41
2013-08-24,628.4648,43.41
2013-08-25,628.4648,43.41
2013-08-26,626.2429,43.26
2013-08-27,642.7173,44.39
2013-08-28,648.3696,44.78
2013-08-29,640.915,44.27
2013-08-30,635.5647,43.89
2013-08-31,635.5647,43.89
2013-09-01,635.5647,43.89
2013-09-02,635.5647,43.89
2013-09-03,639.8363,44.19
2013-09-04,633.6441,43.76
2013-09-05,639.2963,44.15
2013-09-06,649.0369,44.82
2013-09-07,649.0369,44.82
2013-09-08,649.0369,44.82
2013-09-09,642.2445,44.35
2013-09-10,630.9061,43.56
2013-09-11,631.9832,43.64
2013-09-12,638.1723,44.06
2013-09-13,637.1259,43.99
2013-09-14,637.1259,43.99
2013-09-15,637.1259,43.99
2013-09-16,630.9004,43.56
2013-09-17,622.5985,42.98
2013-09-18,637.4937,44.01
2013-09-19,629.4359,43.45
2013-09-20,625.6513,43.19
2013-09-21,625.6513,43.19
2013-09-22,625.6513,43.19
2013-09-23,620.3409,42.82
2013-09-24,619.6697,42.77
2013-09-25,617.6556,42.63
2013-09-26,621.0745,42.87
2013-09-27,619.6098,42.77
2013-09-28,619.6098,42.76
2013-09-29,619.6098,42.76
2013-09-30,617.4742,42.61
2013-10-01,616.3756,42.54
2013-10-02,627.3639,43.30
2013-10-03,624.1897,43.08
2013-10-04,627.6695,43.31
2013-10-05,627.6695,43.31
2013-10-06,627.6695,43.31
2013-10-07,624.6788,43.10
2013-10-08,627.5452,43.30
2013-10-09,616.8701,42.56
2013-10-10,626.6023,43.23
2013-10-11,623.9355,43.05
2013-10-12,623.9355,43.05
2013-10-13,623.9355,43.05
2013-10-14,625.6078,43.16
2013-10-15,620.2878,42.79
2013-10-16,626.415,43.22
2013-10-17,615.3429,42.45
2013-10-18,618.1292,42.64
2013-10-19,618.1292,42.64
2013-10-20,618.1292,42.64
2013-10-21,612.3821,42.24
2013-10-22,605.8864,41.79
2013-10-23,595.6167,41.08
2013-10-24,596.4216,41.14
2013-10-25,600.3818,41.41
2013-10-26,600.3818,41.41
2013-10-27,600.3818,41.41
2013-10-28,606.8799,41.86
2013-10-29,604.5915,41.70
2013-10-30,598.9002,41.30
2013-10-31,596.8592,41.16
2013-11-01,587.5176,40.52
2013-11-02,587.5176,40.52
2013-11-03,587.5176,40.52
2013-11-04,588.4479,40.58
2013-11-05,581.148,40.07
2013-11-06,589.1919,40.63
2013-11-07,585.4186,40.37
2013-11-08,588.2655,40.56
2013-11-09,588.2655,40.56
2013-11-10,588.2655,40.56
2013-11-11,591.4234,40.78
2013-11-12,580.7206,40.04
2013-11-13,587.0326,40.47
2013-11-14,587.5907,40.51
2013-11-15,587.7157,40.52
2013-11-16,587.7157,40.52
2013-11-17,587.7157,40.52
2013-11-18,582.7078,40.17
2013-11-19,583.2041,40.20
2013-11-20,583.0817,40.19
2013-11-21,592.5494,40.85
2013-11-22,589.5809,40.64
2013-11-23,589.5809,40.64
2013-11-24,589.5809,40.64
2013-11-25,585.13,40.33
2013-11-26,582.9039,40.18
2013-11-27,574.6761,39.61
2013-11-28,574.6761,39.61
2013-11-29,576.9061,39.76
2013-11-30,576.9061,39.76
2013-12-01,576.9061,39.76
2013-12-02,583.3448,40.20
2013-12-03,595.9064,41.06
2013-12-04,602.9613,41.55
2013-12-05,604.1382,41.63
2013-12-06,605.9957,41.76
2013-12-07,605.9957,41.76
2013-12-08,605.9957,41.76
2013-12-09,603.8033,41.60
2013-12-10,609.3029,41.98
2013-12-11,604.6493,41.66
2013-12-12,604.5128,41.65
2013-12-13,598.6772,41.25
2013-12-14,598.6772,41.25
2013-12-15,598.6772,41.24
2013-12-16,602.6347,41.52
2013-12-17,600.0626,41.34
2013-12-18,601.821,41.46
2013-12-19,606.9058,41.81
2013-12-20,608.4759,41.91
2013-12-21,608.4759,41.91
2013-12-22,608.4759,41.91
2013-12-23,607.6633,41.86
2013-12-24,611.4302,42.11
2013-12-25,611.4302,42.11
2013-12-26,612.4995,42.19
2013-12-27,616.2664,42.44
2013-12-28,616.2664,42.44
2013-12-29,616.2664,42.44
2013-12-30,614.0105,42.29
2013-12-31,610.5596,42.05
2014-01-01,610.5596,42.05
2014-01-02,593.9295,40.90
2014-01-03,585.2065,40.30
2014-01-04,585.2065,40.30
2014-01-05,585.2065,40.30
2014-01-06,582.6991,40.12
2014-01-07,582.7,40.12
2014-01-08,575.6086,39.63
2014-01-09,572.9734,39.45
2014-01-10,578.9369,39.86
2014-01-11,578.9369,39.86
2014-01-12,578.9369,39.86
2014-01-13,573.3535,39.47
2014-01-14,576.4923,39.69
2014-01-15,584.8405,40.26
2014-01-16,583.0209,40.14
2014-01-17,586.5363,40.38
2014-01-18,586.5363,40.38
2014-01-19,586.5363,40.38
2014-01-20,586.5363,40.37
2014-01-21,588.7354,40.52
2014-01-22,596.8327,41.08
2014-01-23,596.5822,41.06
2014-01-24,594.7626,40.94
2014-01-25,594.7626,40.94
2014-01-26,594.7626,40.93
2014-01-27,589.8059,40.59
2014-01-28,599.1588,41.24
2014-01-29,598.6576,41.20
2014-01-30,602.1106,41.44
2014-01-31,595.3328,40.97
2014-02-01,595.3328,40.97
2014-02-02,595.3328,40.97
2014-02-03,590.126,40.61
2014-02-04,594.7086,40.92
2014-02-05,597.6593,41.12
2014-02-06,602.1791,41.43
2014-02-07,614.1054,42.25
2014-02-08,614.1054,42.25
2014-02-09,614.1054,42.25
2014-02-10,613.8929,42.24
2014-02-11,614.8841,42.30
2014-02-12,617.5889,42.49
2014-02-13,618.4749,42.55
2014-02-14,619.7006,42.63
2014-02-15,619.7006,42.63
2014-02-16,619.7006,42.63
2014-02-17,619.7006,42.63
2014-02-18,628.2113,43.21
2014-02-19,629.1141,43.27
2014-02-20,629.8237,43.32
2014-02-21,627.8918,43.19
2014-02-22,627.8918,43.19
2014-02-23,627.8918,43.19
2014-02-24,632.0821,43.47
2014-02-25,626.6067,43.10
2014-02-26,629.1845,43.27
2014-02-27,628.4766,43.22
2014-02-28,630.7967,43.38
2014-03-01,630.7967,43.38
2014-03-02,630.7967,43.38
2014-03-03,642.267,44.17
2014-03-04,633.9569,43.59
2014-03-05,625.0669,42.98
2014-03-06,626.6784,43.09
2014-03-07,632.22,43.47
2014-03-08,632.22,43.47
2014-03-09,632.22,43.47
2014-03-10,625.3289,43.00
2014-03-11,621.9151,42.76
2014-03-12,612.574,42.12
2014-03-13,614.25,42.23
2014-03-14,617.6011,42.46
2014-03-15,617.6011,42.46
2014-03-16,617.6011,42.46
2014-03-17,610.1301,41.94
2014-03-18,614.1899,42.22
2014-03-19,612.7089,42.12
2014-03-20,614.256,42.22
2014-03-21,617.9292,42.48
2014-03-22,617.9292,42.47
2014-03-23,617.9292,42.47
2014-03-24,619.0915,42.55
2014-03-25,617.9327,42.47
2014-03-26,623.5388,42.86
2014-03-27,629.3382,43.25
2014-03-28,631.3364,43.39
2014-03-29,631.3364,43.39
2014-03-30,631.3364,43.39
2014-03-31,631.339,43.39
2014-04-01,620.9023,42.67
2014-04-02,620.0655,42.61
2014-04-03,625.3495,42.97
2014-04-04,629.9248,43.29
2014-04-05,629.9248,43.29
2014-04-06,629.9248,43.28
2014-04-07,627.0278,43.08
2014-04-08,638.5612,43.88
2014-04-09,642.1054,44.12
2014-04-10,640.2375,43.99
2014-04-11,641.0112,44.04
2014-04-12,641.0112,44.04
2014-04-13,641.0112,44.04
2014-04-14,645.9095,44.37
2014-04-15,644.7504,44.29
2014-04-16,645.7175,44.36
2014-04-17,646.298,44.40
2014-04-18,646.298,44.40
2014-04-19,646.298,44.40
2014-04-20,646.298,44.39
2014-04-21,648.8133,44.57
2014-04-22,640.6956,44.01
2014-04-23,639.5364,43.93
2014-04-24,642.5652,44.13
2014-04-25,634.2542,43.56
2014-04-26,634.2542,43.56
2014-04-27,634.2542,43.56
2014-04-28,633.2893,43.49
2014-04-29,636.4468,43.71
2014-04-30,627.4913,43.09
2014-05-01,625.2366,42.94
2014-05-02,626.7189,43.04
2014-05-03,626.7189,43.04
2014-05-04,626.7189,43.04
2014-05-05,624.4004,42.88
2014-05-06,623.4344,42.81
2014-05-07,631.6176,43.37
2014-05-08,629.5562,43.23
2014-05-09,628.1392,43.13
2014-05-10,628.1392,43.13
2014-05-11,628.1392,43.13
2014-05-12,632.5863,43.43
2014-05-13,639.352,43.89
2014-05-14,643.6049,44.18
2014-05-15,640.9637,44.00
2014-05-16,643.1548,44.15
2014-05-17,643.1548,44.15
2014-05-18,643.1548,44.15
2014-05-19,645.4112,44.30
2014-05-20,647.5379,44.45
2014-05-21,657.7185,45.15
2014-05-22,656.237,45.04
2014-05-23,659.459,45.26
2014-05-24,659.459,45.26
2014-05-25,659.459,45.26
2014-05-26,659.459,45.26
2014-05-27,657.85,45.15
2014-05-28,650.8919,44.67
2014-05-29,655.596,44.99
2014-05-30,650.9574,44.67
2014-05-31,650.9574,44.67
2014-06-01,650.9574,44.67
2014-06-02,650.057,44.61
2014-06-03,651.2174,44.69
2014-06-04,650.8314,44.66
2014-06-05,650.4454,44.63
2014-06-06,651.0904,44.67
2014-06-07,651.0904,44.67
2014-06-08,651.0904,44.67
2014-06-09,660.9567,45.35
2014-06-10,660.2974,45.30
2014-06-11,661.7503,45.40
2014-06-12,675.1203,46.32
2014-06-13,675.9022,46.37
2014-06-14,675.9022,46.37
2014-06-15,675.9022,46.37
2014-06-16,678.1177,46.52
2014-06-17,676.4908,46.41
2014-06-18,676.1008,46.38
2014-06-19,679.3566,46.60
2014-06-20,682.938,46.84
2014-06-21,682.938,46.84
2014-06-22,682.938,46.84
2014-06-23,679.5546,46.61
2014-06-24,679.3598,46.60
2014-06-25,681.8342,46.76
2014-06-26,678.1888,46.51
2014-06-27,677.994,46.50
2014-06-28,677.994,46.50
2014-06-29,677.994,46.50
2014-06-30,676.1074,46.37
2014-07-01,676.1733,46.37
2014-07-02,671.161,46.02
2014-07-03,668.8831,45.87
2014-07-04,668.8831,45.87
2014-07-05,668.8831,45.86
2014-07-06,668.8831,45.86
2014-07-07,665.9564,45.66
2014-07-08,664.134,45.54
2014-07-09,657.9956,45.11
2014-07-10,662.4237,45.42
2014-07-11,649.604,44.54
2014-07-12,649.604,44.54
2014-07-13,649.604,44.53
2014-07-14,652.5158,44.73
2014-07-15,646.1165,44.29
2014-07-16,650.2075,44.57
2014-07-17,655.7501,44.95
2014-07-18,653.5733,44.80
2014-07-19,653.5733,44.80
2014-07-20,653.5733,44.80
2014-07-21,659.1828,45.18
2014-07-22,656.4122,44.99
2014-07-23,659.4476,45.20
2014-07-24,653.9719,44.82
2014-07-25,655.6218,44.93
2014-07-26,655.6218,44.93
2014-07-27,655.6218,44.93
2014-07-28,650.9387,44.61
2014-07-29,648.1682,44.42
2014-07-30,643.6822,44.11
2014-07-31,634.7757,43.50
2014-08-01,632.0051,43.31
2014-08-02,632.0051,43.31
2014-08-03,632.0051,43.31
2014-08-04,635.2396,43.53
2014-08-05,631.9411,43.30
2014-08-06,630.0941,43.17
2014-08-07,633.3275,43.39
2014-08-08,633.5392,43.41
2014-08-09,633.5392,43.41
2014-08-10,633.5392,43.40
2014-08-11,635.3905,43.53
2014-08-12,630.7493,43.21
2014-08-13,630.7493,43.21
2014-08-14,616.3692,42.22
2014-08-15,623.3875,42.70
2014-08-16,623.3875,42.70
2014-08-17,623.3875,42.70
2014-08-18,613.1272,42.00
2014-08-19,609.2216,41.73
2014-08-20,611.8041,41.91
2014-08-21,614.7176,42.10
2014-08-22,614.5195,42.09
2014-08-23,614.5195,42.09
2014-08-24,614.5195,42.09
2014-08-25,613.1969,42.00
2014-08-26,616.0443,42.19
2014-08-27,615.3828,42.14
2014-08-28,616.7074,42.23
2014-08-29,622.4016,42.62
2014-08-30,622.4016,42.62
2014-08-31,622.4016,42.62
2014-09-01,622.4016,42.62
2014-09-02,606.5804,41.54
2014-09-03,621.742,42.57
2014-09-04,616.1149,42.19
2014-09-05,610.9512,41.83
2014-09-06,610.9512,41.83
2014-09-07,610.9512,41.83
2014-09-08,606.5829,41.53
2014-09-09,604.6633,41.40
2014-09-10,597.5795,40.91
2014-09-11,603.2074,41.30
2014-09-12,599.0367,41.01
2014-09-13,599.0367,41.01
2014-09-14,599.0367,41.01
2014-09-15,602.6791,41.26
2014-09-16,613.471,41.99
2014-09-17,609.8299,41.74
2014-09-18,603.2095,41.29
2014-09-19,601.9518,41.20
2014-09-20,601.9518,41.20
2014-09-21,601.9518,41.20
2014-09-22,596.5898,40.83
2014-09-23,599.5693,41.04
2014-09-24,605.9915,41.47
2014-09-25,604.4689,41.37
2014-09-26,609.236,41.69
2014-09-27,609.236,41.69
2014-09-28,609.236,41.69
2014-09-29,614.2682,42.04
2014-09-30,594.274,40.67
2014-10-01,589.9708,40.37
2014-10-02,589.7724,40.36
2014-10-03,581.7616,39.81
2014-10-04,581.7616,39.81
2014-10-05,581.7616,39.81
2014-10-06,586.9265,40.16
2014-10-07,578.9157,39.61
2014-10-08,570.8653,39.06
2014-10-09,561.0919,38.39
2014-10-10,561.2384,38.40
2014-10-11,561.2384,38.40
2014-10-12,561.2384,38.40
2014-10-13,559.7485,38.29
2014-10-14,534.0966,36.54
2014-10-15,529.6326,36.23
2014-10-16,538.0946,36.81
2014-10-17,538.8277,36.86
2014-10-18,538.8277,36.86
2014-10-19,538.8277,36.86
2014-10-20,536.3629,36.69
2014-10-21,540.0278,36.94
2014-10-22,529.9671,36.25
2014-10-23,541.2277,37.02
2014-10-24,536.6306,36.70
2014-10-25,536.6306,36.70
2014-10-26,536.6306,36.70
2014-10-27,535.2989,36.61
2014-10-28,538.564,36.83
2014-10-29,544.2278,37.22
2014-10-30,537.2987,36.74
2014-10-31,535.1002,36.59
2014-11-01,535.1002,36.59
2014-11-02,535.1002,36.59
2014-11-03,525.3732,35.92
2014-11-04,514.6462,35.19
2014-11-05,523.1084,35.77
2014-11-06,518.5113,35.45
2014-11-07,523.3089,35.78
2014-11-08,523.3089,35.78
2014-11-09,523.3089,35.78
2014-11-10,515.9805,35.28
2014-11-11,518.7793,35.47
2014-11-12,513.9157,35.13
2014-11-13,493.4607,33.73
2014-11-14,505.0546,34.52
2014-11-17,505.0557,34.52
2014-11-18,498.7928,34.09
2014-11-19,495.5283,33.87
2014-11-20,505.19,34.53
2014-11-21,510.8539,34.92
2014-11-24,506.1908,34.59
2014-11-25,494.7307,33.81
2014-11-26,491.8659,33.61
2014-11-27,491.8659,33.61
2014-11-28,442.4933,30.24
2014-12-01,461.1506,31.51
2014-12-02,447.425,30.57
2014-12-03,450.1572,30.76
2014-12-04,446.6261,30.52
2014-12-05,440.2965,30.08
2014-12-08,422.3663,28.86
2014-12-09,427.3186,29.19
2014-12-10,410.302,28.03
2014-12-11,405.306,27.69
2014-12-12,391.3416,26.73
2014-12-15,380.803,26.01
2014-12-16,378.3661,25.85
2014-12-17,382.3188,26.11
2014-12-18,367.2346,25.08
2014-12-19,385.7449,26.35
2014-12-22,374.8113,25.60
2014-12-23,386.6029,26.40
2014-12-24,379.4893,25.92
2014-12-25,379.4893,25.92
2014-12-26,373.1667,25.48
2014-12-29,367.1081,25.07
2014-12-30,370.6656,25.31
2014-12-31,366.5819,25.03
2015-01-01,366.5819,25.03
2015-01-02,363.2891,24.81
2015-01-05,347.349,23.72
2015-01-06,334.504,22.84
2015-01-07,337.4686,23.04
2015-01-08,339.1816,23.16
2015-01-09,338.1279,23.08
2015-01-12,324.0318,22.12
2015-01-13,321.9241,21.98
2015-01-14,336.6141,22.98
2015-01-15,323.4396,22.08
2015-01-16,338.3931,23.10
2015-01-20,321.8597,21.97
2015-01-21,329.633,22.50
2015-01-22,321.4649,21.94
2015-01-23,318.4349,21.73
2015-01-26,316.3935,21.59
2015-01-27,322.7835,22.03
2015-01-28,312.9684,21.36
2015-01-29,313.6273,21.40
2015-01-30,337.4081,23.02
2015-02-02,347.2898,23.70
2015-02-03,369.6214,25.22
2015-02-04,341.8225,23.32
2015-02-05,354.3388,24.18
2015-02-09,367.5209,25.07
2015-02-10,352.9568,24.08
2015-02-11,347.171,23.68
2015-02-12,362.2312,24.71
2015-02-13,369.1116,25.18
2015-02-16,369.1116,25.18
2015-02-17,370.848,25.29
2015-02-18,361.2407,24.64
2015-02-19,355.4144,24.24
2015-02-20,353.3071,24.10
2015-02-23,349.8365,23.86
2015-02-24,347.7912,23.72
2015-02-25,360.0642,24.55
2015-02-26,348.0395,23.73
2015-02-27,358.9489,24.48
2015-03-02,351.6974,23.98
2015-03-03,359.1356,24.49
2015-03-04,358.02,24.41
2015-03-05,354.797,24.19
2015-03-06,349.5285,23.83
2015-03-09,347.1735,23.67
2015-03-10,337.752,23.03
2015-03-11,340.1075,23.19
2015-03-12,336.9464,22.97
2015-03-13,325.4175,22.18
2015-03-16,320.0873,21.82
2015-03-17,313.4553,21.37
2015-03-18,326.5344,22.26
2015-03-19,317.2371,21.62
2015-03-20,324.0558,22.09
2015-03-23,326.7842,22.27
2015-03-24,324.9248,22.14
2015-03-25,333.231,22.71
2015-03-26,346.6819,23.63
2015-03-27,332.5495,22.66
2015-03-30,332.674,22.67
2015-03-31,326.5998,22.25
2015-04-01,339.3071,23.12
2015-04-02,331.0634,22.56
2015-04-06,347.9247,23.70
2015-04-07,354.2474,24.13
2015-04-08,336.0858,22.90
2015-04-09,341.2928,23.25
2015-04-10,347.6155,23.68
2015-04-13,348.7938,23.76
2015-04-14,354.3728,24.14
2015-04-15,370.1794,25.22
2015-04-16,373.5269,25.44
2015-04-17,369.1881,25.15
2015-04-20,373.2799,25.42
2015-04-21,366.8956,24.99
2015-04-22,366.338,24.95
2015-04-23,376.0701,25.61
2015-04-24,375.0166,25.54
2015-04-27,373.0338,25.40
2015-04-28,371.4843,25.30
2015-04-29,378.303,25.76
2015-04-30,382.9522,26.08
2015-05-01,381.7127,25.99
2015-05-04,380.4736,25.91
2015-05-05,387.6642,26.39
2015-05-06,390.0818,26.56
2015-05-07,376.6309,25.64
2015-05-08,379.0333,25.80
2015-05-11,379.3677,25.83
2015-05-12,387.781,26.40
2015-05-13,386.0781,26.28
2015-05-14,382.7495,26.05
2015-05-15,380.3456,25.89
2015-05-18,377.1407,25.67
2015-05-19,364.4421,24.81
2015-05-20,370.0519,25.19
2015-05-21,379.8535,25.85
2015-05-22,373.9974,25.45
2015-05-26,363.765,24.76
2015-05-27,358.9569,24.43
2015-05-28,359.8201,24.49
2015-05-29,375.7862,25.57
2015-06-01,374.3072,25.47
2015-06-02,380.8417,25.91
2015-06-03,371.78,25.30
2015-06-04,362.7183,24.68
2015-06-05,370.6706,25.22
2015-06-08,364.9379,24.83
2015-06-09,377.267,25.67
2015-06-10,384.3563,26.15
2015-06-11,381.0276,25.92
2015-06-12,375.7879,25.56
2015-06-15,373.6308,25.41
2015-06-16,376.5899,25.62
2015-06-17,376.2201,25.59
2015-06-18,378.9942,25.78
2015-06-19,373.6312,25.41
2015-06-22,376.4672,25.60
2015-06-23,379.8578,25.83
2015-06-24,375.0496,25.51
2015-06-25,371.351,25.25
2015-06-26,371.3511,25.25
2015-06-29,363.4608,24.71
2015-06-30,370.4885,25.19
2015-07-01,355.6938,24.19
2015-07-02,355.1391,24.15
2015-07-06,327.5225,22.27
2015-07-07,326.9062,22.22
2015-07-08,323.3309,21.98
2015-07-09,330.3808,22.46
2015-07-10,330.6134,22.48
2015-07-13,327.9446,22.29
2015-07-14,332.3018,22.59
2015-07-15,321.9666,21.88
2015-07-16,318.7634,21.67
2015-07-17,318.5218,21.65
2015-07-20,314.8353,21.40
2015-07-21,317.7367,21.59
2015-07-22,308.4291,20.96
2015-07-23,303.6545,20.64
2015-07-24,301.6602,20.50
2015-07-27,297.4301,20.21
2015-07-28,300.4526,20.42
2015-07-29,304.1399,20.67
2015-07-30,303.2941,20.61
2015-07-31,295.6789,20.09
2015-08-03,283.2896,19.25
2015-08-04,286.2518,19.45
2015-08-05,283.1094,19.23
2015-08-06,281.2967,19.11
2015-08-07,277.1268,18.83
2015-08-10,285.9842,19.43
2015-08-11,276.257,18.77
2015-08-12,277.9215,18.88
2015-08-13,273.6057,18.59
2015-08-14,273.963,18.61
2015-08-17,269.3335,18.29
2015-08-18,271.4723,18.44
2015-08-19,260.189,17.67
2015-08-20,259.3583,17.61
2015-08-21,253.1824,17.19
2015-08-24,239.7622,16.28
2015-08-25,245.5235,16.67
2015-08-26,243.5639,16.54
2015-08-27,268.271,18.22
2015-08-28,283.4162,19.24
2015-08-31,306.6395,20.82
2015-09-01,281.5176,19.11
2015-09-02,286.3885,19.44
2015-09-03,288.468,19.59
2015-09-04,284.2519,19.30
2015-09-08,284.6113,19.32
2015-09-09,274.3963,18.63
2015-09-10,283.1871,19.22
2015-09-11,276.0011,18.74
2015-09-14,270.0041,18.33
2015-09-15,274.0433,18.60
2015-09-16,288.0607,19.55
2015-09-17,286.2199,19.43
2015-09-18,274.2227,18.61
2015-09-21,285.1525,19.35
2015-09-22,282.5392,19.17
2015-09-23,272.1452,18.47
2015-09-24,274.2834,18.61
2015-09-25,277.9659,18.86
2015-09-28,269.9478,18.32
2015-09-29,274.4025,18.62
2015-09-30,274.165,18.60
2015-10-01,272.1457,18.46
2015-10-02,277.0162,18.80
2015-10-05,281.9463,19.13
2015-10-06,295.2507,20.03
2015-10-07,291.8058,19.80
2015-10-08,300.9636,20.42
2015-10-09,301.7082,20.47
2015-10-12,287.1087,19.48
2015-10-13,284.9208,19.33
2015-10-14,285.39,19.36
2015-10-15,283.7478,19.25
2015-10-16,288.4984,19.57
2015-10-19,279.6423,18.97
2015-10-20,279.8184,18.98
2015-10-21,273.6016,18.56
2015-10-22,274.8334,18.64
2015-10-23,271.2559,18.40
2015-10-26,268.0305,18.18
2015-10-27,263.3973,17.86
2015-10-28,279.1743,18.93
2015-10-29,279.4091,18.95
2015-10-30,283.0456,19.19
2015-11-02,280.7587,19.04
2015-11-03,291.0234,19.73
2015-11-04,281.4643,19.08
2015-11-05,276.1866,18.72
2015-11-06,271.73,18.42
2015-11-09,270.1307,18.31
2015-11-10,271.8912,18.43
2015-11-11,264.68,17.94
2015-11-12,258.3259,17.51
2015-11-13,252.9631,17.15
2015-11-16,257.407,17.45
2015-11-17,251.6405,17.06
2015-11-18,253.9486,17.21
2015-11-19,253.0845,17.15
2015-11-20,255.1042,17.29
2015-11-23,255.4533,17.31
2015-11-24,262.2602,17.77
2015-11-25,262.2035,17.77
2015-11-27,254.3613,17.24
2015-11-30,253.3837,17.17
2015-12-01,254.2504,17.23
2015-12-02,245.0809,16.60
2015-12-03,251.4848,17.04
2015-12-04,245.3722,16.62
2015-12-07,233.8404,15.84
2015-12-08,231.9474,15.71
2015-12-09,230.5318,15.62
2015-12-10,229.8396,15.57
2015-12-11,222.903,15.10
2015-12-14,223.3023,15.12
2015-12-15,227.4705,15.41
2015-12-16,218.7451,14.82
2015-12-17,216.4383,14.66
2015-12-18,214.8634,14.55
2015-12-21,212.4472,14.39
2015-12-22,213.0117,14.43
2015-12-23,220.4458,14.93
2015-12-24,224.8394,15.23
2015-12-28,217.6943,14.74
2015-12-29,223.4958,15.13
2015-12-30,216.8528,14.68
2015-12-31,220.3456,14.92
2016-01-04,219.2257,14.84
2016-01-05,215.2851,14.57
2016-01-06,204.4743,13.84
2016-01-07,200.7025,13.59
2016-01-08,199.8027,13.53
2016-01-11,189.8945,12.85
2016-01-12,183.9645,12.45
2016-01-13,181.6711,12.30
2016-01-14,186.1163,12.60
2016-01-15,176.4815,11.94
2016-01-19,173.3979,11.73
2016-01-20,169.14,11.45
2016-01-21,174.9442,11.84
2016-01-22,189.7992,12.84
2016-01-25,182.1366,12.32
2016-01-26,187.7817,12.71
2016-01-27,192.3088,13.01
2016-01-28,197.4749,13.36
2016-01-29,202.3216,13.69
2016-02-01,192.9027,13.05
2016-02-02,184.3856,12.47
2016-02-03,195.2493,13.21
2016-02-04,193.2811,13.08
2016-02-05,191.3661,12.95
2016-02-08,185.9405,12.58
2016-02-09,174.3342,11.79
2016-02-10,175.5072,11.87
2016-02-11,171.5151,11.60
2016-02-12,187.6511,12.69
2016-02-16,180.6818,12.22
2016-02-17,191.5466,12.95
2016-02-18,190.4299,12.88
2016-02-19,184.201,12.46
2016-02-22,192.6729,13.03
2016-02-23,185.6451,12.55
2016-02-24,188.7355,12.76
2016-02-25,192.3585,13.01
2016-02-26,190.8158,12.90
2016-02-29,196.3596,13.28
2016-03-01,198.6514,13.43
2016-03-02,199.1325,13.46
2016-03-03,199.7734,13.51
2016-03-04,207.6042,14.04
2016-03-07,218.5281,14.77
2016-03-08,210.83,14.25
2016-03-09,218.593,14.78
2016-03-10,214.2292,14.48
2016-03-11,217.6492,14.71
2016-03-14,211.7498,14.31
2016-03-15,207.7802,14.04
2016-03-16,216.6661,14.64
2016-03-17,224.507,15.17
2016-03-18,223.0458,15.07
2016-03-21,224.9334,15.20
2016-03-22,225.4056,15.23
2016-03-23,217.5682,14.70
2016-03-24,216.4202,14.62
2016-03-28,215.8002,14.58
2016-03-29,210.7846,14.24
2016-03-30,211.9362,14.32
2016-03-31,212.6697,14.37
2016-04-01,204.7271,13.83
2016-04-04,198.4602,13.41
2016-04-05,198.566,13.41
2016-04-06,208.3937,14.08
2016-04-07,205.7294,13.90
2016-04-08,218.7302,14.78
2016-04-11,222.9773,15.06
2016-04-12,231.4941,15.64
2016-04-13,228.9806,15.47
2016-04-14,226.762,15.32
2016-04-15,222.1683,15.00
2016-04-18,219.9524,14.85
2016-04-19,226.2529,15.28
2016-04-20,234.8769,15.86
2016-04-21,229.4569,15.50
2016-04-22,232.4014,15.69
2016-04-25,227.9651,15.39
2016-04-26,234.421,15.83
2016-04-27,241.1351,16.28
2016-04-28,244.493,16.51
2016-04-29,243.4104,16.43
2016-05-02,237.0642,16.00
2016-05-03,231.8503,15.65
2016-05-04,231.6452,15.64
2016-05-05,233.9187,15.79
2016-05-06,236.1922,15.94
2016-05-09,229.5565,15.50
2016-05-10,236.7629,15.98
2016-05-11,245.1781,16.55
2016-05-12,247.2923,16.69
2016-05-13,244.7857,16.52
2016-05-16,251.7524,16.99
2016-05-17,254.7233,17.19
2016-05-18,253.8038,17.13
2016-05-19,252.9867,17.07
2016-05-20,251.9648,17.00
2016-05-23,250.5884,16.91
2016-05-24,252.9457,17.07
2016-05-25,257.5556,17.38
2016-05-26,257.1486,17.35
2016-05-27,256.6392,17.32
2016-05-31,255.6253,17.25
2016-06-01,255.5253,17.24
2016-06-02,256.5005,17.30
2016-06-03,253.6359,17.11
2016-06-06,259.019,17.47
2016-06-07,263.117,17.75
2016-06-08,267.8295,18.07
2016-06-09,264.862,17.87
2016-06-10,257.2352,17.35
2016-06-13,256.2173,17.28
2016-06-14,253.7615,17.11
2016-06-15,250.64,16.90
2016-06-16,241.9373,16.32
2016-06-17,251.3606,16.95
2016-06-20,258.5861,17.44
2016-06-21,258.332,17.42
2016-06-22,254.9032,17.19
2016-06-23,259.9233,17.53
2016-06-24,247.3797,16.68
2016-06-27,240.7795,16.23
2016-06-28,248.8209,16.78
2016-06-29,259.0131,17.46
2016-06-30,250.9752,16.92
2016-07-01,254.2544,17.14
2016-07-05,242.1761,16.33
2016-07-06,246.5308,16.62
2016-07-07,234.7541,15.82
2016-07-08,236.1898,15.92
2016-07-11,233.3019,15.73
2016-07-12,243.5606,16.42
2016-07-13,232.749,15.69
2016-07-14,237.7768,16.03
2016-07-15,238.3762,16.07
2016-07-18,235.0473,15.84
2016-07-19,233.357,15.73
2016-07-20,234.9022,15.83
2016-07-21,229.8767,15.49
2016-07-22,226.9418,15.29
2016-07-25,222.0694,14.96
2016-07-26,221.1256,14.90
2016-07-27,215.6517,14.53
2016-07-28,212.0196,14.28
2016-07-29,214.5106,14.45
2016-08-01,207.1982,13.96
2016-08-02,204.7107,13.79
2016-08-03,210.8357,14.20
2016-08-04,216.4132,14.58
2016-08-05,215.9669,14.55
2016-08-08,221.5229,14.92
2016-08-09,220.2067,14.83
2016-08-10,215.7004,14.53
2016-08-11,223.9607,15.08
2016-08-12,227.9222,15.35
2016-08-15,233.5779,15.73
2016-08-16,237.443,15.99
2016-08-17,239.5215,16.13
2016-08-18,245.2701,16.52
