Web Search interest: etf; mutual fund
Worldwide; 2004 - present

Interest over time
Week,etf,mutual fund
2004-01-04 - 2004-01-10,19,90
2004-01-11 - 2004-01-17,29,96
2004-01-18 - 2004-01-24,21,100
2004-01-25 - 2004-01-31,20,75
2004-02-01 - 2004-02-07,24,78
2004-02-08 - 2004-02-14,24,81
2004-02-15 - 2004-02-21,24,82
2004-02-22 - 2004-02-28,18,75
2004-02-29 - 2004-03-06,26,72
2004-03-07 - 2004-03-13,19,62
2004-03-14 - 2004-03-20,24,70
2004-03-21 - 2004-03-27,13,60
2004-03-28 - 2004-04-03,20,69
2004-04-04 - 2004-04-10,20,73
2004-04-11 - 2004-04-17,25,63
2004-04-18 - 2004-04-24,15,60
2004-04-25 - 2004-05-01,18,56
2004-05-02 - 2004-05-08,20,51
2004-05-09 - 2004-05-15,19,50
2004-05-16 - 2004-05-22,17,58
2004-05-23 - 2004-05-29,19,48
2004-05-30 - 2004-06-05,17,44
2004-06-06 - 2004-06-12,19,52
2004-06-13 - 2004-06-19,23,48
2004-06-20 - 2004-06-26,21,53
2004-06-27 - 2004-07-03,19,53
2004-07-04 - 2004-07-10,30,53
2004-07-11 - 2004-07-17,25,46
2004-07-18 - 2004-07-24,19,48
2004-07-25 - 2004-07-31,19,53
2004-08-01 - 2004-08-07,19,52
2004-08-08 - 2004-08-14,19,53
2004-08-15 - 2004-08-21,18,47
2004-08-22 - 2004-08-28,22,49
2004-08-29 - 2004-09-04,20,53
2004-09-05 - 2004-09-11,15,43
2004-09-12 - 2004-09-18,20,49
2004-09-19 - 2004-09-25,21,55
2004-09-26 - 2004-10-02,21,49
2004-10-03 - 2004-10-09,19,59
2004-10-10 - 2004-10-16,22,42
2004-10-17 - 2004-10-23,21,49
2004-10-24 - 2004-10-30,26,52
2004-10-31 - 2004-11-06,24,48
2004-11-07 - 2004-11-13,25,50
2004-11-14 - 2004-11-20,43,58
2004-11-21 - 2004-11-27,35,50
2004-11-28 - 2004-12-04,35,59
2004-12-05 - 2004-12-11,27,63
2004-12-12 - 2004-12-18,25,62
2004-12-19 - 2004-12-25,29,71
2004-12-26 - 2005-01-01,33,70
2005-01-02 - 2005-01-08,33,74
2005-01-09 - 2005-01-15,33,68
2005-01-16 - 2005-01-22,43,55
2005-01-23 - 2005-01-29,30,65
2005-01-30 - 2005-02-05,31,62
2005-02-06 - 2005-02-12,29,64
2005-02-13 - 2005-02-19,33,75
2005-02-20 - 2005-02-26,33,61
2005-02-27 - 2005-03-05,33,64
2005-03-06 - 2005-03-12,29,68
2005-03-13 - 2005-03-19,28,68
2005-03-20 - 2005-03-26,25,63
2005-03-27 - 2005-04-02,23,61
2005-04-03 - 2005-04-09,25,54
2005-04-10 - 2005-04-16,25,55
2005-04-17 - 2005-04-23,27,50
2005-04-24 - 2005-04-30,24,52
2005-05-01 - 2005-05-07,17,50
2005-05-08 - 2005-05-14,26,46
2005-05-15 - 2005-05-21,22,48
2005-05-22 - 2005-05-28,25,46
2005-05-29 - 2005-06-04,24,46
2005-06-05 - 2005-06-11,25,50
2005-06-12 - 2005-06-18,26,53
2005-06-19 - 2005-06-25,29,46
2005-06-26 - 2005-07-02,26,50
2005-07-03 - 2005-07-09,24,50
2005-07-10 - 2005-07-16,29,60
2005-07-17 - 2005-07-23,27,59
2005-07-24 - 2005-07-30,26,60
2005-07-31 - 2005-08-06,28,61
2005-08-07 - 2005-08-13,29,55
2005-08-14 - 2005-08-20,35,63
2005-08-21 - 2005-08-27,29,54
2005-08-28 - 2005-09-03,26,50
2005-09-04 - 2005-09-10,26,52
2005-09-11 - 2005-09-17,32,62
2005-09-18 - 2005-09-24,32,57
2005-09-25 - 2005-10-01,33,54
2005-10-02 - 2005-10-08,34,64
2005-10-09 - 2005-10-15,27,50
2005-10-16 - 2005-10-22,24,58
2005-10-23 - 2005-10-29,24,54
2005-10-30 - 2005-11-05,24,45
2005-11-06 - 2005-11-12,26,49
2005-11-13 - 2005-11-19,29,54
2005-11-20 - 2005-11-26,30,52
2005-11-27 - 2005-12-03,32,55
2005-12-04 - 2005-12-10,34,59
2005-12-11 - 2005-12-17,29,59
2005-12-18 - 2005-12-24,30,62
2005-12-25 - 2005-12-31,38,67
2006-01-01 - 2006-01-07,43,86
2006-01-08 - 2006-01-14,46,79
2006-01-15 - 2006-01-21,36,74
2006-01-22 - 2006-01-28,44,74
2006-01-29 - 2006-02-04,41,67
2006-02-05 - 2006-02-11,41,75
2006-02-12 - 2006-02-18,33,66
2006-02-19 - 2006-02-25,40,67
2006-02-26 - 2006-03-04,45,79
2006-03-05 - 2006-03-11,40,73
2006-03-12 - 2006-03-18,37,70
2006-03-19 - 2006-03-25,45,72
2006-03-26 - 2006-04-01,41,72
2006-04-02 - 2006-04-08,50,80
2006-04-09 - 2006-04-15,49,74
2006-04-16 - 2006-04-22,51,72
2006-04-23 - 2006-04-29,49,66
2006-04-30 - 2006-05-06,48,71
2006-05-07 - 2006-05-13,50,71
2006-05-14 - 2006-05-20,37,58
2006-05-21 - 2006-05-27,38,56
2006-05-28 - 2006-06-03,30,57
2006-06-04 - 2006-06-10,37,50
2006-06-11 - 2006-06-17,36,45
2006-06-18 - 2006-06-24,30,49
2006-06-25 - 2006-07-01,30,45
2006-07-02 - 2006-07-08,33,44
2006-07-09 - 2006-07-15,32,49
2006-07-16 - 2006-07-22,31,48
2006-07-23 - 2006-07-29,27,50
2006-07-30 - 2006-08-05,28,47
2006-08-06 - 2006-08-12,30,50
2006-08-13 - 2006-08-19,28,47
2006-08-20 - 2006-08-26,29,56
2006-08-27 - 2006-09-02,30,51
2006-09-03 - 2006-09-09,27,50
2006-09-10 - 2006-09-16,30,50
2006-09-17 - 2006-09-23,37,52
2006-09-24 - 2006-09-30,34,49
2006-10-01 - 2006-10-07,31,54
2006-10-08 - 2006-10-14,30,54
2006-10-15 - 2006-10-21,37,47
2006-10-22 - 2006-10-28,35,48
2006-10-29 - 2006-11-04,37,52
2006-11-05 - 2006-11-11,41,52
2006-11-12 - 2006-11-18,38,66
2006-11-19 - 2006-11-25,41,54
2006-11-26 - 2006-12-02,41,53
2006-12-03 - 2006-12-09,37,60
2006-12-10 - 2006-12-16,37,63
2006-12-17 - 2006-12-23,42,55
2006-12-24 - 2006-12-30,43,69
2006-12-31 - 2007-01-06,55,72
2007-01-07 - 2007-01-13,52,64
2007-01-14 - 2007-01-20,53,70
2007-01-21 - 2007-01-27,53,66
2007-01-28 - 2007-02-03,52,66
2007-02-04 - 2007-02-10,48,72
2007-02-11 - 2007-02-17,46,67
2007-02-18 - 2007-02-24,47,72
2007-02-25 - 2007-03-03,50,68
2007-03-04 - 2007-03-10,47,64
2007-03-11 - 2007-03-17,38,52
2007-03-18 - 2007-03-24,42,58
2007-03-25 - 2007-03-31,38,52
2007-04-01 - 2007-04-07,40,58
2007-04-08 - 2007-04-14,43,62
2007-04-15 - 2007-04-21,48,56
2007-04-22 - 2007-04-28,45,59
2007-04-29 - 2007-05-05,46,61
2007-05-06 - 2007-05-12,46,54
2007-05-13 - 2007-05-19,47,52
2007-05-20 - 2007-05-26,47,53
2007-05-27 - 2007-06-02,44,56
2007-06-03 - 2007-06-09,49,59
2007-06-10 - 2007-06-16,52,53
2007-06-17 - 2007-06-23,56,50
2007-06-24 - 2007-06-30,49,54
2007-07-01 - 2007-07-07,50,57
2007-07-08 - 2007-07-14,53,64
2007-07-15 - 2007-07-21,51,63
2007-07-22 - 2007-07-28,53,60
2007-07-29 - 2007-08-04,50,60
2007-08-05 - 2007-08-11,52,62
2007-08-12 - 2007-08-18,52,58
2007-08-19 - 2007-08-25,53,53
2007-08-26 - 2007-09-01,49,50
2007-09-02 - 2007-09-08,42,51
2007-09-09 - 2007-09-15,45,49
2007-09-16 - 2007-09-22,56,60
2007-09-23 - 2007-09-29,56,61
2007-09-30 - 2007-10-06,53,66
2007-10-07 - 2007-10-13,57,70
2007-10-14 - 2007-10-20,64,63
2007-10-21 - 2007-10-27,64,61
2007-10-28 - 2007-11-03,68,70
2007-11-04 - 2007-11-10,68,52
2007-11-11 - 2007-11-17,60,60
2007-11-18 - 2007-11-24,56,65
2007-11-25 - 2007-12-01,55,68
2007-12-02 - 2007-12-08,58,75
2007-12-09 - 2007-12-15,50,71
2007-12-16 - 2007-12-22,51,71
2007-12-23 - 2007-12-29,56,74
2007-12-30 - 2008-01-05,70,96
2008-01-06 - 2008-01-12,70,87
2008-01-13 - 2008-01-19,73,84
2008-01-20 - 2008-01-26,73,89
2008-01-27 - 2008-02-02,64,77
2008-02-03 - 2008-02-09,65,71
2008-02-10 - 2008-02-16,60,65
2008-02-17 - 2008-02-23,61,65
2008-02-24 - 2008-03-01,70,66
2008-03-02 - 2008-03-08,71,60
2008-03-09 - 2008-03-15,66,65
2008-03-16 - 2008-03-22,70,60
2008-03-23 - 2008-03-29,60,59
2008-03-30 - 2008-04-05,57,57
2008-04-06 - 2008-04-12,59,56
2008-04-13 - 2008-04-19,60,52
2008-04-20 - 2008-04-26,63,54
2008-04-27 - 2008-05-03,58,57
2008-05-04 - 2008-05-10,58,56
2008-05-11 - 2008-05-17,60,51
2008-05-18 - 2008-05-24,67,46
2008-05-25 - 2008-05-31,54,43
2008-06-01 - 2008-06-07,55,44
2008-06-08 - 2008-06-14,56,46
2008-06-15 - 2008-06-21,55,46
2008-06-22 - 2008-06-28,65,46
2008-06-29 - 2008-07-05,62,49
2008-07-06 - 2008-07-12,61,48
2008-07-13 - 2008-07-19,64,52
2008-07-20 - 2008-07-26,60,51
2008-07-27 - 2008-08-02,55,44
2008-08-03 - 2008-08-09,53,48
2008-08-10 - 2008-08-16,49,44
2008-08-17 - 2008-08-23,50,42
2008-08-24 - 2008-08-30,42,39
2008-08-31 - 2008-09-06,44,36
2008-09-07 - 2008-09-13,49,41
2008-09-14 - 2008-09-20,79,54
2008-09-21 - 2008-09-27,64,51
2008-09-28 - 2008-10-04,64,51
2008-10-05 - 2008-10-11,89,60
2008-10-12 - 2008-10-18,85,55
2008-10-19 - 2008-10-25,80,42
2008-10-26 - 2008-11-01,72,38
2008-11-02 - 2008-11-08,69,38
2008-11-09 - 2008-11-15,63,38
2008-11-16 - 2008-11-22,70,37
2008-11-23 - 2008-11-29,63,31
2008-11-30 - 2008-12-06,70,33
2008-12-07 - 2008-12-13,77,33
2008-12-14 - 2008-12-20,75,35
2008-12-21 - 2008-12-27,64,30
2008-12-28 - 2009-01-03,74,34
2009-01-04 - 2009-01-10,70,38
2009-01-11 - 2009-01-17,69,35
2009-01-18 - 2009-01-24,61,32
2009-01-25 - 2009-01-31,58,34
2009-02-01 - 2009-02-07,63,36
2009-02-08 - 2009-02-14,67,34
2009-02-15 - 2009-02-21,69,32
2009-02-22 - 2009-02-28,70,33
2009-03-01 - 2009-03-07,69,34
2009-03-08 - 2009-03-14,68,33
2009-03-15 - 2009-03-21,70,35
2009-03-22 - 2009-03-28,73,38
2009-03-29 - 2009-04-04,66,38
2009-04-05 - 2009-04-11,61,41
2009-04-12 - 2009-04-18,63,43
2009-04-19 - 2009-04-25,62,35
2009-04-26 - 2009-05-02,55,33
2009-05-03 - 2009-05-09,69,40
2009-05-10 - 2009-05-16,63,37
2009-05-17 - 2009-05-23,64,54
2009-05-24 - 2009-05-30,60,51
2009-05-31 - 2009-06-06,77,56
2009-06-07 - 2009-06-13,67,53
2009-06-14 - 2009-06-20,61,50
2009-06-21 - 2009-06-27,54,47
2009-06-28 - 2009-07-04,54,45
2009-07-05 - 2009-07-11,57,44
2009-07-12 - 2009-07-18,53,47
2009-07-19 - 2009-07-25,58,55
2009-07-26 - 2009-08-01,64,56
2009-08-02 - 2009-08-08,64,56
2009-08-09 - 2009-08-15,68,48
2009-08-16 - 2009-08-22,67,48
2009-08-23 - 2009-08-29,64,49
2009-08-30 - 2009-09-05,60,46
2009-09-06 - 2009-09-12,55,54
2009-09-13 - 2009-09-19,63,58
2009-09-20 - 2009-09-26,57,50
2009-09-27 - 2009-10-03,53,48
2009-10-04 - 2009-10-10,64,51
2009-10-11 - 2009-10-17,66,50
2009-10-18 - 2009-10-24,65,54
2009-10-25 - 2009-10-31,56,47
2009-11-01 - 2009-11-07,60,44
2009-11-08 - 2009-11-14,62,54
2009-11-15 - 2009-11-21,65,52
2009-11-22 - 2009-11-28,60,50
2009-11-29 - 2009-12-05,60,56
2009-12-06 - 2009-12-12,54,58
2009-12-13 - 2009-12-19,55,53
2009-12-20 - 2009-12-26,52,57
2009-12-27 - 2010-01-02,57,60
2010-01-03 - 2010-01-09,70,71
2010-01-10 - 2010-01-16,68,73
2010-01-17 - 2010-01-23,58,61
2010-01-24 - 2010-01-30,58,55
2010-01-31 - 2010-02-06,57,58
2010-02-07 - 2010-02-13,55,58
2010-02-14 - 2010-02-20,48,57
2010-02-21 - 2010-02-27,52,51
2010-02-28 - 2010-03-06,54,62
2010-03-07 - 2010-03-13,54,69
2010-03-14 - 2010-03-20,49,63
2010-03-21 - 2010-03-27,52,61
2010-03-28 - 2010-04-03,50,60
2010-04-04 - 2010-04-10,55,68
2010-04-11 - 2010-04-17,52,54
2010-04-18 - 2010-04-24,51,53
2010-04-25 - 2010-05-01,55,54
2010-05-02 - 2010-05-08,68,52
2010-05-09 - 2010-05-15,71,50
2010-05-16 - 2010-05-22,70,46
2010-05-23 - 2010-05-29,57,45
2010-05-30 - 2010-06-05,48,45
2010-06-06 - 2010-06-12,52,44
2010-06-13 - 2010-06-19,44,49
2010-06-20 - 2010-06-26,46,51
2010-06-27 - 2010-07-03,49,53
2010-07-04 - 2010-07-10,45,52
2010-07-11 - 2010-07-17,42,55
2010-07-18 - 2010-07-24,43,52
2010-07-25 - 2010-07-31,45,50
2010-08-01 - 2010-08-07,46,55
2010-08-08 - 2010-08-14,44,55
2010-08-15 - 2010-08-21,45,57
2010-08-22 - 2010-08-28,50,51
2010-08-29 - 2010-09-04,42,52
2010-09-05 - 2010-09-11,41,54
2010-09-12 - 2010-09-18,48,63
2010-09-19 - 2010-09-25,54,66
2010-09-26 - 2010-10-02,49,57
2010-10-03 - 2010-10-09,59,58
2010-10-10 - 2010-10-16,62,52
2010-10-17 - 2010-10-23,57,50
2010-10-24 - 2010-10-30,57,49
2010-10-31 - 2010-11-06,63,47
2010-11-07 - 2010-11-13,68,58
2010-11-14 - 2010-11-20,55,51
2010-11-21 - 2010-11-27,46,47
2010-11-28 - 2010-12-04,52,49
2010-12-05 - 2010-12-11,54,51
2010-12-12 - 2010-12-18,56,48
2010-12-19 - 2010-12-25,53,53
2010-12-26 - 2011-01-01,61,55
2011-01-02 - 2011-01-08,69,61
2011-01-09 - 2011-01-15,65,52
2011-01-16 - 2011-01-22,58,51
2011-01-23 - 2011-01-29,62,50
2011-01-30 - 2011-02-05,64,51
2011-02-06 - 2011-02-12,65,51
2011-02-13 - 2011-02-19,63,54
2011-02-20 - 2011-02-26,64,52
2011-02-27 - 2011-03-05,61,50
2011-03-06 - 2011-03-12,59,45
2011-03-13 - 2011-03-19,67,44
2011-03-20 - 2011-03-26,58,44
2011-03-27 - 2011-04-02,52,46
2011-04-03 - 2011-04-09,61,49
2011-04-10 - 2011-04-16,55,46
2011-04-17 - 2011-04-23,57,45
2011-04-24 - 2011-04-30,63,48
2011-05-01 - 2011-05-07,62,44
2011-05-08 - 2011-05-14,55,42
2011-05-15 - 2011-05-21,48,40
2011-05-22 - 2011-05-28,44,38
2011-05-29 - 2011-06-04,42,39
2011-06-05 - 2011-06-11,43,38
2011-06-12 - 2011-06-18,43,39
2011-06-19 - 2011-06-25,42,37
2011-06-26 - 2011-07-02,44,41
2011-07-03 - 2011-07-09,43,42
2011-07-10 - 2011-07-16,44,41
2011-07-17 - 2011-07-23,47,42
2011-07-24 - 2011-07-30,45,44
2011-07-31 - 2011-08-06,60,45
2011-08-07 - 2011-08-13,84,47
2011-08-14 - 2011-08-20,61,39
2011-08-21 - 2011-08-27,59,38
2011-08-28 - 2011-09-03,45,36
2011-09-04 - 2011-09-10,47,34
2011-09-11 - 2011-09-17,49,38
2011-09-18 - 2011-09-24,54,37
2011-09-25 - 2011-10-01,50,35
2011-10-02 - 2011-10-08,48,33
2011-10-09 - 2011-10-15,43,35
2011-10-16 - 2011-10-22,42,37
2011-10-23 - 2011-10-29,46,31
2011-10-30 - 2011-11-05,42,36
2011-11-06 - 2011-11-12,42,34
2011-11-13 - 2011-11-19,41,35
2011-11-20 - 2011-11-26,37,31
2011-11-27 - 2011-12-03,40,33
2011-12-04 - 2011-12-10,39,33
2011-12-11 - 2011-12-17,37,32
2011-12-18 - 2011-12-24,35,32
2011-12-25 - 2011-12-31,37,31
2012-01-01 - 2012-01-07,40,35
2012-01-08 - 2012-01-14,41,35
2012-01-15 - 2012-01-21,39,35
2012-01-22 - 2012-01-28,43,36
2012-01-29 - 2012-02-04,44,41
2012-02-05 - 2012-02-11,43,40
2012-02-12 - 2012-02-18,44,45
2012-02-19 - 2012-02-25,45,41
2012-02-26 - 2012-03-03,45,39
2012-03-04 - 2012-03-10,40,36
2012-03-11 - 2012-03-17,40,38
2012-03-18 - 2012-03-24,38,35
2012-03-25 - 2012-03-31,38,36
2012-04-01 - 2012-04-07,35,32
2012-04-08 - 2012-04-14,36,34
2012-04-15 - 2012-04-21,35,33
2012-04-22 - 2012-04-28,38,32
2012-04-29 - 2012-05-05,33,32
2012-05-06 - 2012-05-12,35,29
2012-05-13 - 2012-05-19,39,30
2012-05-20 - 2012-05-26,36,27
2012-05-27 - 2012-06-02,35,28
2012-06-03 - 2012-06-09,35,30
2012-06-10 - 2012-06-16,36,30
2012-06-17 - 2012-06-23,37,27
2012-06-24 - 2012-06-30,36,29
2012-07-01 - 2012-07-07,33,31
2012-07-08 - 2012-07-14,34,31
2012-07-15 - 2012-07-21,34,33
2012-07-22 - 2012-07-28,35,32
2012-07-29 - 2012-08-04,30,28
2012-08-05 - 2012-08-11,33,31
2012-08-12 - 2012-08-18,34,31
2012-08-19 - 2012-08-25,37,32
2012-08-26 - 2012-09-01,32,30
2012-09-02 - 2012-09-08,34,30
2012-09-09 - 2012-09-15,42,36
2012-09-16 - 2012-09-22,42,37
2012-09-23 - 2012-09-29,38,36
2012-09-30 - 2012-10-06,37,39
2012-10-07 - 2012-10-13,34,36
2012-10-14 - 2012-10-20,35,32
2012-10-21 - 2012-10-27,34,29
2012-10-28 - 2012-11-03,31,29
2012-11-04 - 2012-11-10,37,30
2012-11-11 - 2012-11-17,37,25
2012-11-18 - 2012-11-24,32,27
2012-11-25 - 2012-12-01,36,33
2012-12-02 - 2012-12-08,34,37
2012-12-09 - 2012-12-15,34,36
2012-12-16 - 2012-12-22,35,34
2012-12-23 - 2012-12-29,32,31
2012-12-30 - 2013-01-05,42,41
2013-01-06 - 2013-01-12,45,40
2013-01-13 - 2013-01-19,44,40
2013-01-20 - 2013-01-26,45,36
2013-01-27 - 2013-02-02,47,37
2013-02-03 - 2013-02-09,44,34
2013-02-10 - 2013-02-16,44,34
2013-02-17 - 2013-02-23,41,33
2013-02-24 - 2013-03-02,39,34
2013-03-03 - 2013-03-09,42,34
2013-03-10 - 2013-03-16,43,36
2013-03-17 - 2013-03-23,39,31
2013-03-24 - 2013-03-30,38,29
2013-03-31 - 2013-04-06,42,32
2013-04-07 - 2013-04-13,42,31
2013-04-14 - 2013-04-20,50,31
2013-04-21 - 2013-04-27,42,32
2013-04-28 - 2013-05-04,40,31
2013-05-05 - 2013-05-11,42,33
2013-05-12 - 2013-05-18,44,33
2013-05-19 - 2013-05-25,43,31
2013-05-26 - 2013-06-01,39,28
2013-06-02 - 2013-06-08,40,27
2013-06-09 - 2013-06-15,45,27
2013-06-16 - 2013-06-22,50,27
2013-06-23 - 2013-06-29,46,26
2013-06-30 - 2013-07-06,41,26
2013-07-07 - 2013-07-13,40,28
2013-07-14 - 2013-07-20,36,29
2013-07-21 - 2013-07-27,35,29
2013-07-28 - 2013-08-03,34,28
2013-08-04 - 2013-08-10,35,26
2013-08-11 - 2013-08-17,37,27
2013-08-18 - 2013-08-24,38,28
2013-08-25 - 2013-08-31,35,26
2013-09-01 - 2013-09-07,31,25
2013-09-08 - 2013-09-14,35,27
2013-09-15 - 2013-09-21,35,29
2013-09-22 - 2013-09-28,33,28
2013-09-29 - 2013-10-05,32,24
2013-10-06 - 2013-10-12,35,29
2013-10-13 - 2013-10-19,38,28
2013-10-20 - 2013-10-26,38,32
2013-10-27 - 2013-11-02,36,30
2013-11-03 - 2013-11-09,35,29
2013-11-10 - 2013-11-16,37,29
2013-11-17 - 2013-11-23,38,29
2013-11-24 - 2013-11-30,33,26
2013-12-01 - 2013-12-07,35,29
2013-12-08 - 2013-12-14,35,30
2013-12-15 - 2013-12-21,35,29
2013-12-22 - 2013-12-28,34,27
2013-12-29 - 2014-01-04,40,31
2014-01-05 - 2014-01-11,48,33
2014-01-12 - 2014-01-18,48,33
2014-01-19 - 2014-01-25,46,32
2014-01-26 - 2014-02-01,45,29
2014-02-02 - 2014-02-08,44,28
2014-02-09 - 2014-02-15,41,30
2014-02-16 - 2014-02-22,40,30
2014-02-23 - 2014-03-01,46,31
2014-03-02 - 2014-03-08,47,35
2014-03-09 - 2014-03-15,41,34
2014-03-16 - 2014-03-22,44,32
2014-03-23 - 2014-03-29,41,33
2014-03-30 - 2014-04-05,41,34
2014-04-06 - 2014-04-12,40,32
2014-04-13 - 2014-04-19,37,30
2014-04-20 - 2014-04-26,36,31
2014-04-27 - 2014-05-03,35,28
2014-05-04 - 2014-05-10,36,30
2014-05-11 - 2014-05-17,36,34
2014-05-18 - 2014-05-24,37,36
2014-05-25 - 2014-05-31,35,33
2014-06-01 - 2014-06-07,38,35
2014-06-08 - 2014-06-14,38,35
2014-06-15 - 2014-06-21,37,33
2014-06-22 - 2014-06-28,38,33
2014-06-29 - 2014-07-05,37,33
2014-07-06 - 2014-07-12,40,35
2014-07-13 - 2014-07-19,39,35
2014-07-20 - 2014-07-26,37,35
2014-07-27 - 2014-08-02,39,34
2014-08-03 - 2014-08-09,38,32
2014-08-10 - 2014-08-16,36,31
2014-08-17 - 2014-08-23,38,35
2014-08-24 - 2014-08-30,37,32
2014-08-31 - 2014-09-06,36,34
2014-09-07 - 2014-09-13,39,36
2014-09-14 - 2014-09-20,39,37
2014-09-21 - 2014-09-27,41,32
2014-09-28 - 2014-10-04,40,26
2014-10-05 - 2014-10-11,41,30
2014-10-12 - 2014-10-18,46,30
2014-10-19 - 2014-10-25,43,27
2014-10-26 - 2014-11-01,42,36
2014-11-02 - 2014-11-08,47,37
2014-11-09 - 2014-11-15,45,39
2014-11-16 - 2014-11-22,44,40
2014-11-23 - 2014-11-29,43,36
2014-11-30 - 2014-12-06,51,39
2014-12-07 - 2014-12-13,54,39
2014-12-14 - 2014-12-20,57,36
2014-12-21 - 2014-12-27,48,32
2014-12-28 - 2015-01-03,51,38
2015-01-04 - 2015-01-10,64,42
2015-01-11 - 2015-01-17,62,42
2015-01-18 - 2015-01-24,61,44
2015-01-25 - 2015-01-31,60,40
2015-02-01 - 2015-02-07,59,41
2015-02-08 - 2015-02-14,57,42
2015-02-15 - 2015-02-21,54,39
2015-02-22 - 2015-02-28,56,39
2015-03-01 - 2015-03-07,55,40
2015-03-08 - 2015-03-14,56,41
2015-03-15 - 2015-03-21,59,39
2015-03-22 - 2015-03-28,55,38
2015-03-29 - 2015-04-04,48,36
2015-04-05 - 2015-04-11,51,40
2015-04-12 - 2015-04-18,53,40
2015-04-19 - 2015-04-25,54,37
2015-04-26 - 2015-05-02,47,34
2015-05-03 - 2015-05-09,45,34
2015-05-10 - 2015-05-16,42,33
2015-05-17 - 2015-05-23,45,33
2015-05-24 - 2015-05-30,43,31
2015-05-31 - 2015-06-06,43,33
2015-06-07 - 2015-06-13,43,33
2015-06-14 - 2015-06-20,43,32
2015-06-21 - 2015-06-27,45,32
2015-06-28 - 2015-07-04,52,36
2015-07-05 - 2015-07-11,57,37
2015-07-12 - 2015-07-18,51,37
2015-07-19 - 2015-07-25, , 


Top regions for etf
Region,etf,mutual fund
Montenegro,100,0
Serbia,54,0
Bosnia & Herzegovina,47,0
Hong Kong,32,12
Singapore,26,12
Canada,22,9
Luxembourg,21,0
Switzerland,21,1
United States,20,10
Sri Lanka,20,0
Taiwan,18,1
Italy,11,0
Germany,9,0
Japan,9,0
China,8,1
India,8,100
Croatia,7,0
Finland,7,0
Israel,7,1
Macedonia (FYROM),6,0
South Africa,6,7
South Korea,6,1
Austria,5,0
Czech Republic,5,0
United Kingdom,5,2
Estonia,5,0
Belgium,5,0
Australia,5,1
United Arab Emirates,5,12
Ireland,4,1
Denmark,4,0
Netherlands,4,1
Slovenia,4,0
Latvia,3,0
Sweden,3,0
New Zealand,3,1
Nigeria,3,2
Spain,3,0
France,3,0
Malaysia,3,21
Lithuania,3,0
Norway,3,0
Greece,2,0
Thailand,2,1
Portugal,2,0
Hungary,2,0
Slovakia,2,0
Philippines,2,9
Vietnam,2,0
Chile,1,0
Bulgaria,1,0
Argentina,1,0
Pakistan,1,4
Peru,1,0
Poland,1,0
Egypt,1,0
Morocco,1,0
Colombia,1,0
Brazil,1,0
Mexico,1,0
Russia,1,0
Iran,1,0
Romania,1,0
Saudi Arabia,1,2
Indonesia,1,1
Venezuela,1,0
Turkey,1,0
Bangladesh,0,10
Bahrain,0,9
Bolivia,0,3
Kuwait,0,5
Nepal,0,8
Oman,0,11
Qatar,0,10

Top regions for mutual fund
Region,etf,mutual fund
India,8,100
Malaysia,3,21
Hong Kong,32,12
United Arab Emirates,5,12
Singapore,26,12
Oman,0,11
Qatar,0,10
Bangladesh,0,10
United States,20,10
Philippines,2,9
Canada,22,9
Bahrain,0,9
Nepal,0,8
South Africa,6,7
Kuwait,0,5
Pakistan,1,4
Bolivia,0,3
Nigeria,3,2
United Kingdom,5,2
Saudi Arabia,1,2
Australia,5,1
South Korea,6,1
Taiwan,18,1
New Zealand,3,1
Thailand,2,1
Ireland,4,1
Switzerland,21,1
China,8,1
Netherlands,4,1
Israel,7,1
Indonesia,1,1
Sweden,3,0
Belgium,5,0
Germany,9,0
Japan,9,0
Vietnam,2,0
Poland,1,0
France,3,0
Italy,11,0
Spain,3,0
Argentina,1,0
Austria,5,0
Bosnia & Herzegovina,47,0
Bulgaria,1,0
Brazil,1,0
Chile,1,0
Colombia,1,0
Czech Republic,5,0
Denmark,4,0
Estonia,5,0
Egypt,1,0
Finland,7,0
Greece,2,0
Croatia,7,0
Hungary,2,0
Iran,1,0
Sri Lanka,20,0
Lithuania,3,0
Luxembourg,21,0
Latvia,3,0
Morocco,1,0
Montenegro,100,0
Macedonia (FYROM),6,0
Mexico,1,0
Norway,3,0
Peru,1,0
Portugal,2,0
Romania,1,0
Serbia,54,0
Russia,1,0
Slovenia,4,0
Slovakia,2,0
Turkey,1,0
Venezuela,1,0


Top cities for etf
City,etf
Belgrade (Serbia),100
Sarajevo (Bosnia & Herzegovina),92
New York (United States),49
Toronto (Canada),46
Singapore (Singapore),37
San Francisco (United States),35
Boston (United States),34
Zurich (Switzerland),32
Vancouver (Canada),31
Calgary (Canada),28
Ottawa (Canada),27
Minneapolis (United States),26
Washington (United States),24
Chicago (United States),24
Houston (United States),21

Top cities for mutual fund
City,mutual fund
Mumbai (India),100
Surat (India),84
Gurgaon (India),73
New Delhi (India),66
New Okhla Industrial Development Area (India),62
Bhubaneswar (India),57
Bangalore (India),56
Kolkata (India),54
Chennai (India),53
Ahmedabad (India),46
Howrah (India),39
Hyderabad (India),39
Pune (India),36
Lucknow (India),33
Chandigarh (India),26



Top searches for etf
gold etf,100
etf funds,65
vanguard,65
ishares etf,60
vanguard etf,60
ishares,60
short etf,55
bond etf,45
best etf,45
etfs,45
oil etf,40
dividend etf,35
etf list,30
lyxor etf,30
what is etf,30
etf india,30
lyxor,30
silver etf,25
etf china,20
spdr etf,20
spdr,20
etf canada,20
s&p 500 etf,20
energy etf,20
euro etf,20
dow etf,15
eft,15
leveraged etf,15
canadian etf,15
dollar etf,15
inverse etf,15
etf securities,15
commodity etf,15
financial etf,15
emerging markets etf,15
morningstar,15
etf natural gas,15
reit etf,15
etf 基金,15
etf investing,15
3x etf,15
etf dax,15
currency etf,10
europe etf,10
small cap etf,10
high yield etf,10
nasdaq etf,10
bmo etf,10
gold etf india,10
etf 2013,10


Top searches for mutual fund
mutual funds,100
reliance,80
reliance mutual fund,80
hdfc mutual fund,70
hdfc,65
mutual fund india,60
sbi mutual fund,55
nav,40
icici mutual fund,40
nav mutual fund,40
icici,40
best mutual fund,30
uti,30
uti mutual fund,30
birla mutual fund,25
mutual fund investment,25
icici prudential,20
fidelity mutual fund,15
public mutual fund,15
public mutual,15
franklin mutual fund,15
sundaram mutual fund,15
mutual funds india,15
mutual fund performance,15
birla sunlife,15
tata mutual fund,15
best mutual funds,15
vanguard mutual fund,10
etf,10
kotak mutual fund,10
mutual fund companies,10
lic mutual fund,10
axis mutual fund,10
sip mutual fund,10
mutual fund calculator,10
birla sun life,10
franklin templeton,10
gold mutual fund,10
dsp mutual fund,10
mutual fund company,10
idfc,10
idfc mutual fund,10
mutual fund store,10
mutual fund definition,5
mutual fund prices,5
principal mutual fund,5
mutual fund investing,5
morningstar,5
old mutual,5
fidelity mutual funds,5



Rising searches for etf
lyxor etf,Breakout
short etf,Breakout
dividend etf,+400%
vanguard,+400%
best etf,+350%
vanguard etf,+350%
oil etf,+300%
what is etf,+190%
etf india,+140%
etfs,+130%


Rising searches for mutual fund
sbi mutual fund,+950%
reliance,+900%
reliance mutual fund,+850%
icici,+500%
icici mutual fund,+500%
hdfc mutual fund,+450%
hdfc,+400%
nav,+400%
nav mutual fund,+400%
uti mutual fund,+300%



