Date,Index_Level,iPath_US_Treasury_10-year_Bull_ETN
2010-08-09,920.2591,50.00
2010-08-10,926.7964,50.65
2010-08-11,935.5126,51.52
2010-08-12,931.8082,51.15
2010-08-13,935.0768,51.48
2010-08-14,935.0768,51.48
2010-08-15,935.0768,51.48
2010-08-16,943.7931,52.35
2010-08-17,936.3843,51.61
2010-08-18,935.5126,51.52
2010-08-19,940.3066,52.00
2010-08-20,934.4231,51.41
2010-08-21,934.4231,51.41
2010-08-22,934.4231,51.41
2010-08-23,936.1664,51.58
2010-08-24,946.6259,52.62
2010-08-25,939.8708,51.95
2010-08-26,944.011,52.36
2010-08-27,929.4839,50.90
2010-08-28,929.4839,50.90
2010-08-29,929.4839,50.90
2010-08-30,942.413,52.18
2010-08-31,947.1658,52.66
2010-09-01,935.716,51.51
2010-09-02,932.2594,51.16
2010-09-03,924.9143,50.43
2010-09-04,924.9143,50.43
2010-09-05,924.9143,50.43
2010-09-06,924.9143,50.43
2010-09-07,936.3641,51.57
2010-09-08,930.7472,51.01
2010-09-09,919.5134,49.88
2010-09-10,916.2729,49.56
2010-09-11,916.2729,49.56
2010-09-12,916.2729,49.56
2010-09-13,923.4021,50.27
2010-09-14,930.7472,51.00
2010-09-15,927.2907,50.66
2010-09-16,923.4021,50.27
2010-09-17,926.6426,50.59
2010-09-18,926.6426,50.59
2010-09-19,926.6426,50.59
2010-09-20,930.3151,50.95
2010-09-21,943.7092,52.29
2010-09-22,946.3016,52.55
2010-09-23,946.5177,52.57
2010-09-24,941.5489,52.07
2010-09-25,941.5489,52.07
2010-09-26,941.5489,52.07
2010-09-27,951.7025,53.09
2010-09-28,958.3995,53.76
2010-09-29,954.5109,53.37
2010-09-30,953.0274,53.22
2010-10-01,953.4513,53.26
2010-10-02,953.4513,53.26
2010-10-03,953.4513,53.26
2010-10-04,958.7496,53.79
2010-10-05,961.0809,54.02
2010-10-06,967.227,54.63
2010-10-07,967.8628,54.69
2010-10-08,970.1941,54.93
2010-10-09,970.1941,54.92
2010-10-10,970.1941,54.92
2010-10-11,970.1941,54.92
2010-10-12,967.0151,54.60
2010-10-13,968.9225,54.79
2010-10-14,961.5048,54.05
2010-10-15,955.5706,53.46
2010-10-16,955.5706,53.46
2010-10-17,955.5706,53.46
2010-10-18,964.4718,54.34
2010-10-19,966.3793,54.53
2010-10-20,966.5912,54.55
2010-10-21,961.0809,54.00
2010-10-22,958.1138,53.71
2010-10-23,958.1138,53.70
2010-10-24,958.1138,53.70
2010-10-25,958.1138,53.70
2010-10-26,948.5768,52.75
2010-10-27,941.7949,52.07
2010-10-28,950.4842,52.94
2010-10-29,956.2657,53.51
2010-10-30,956.2657,53.51
2010-10-31,956.2657,53.51
2010-11-01,956.694,53.55
2010-11-02,959.6918,53.85
2010-11-03,960.3342,53.92
2010-11-04,976.3941,55.52
2010-11-05,971.8973,55.07
2010-11-06,971.8973,55.07
2010-11-07,971.8973,55.07
2010-11-08,971.0408,54.98
2010-11-09,959.6918,53.85
2010-11-10,965.6875,54.45
2010-11-11,965.6875,54.44
2010-11-12,951.5548,53.03
2010-11-13,951.5548,53.03
2010-11-14,951.5548,53.03
2010-11-15,935.495,51.42
2010-11-16,939.3493,51.81
2010-11-17,936.9939,51.57
2010-11-18,931.6406,51.03
2010-11-19,932.0689,51.07
2010-11-20,932.0689,51.07
2010-11-21,932.0689,51.07
2010-11-22,939.9917,51.86
2010-11-23,944.2744,52.29
2010-11-24,928.8569,50.74
2010-11-25,928.8569,50.74
2010-11-26,933.1395,51.17
2010-11-27,933.1395,51.17
2010-11-28,933.1395,51.16
2010-11-29,936.8511,51.53
2010-11-30,939.4296,51.79
2010-12-01,921.8102,50.02
2010-12-02,916.4384,49.49
2010-12-03,919.0169,49.74
2010-12-04,919.0169,49.74
2010-12-05,919.0169,49.74
2010-12-06,928.686,50.71
2010-12-07,902.0421,48.04
2010-12-08,893.877,47.23
2010-12-09,893.4472,47.18
2010-12-10,885.9268,46.43
2010-12-11,885.9268,46.43
2010-12-12,885.9268,46.43
2010-12-13,891.9431,47.03
2010-12-14,873.0345,45.14
2010-12-15,867.8776,44.62
2010-12-16,872.175,45.05
2010-12-17,886.3565,46.47
2010-12-18,886.3565,46.46
2010-12-19,886.3565,46.46
2010-12-20,883.9929,46.23
2010-12-21,886.1416,46.44
2010-12-22,882.9186,46.12
2010-12-23,877.3319,45.56
2010-12-24,877.3319,45.56
2010-12-25,877.3319,45.56
2010-12-26,877.3319,45.56
2010-12-27,882.0591,46.03
2010-12-28,869.5966,44.78
2010-12-29,886.3565,46.46
2010-12-30,882.7037,46.09
2010-12-31,889.1028,46.73
2011-01-01,889.1028,46.73
2011-01-02,889.1028,46.73
2011-01-03,885.3516,46.35
2011-01-04,887.3375,46.55
2011-01-05,872.1122,45.02
2011-01-06,880.2765,45.84
2011-01-07,892.4126,47.05
2011-01-08,892.4126,47.05
2011-01-09,892.4126,47.05
2011-01-10,895.2812,47.34
2011-01-11,890.6474,46.87
2011-01-12,890.868,46.89
2011-01-13,898.591,47.67
2011-01-14,895.0605,47.31
2011-01-15,895.0605,47.31
2011-01-16,895.0605,47.31
2011-01-17,895.0605,47.31
2011-01-18,891.3093,46.93
2011-01-19,893.9572,47.20
2011-01-20,880.4971,45.85
2011-01-21,885.1309,46.31
2011-01-22,885.1309,46.31
2011-01-23,885.1309,46.31
2011-01-24,886.2342,46.42
2011-01-25,895.9431,47.39
2011-01-26,886.4549,46.44
2011-01-27,892.4126,47.04
2011-01-28,899.253,47.72
2011-01-29,899.253,47.72
2011-01-30,899.253,47.72
2011-01-31,894.1673,47.21
2011-02-01,887.0916,46.50
2011-02-02,881.3425,45.93
2011-02-03,874.9302,45.28
2011-02-04,862.7688,44.07
2011-02-05,862.7688,44.07
2011-02-06,862.7688,44.07
2011-02-07,863.211,44.11
2011-02-08,854.3663,43.22
2011-02-09,862.7688,44.06
2011-02-10,856.3564,43.42
2011-02-11,861.6632,43.95
2011-02-12,861.6632,43.95
2011-02-13,861.6632,43.95
2011-02-14,863.4321,44.13
2011-02-15,863.6532,44.15
2011-02-16,862.9899,44.08
2011-02-17,868.96,44.68
2011-02-18,869.6234,44.74
2011-02-19,869.6234,44.74
2011-02-20,869.6234,44.74
2011-02-21,869.6234,44.74
2011-02-22,884.2171,46.20
2011-02-23,880.237,45.79
2011-02-24,883.7748,46.14
2011-02-25,885.8386,46.34
2011-02-26,885.8386,46.34
2011-02-27,885.8386,46.34
2011-02-28,887.3448,46.49
2011-03-01,888.4207,46.60
2011-03-02,882.8261,46.04
2011-03-03,870.5612,44.81
2011-03-04,881.5351,45.91
2011-03-05,881.5351,45.91
2011-03-06,881.5351,45.91
2011-03-07,881.3199,45.88
2011-03-08,877.6619,45.52
2011-03-09,885.6234,46.31
2011-03-10,895.3063,47.28
2011-03-11,896.167,47.37
2011-03-12,896.167,47.36
2011-03-13,896.167,47.36
2011-03-14,903.0526,48.05
2011-03-15,905.2043,48.27
2011-03-16,917.6845,49.51
2011-03-17,913.381,49.08
2011-03-18,909.9382,48.74
2011-03-19,909.9382,48.73
2011-03-20,909.9382,48.73
2011-03-21,903.2677,48.07
2011-03-22,901.116,47.85
2011-03-23,900.0401,47.74
2011-03-24,893.5849,47.10
2011-03-25,889.2814,46.66
2011-03-26,889.2814,46.66
2011-03-27,889.2814,46.66
2011-03-28,887.7752,46.51
2011-03-29,883.4717,46.08
2011-03-30,888.4207,46.57
2011-03-31,887.0952,46.44
2011-04-01,886.2115,46.35
2011-04-02,886.2115,46.35
2011-04-03,886.2115,46.35
2011-04-04,889.7462,46.70
2011-04-05,883.3397,46.06
2011-04-06,877.8168,45.51
2011-04-07,879.1423,45.64
2011-04-08,877.8168,45.51
2011-04-09,877.8168,45.50
2011-04-10,877.8168,45.50
2011-04-11,878.9214,45.61
2011-04-12,887.9788,46.52
2011-04-13,892.1762,46.94
2011-04-14,889.5252,46.67
2011-04-15,898.1409,47.53
2011-04-16,898.1409,47.53
2011-04-17,898.1409,47.53
2011-04-18,903.4428,48.06
2011-04-19,904.3265,48.15
2011-04-20,899.4664,47.66
2011-04-21,900.5709,47.77
2011-04-22,900.5709,47.77
2011-04-23,900.5709,47.77
2011-04-24,900.5709,47.77
2011-04-25,905.431,48.25
2011-04-26,910.2911,48.74
2011-04-27,906.7565,48.38
2011-04-28,914.2676,49.13
2011-04-29,916.8751,49.39
2011-04-30,916.8751,49.39
2011-05-01,916.8751,49.39
2011-05-02,918.1788,49.52
2011-05-03,921.0036,49.80
2011-05-04,923.8284,50.08
2011-05-05,929.6953,50.67
2011-05-06,932.7374,50.97
2011-05-07,932.7374,50.97
2011-05-08,932.7374,50.97
2011-05-09,935.3449,51.23
2011-05-10,930.1299,50.71
2011-05-11,934.693,51.16
2011-05-12,931.2163,50.81
2011-05-13,935.7795,51.27
2011-05-14,935.7795,51.27
2011-05-15,935.7795,51.27
2011-05-16,939.2561,51.61
2011-05-17,941.8636,51.87
2011-05-18,936.2141,51.31
2011-05-19,937.3005,51.41
2011-05-20,940.1253,51.70
2011-05-21,940.1253,51.69
2011-05-22,940.1253,51.69
2011-05-23,942.7328,51.95
2011-05-24,943.8193,52.06
2011-05-25,944.6884,52.14
2011-05-26,953.2352,52.99
2011-05-27,954.4666,53.11
2011-05-28,954.4666,53.11
2011-05-29,954.4666,53.10
2011-05-30,954.4666,53.10
2011-05-31,956.4039,53.30
2011-06-01,966.0907,54.26
2011-06-02,961.355,53.79
2011-06-03,966.306,54.28
2011-06-04,966.306,54.28
2011-06-05,966.306,54.28
2011-06-06,966.5213,54.30
2011-06-07,965.445,54.19
2011-06-08,971.6876,54.82
2011-06-09,965.445,54.19
2011-06-10,968.8892,54.53
2011-06-11,968.8892,54.53
2011-06-12,968.8892,54.53
2011-06-13,966.5213,54.29
2011-06-14,955.3276,53.17
2011-06-15,971.257,54.77
2011-06-16,977.4997,55.39
2011-06-17,974.2707,55.06
2011-06-18,974.2707,55.06
2011-06-19,974.2707,55.06
2011-06-20,972.9791,54.93
2011-06-21,970.6113,54.69
2011-06-22,970.8265,54.71
2011-06-23,980.2981,55.66
2011-06-24,985.6796,56.20
2011-06-25,985.6796,56.20
2011-06-26,985.6796,56.20
2011-06-27,981.1591,55.74
2011-06-28,966.306,54.26
2011-06-29,959.6329,53.59
2011-06-30,952.5836,52.88
2011-07-01,947.8841,52.41
2011-07-02,947.8841,52.41
2011-07-03,947.8841,52.41
2011-07-04,947.8841,52.41
2011-07-05,957.0695,53.32
2011-07-06,961.5554,53.77
2011-07-07,954.5061,53.07
2011-07-08,971.5953,54.77
2011-07-09,971.5953,54.77
2011-07-10,971.5953,54.77
2011-07-11,982.9168,55.90
2011-07-12,983.9849,56.01
2011-07-13,986.3346,56.24
2011-07-14,981.4215,55.75
2011-07-15,987.1891,56.33
2011-07-16,987.1891,56.32
2011-07-17,987.1891,56.32
2011-07-18,988.0435,56.41
2011-07-19,988.0435,56.41
2011-07-20,983.5576,55.96
2011-07-21,975.4403,55.14
2011-07-22,979.9262,55.59
2011-07-23,979.9262,55.59
2011-07-24,979.9262,55.59
2011-07-25,977.1492,55.31
2011-07-26,982.7032,55.86
2011-07-27,978.6445,55.46
2011-07-28,982.276,55.82
2011-07-29,998.3642,57.43
2011-07-30,998.3642,57.43
2011-07-31,998.3642,57.43
2011-08-01,1004.5031,58.04
2011-08-02,1015.5108,59.14
2011-08-03,1016.781,59.26
2011-08-04,1029.6939,60.55
2011-08-05,1016.781,59.26
2011-08-06,1016.781,59.26
2011-08-07,1016.781,59.26
2011-08-08,1037.5263,61.33
2011-08-09,1054.4613,63.03
2011-08-10,1057.6366,63.34
2011-08-11,1046.2055,62.20
2011-08-12,1055.0963,63.08
2011-08-13,1055.0963,63.08
2011-08-14,1055.0963,63.08
2011-08-15,1050.8626,62.66
2011-08-16,1057.8482,63.36
2011-08-17,1061.6586,63.73
2011-08-18,1067.3742,64.31
2011-08-19,1067.5859,64.32
2011-08-20,1067.5859,64.32
2011-08-21,1067.5859,64.32
2011-08-22,1064.8339,64.05
2011-08-23,1061.2352,63.68
2011-08-24,1051.0743,62.67
2011-08-25,1056.5781,63.22
2011-08-26,1060.6002,63.61
2011-08-27,1060.6002,63.61
2011-08-28,1060.6002,63.61
2011-08-29,1052.7678,62.82
2011-08-30,1061.8703,63.72
2011-08-31,1056.7726,63.21
2011-09-01,1064.1133,63.95
2011-09-02,1074.1048,64.94
2011-09-03,1074.1048,64.94
2011-09-04,1074.1048,64.94
2011-09-05,1074.1048,64.94
2011-09-06,1073.2891,64.86
2011-09-07,1068.8032,64.41
2011-09-08,1073.697,64.89
2011-09-09,1081.0377,65.63
2011-09-10,1081.0377,65.63
2011-09-11,1081.0377,65.62
2011-09-12,1077.1634,65.24
2011-09-13,1071.8618,64.70
2011-09-14,1069.6188,64.48
2011-09-15,1062.6859,63.78
2011-09-16,1063.7055,63.89
2011-09-17,1063.7055,63.88
2011-09-18,1063.7055,63.88
2011-09-19,1076.5517,65.17
2011-09-20,1075.5321,65.06
2011-09-21,1079.2025,65.43
2011-09-22,1092.2526,66.73
2011-09-23,1082.0572,65.71
2011-09-24,1082.0572,65.71
2011-09-25,1082.0572,65.71
2011-09-26,1073.9009,64.89
2011-09-27,1063.7055,63.87
2011-09-28,1065.1328,64.01
2011-09-29,1069.211,64.42
2011-09-30,1070.6262,64.56
2011-10-01,1070.6262,64.56
2011-10-02,1070.6262,64.56
2011-10-03,1082.1502,65.71
2011-10-04,1081.7459,65.67
2011-10-05,1070.8284,64.57
2011-10-06,1063.1457,63.80
2011-10-07,1055.0587,62.99
2011-10-08,1055.0587,62.99
2011-10-09,1055.0587,62.99
2011-10-10,1055.0587,62.99
2011-10-11,1046.5674,62.14
2011-10-12,1042.5239,61.73
2011-10-13,1049.1956,62.40
2011-10-14,1045.1521,61.99
2011-10-15,1045.1521,61.99
2011-10-16,1045.1521,61.99
2011-10-17,1052.8348,62.76
2011-10-18,1054.25,62.90
2011-10-19,1054.4522,62.92
2011-10-20,1052.6326,62.73
2011-10-21,1052.0261,62.67
2011-10-22,1052.0261,62.67
2011-10-23,1052.0261,62.67
2011-10-24,1047.9826,62.26
2011-10-25,1058.0914,63.27
2011-10-26,1051.0152,62.56
2011-10-27,1034.639,60.93
2011-10-28,1044.7478,61.93
2011-10-29,1044.7478,61.93
2011-10-30,1044.7478,61.93
2011-10-31,1057.5443,63.21
2011-11-01,1073.2303,64.78
2011-11-02,1074.0559,64.86
2011-11-03,1070.5472,64.51
2011-11-04,1073.2303,64.77
2011-11-05,1073.2303,64.77
2011-11-06,1073.2303,64.77
2011-11-07,1077.1518,65.16
2011-11-08,1070.5472,64.50
2011-11-09,1080.6606,65.51
2011-11-10,1074.4687,64.89
2011-11-11,1074.4688,64.89
2011-11-12,1074.4688,64.89
2011-11-13,1074.4688,64.89
2011-11-14,1075.9135,65.03
2011-11-15,1074.2623,64.86
2011-11-16,1076.5327,65.09
2011-11-17,1080.867,65.52
2011-11-18,1073.8495,64.82
2011-11-19,1073.8495,64.82
2011-11-20,1073.8495,64.81
2011-11-21,1077.5646,65.18
2011-11-22,1080.4542,65.47
2011-11-23,1086.0268,66.03
2011-11-24,1086.0268,66.03
2011-11-25,1078.5966,65.28
2011-11-26,1078.5966,65.28
2011-11-27,1078.5966,65.28
2011-11-28,1079.2158,65.33
2011-11-29,1075.6383,64.97
2011-11-30,1070.6289,64.46
2011-12-01,1068.024,64.20
2011-12-02,1074.8368,64.88
2011-12-03,1074.8368,64.88
2011-12-04,1074.8368,64.88
2011-12-05,1073.4342,64.74
2011-12-06,1070.4285,64.44
2011-12-07,1078.6439,65.26
2011-12-08,1083.8536,65.78
2011-12-09,1077.0409,65.09
2011-12-10,1077.0409,65.09
2011-12-11,1077.0409,65.09
2011-12-12,1081.6495,65.55
2011-12-13,1085.2562,65.91
2011-12-14,1089.4641,66.33
2011-12-15,1088.2619,66.21
2011-12-16,1094.0727,66.79
2011-12-17,1094.0727,66.79
2011-12-18,1094.0727,66.78
2011-12-19,1096.0765,66.98
2011-12-20,1087.0596,66.08
2011-12-21,1084.4547,65.82
2011-12-22,1084.8555,65.86
2011-12-23,1077.2413,65.09
2011-12-24,1077.2413,65.09
2011-12-25,1077.2413,65.09
2011-12-26,1077.2413,65.09
2011-12-27,1078.4435,65.21
2011-12-28,1088.0615,66.17
2011-12-29,1089.8649,66.35
2011-12-30,1093.4494,66.71
2011-12-31,1093.4494,66.70
2012-01-01,1093.4494,66.70
2012-01-02,1093.4494,66.70
2012-01-03,1086.0811,65.96
2012-01-04,1084.0897,65.76
2012-01-05,1085.4837,65.90
2012-01-06,1088.67,66.22
2012-01-07,1088.67,66.22
2012-01-08,1088.67,66.22
2012-01-09,1090.064,66.35
2012-01-10,1088.2717,66.17
2012-01-11,1094.4452,66.79
2012-01-12,1091.458,66.49
2012-01-13,1098.8263,67.22
2012-01-14,1098.8263,67.22
2012-01-15,1098.8263,67.22
2012-01-16,1098.8263,67.22
2012-01-17,1099.4237,67.28
2012-01-18,1095.2417,66.86
2012-01-19,1088.0726,66.14
2012-01-20,1082.4966,65.58
2012-01-21,1082.4966,65.58
2012-01-22,1082.4966,65.58
2012-01-23,1078.912,65.22
2012-01-24,1080.306,65.36
2012-01-25,1088.8691,66.21
2012-01-26,1097.4323,67.07
2012-01-27,1101.0169,67.43
2012-01-28,1101.0169,67.42
2012-01-29,1101.0169,67.42
2012-01-30,1104.9997,67.82
2012-01-31,1107.7652,68.09
2012-02-01,1104.4072,67.76
2012-02-02,1106.7775,67.99
2012-02-03,1096.1109,66.93
2012-02-04,1096.1109,66.92
2012-02-05,1096.1109,66.92
2012-02-06,1100.4565,67.36
2012-02-07,1093.938,66.70
2012-02-08,1093.1479,66.62
2012-02-09,1089.1973,66.23
2012-02-10,1096.901,67.00
2012-02-11,1096.901,66.99
2012-02-12,1096.901,66.99
2012-02-13,1093.5429,66.66
2012-02-14,1098.6788,67.17
2012-02-15,1099.2713,67.23
2012-02-16,1091.7652,66.47
2012-02-17,1090.975,66.39
2012-02-18,1090.975,66.39
2012-02-19,1090.975,66.39
2012-02-20,1090.975,66.39
2012-02-21,1087.4195,66.03
2012-02-22,1092.5553,66.55
2012-02-23,1094.5306,66.74
2012-02-24,1094.3331,66.72
2012-02-25,1094.3331,66.72
2012-02-26,1094.3331,66.71
2012-02-27,1099.7981,67.25
2012-02-28,1100.3907,67.31
2012-02-29,1094.9848,66.77
2012-03-01,1089.7719,66.24
2012-03-02,1096.7224,66.94
2012-03-03,1096.7224,66.94
2012-03-04,1096.7224,66.93
2012-03-05,1094.0194,66.66
2012-03-06,1100.7768,67.34
2012-03-07,1098.2669,67.09
2012-03-08,1094.4056,66.70
2012-03-09,1092.0887,66.47
2012-03-10,1092.0887,66.46
2012-03-11,1092.0887,66.46
2012-03-12,1092.4749,66.50
2012-03-13,1084.7521,65.73
2012-03-14,1067.9551,64.05
2012-03-15,1068.9205,64.14
2012-03-16,1066.0244,63.85
2012-03-17,1066.0244,63.85
2012-03-18,1066.0244,63.85
2012-03-19,1057.9155,63.04
2012-03-20,1057.5294,63.00
2012-03-21,1065.4452,63.79
2012-03-22,1067.569,64.00
2012-03-23,1071.4303,64.38
2012-03-24,1071.4303,64.38
2012-03-25,1071.4303,64.38
2012-03-26,1071.6234,64.40
2012-03-27,1078.1878,65.05
2012-03-28,1077.9947,65.03
2012-03-29,1082.0491,65.44
2012-03-30,1076.7561,64.91
2012-03-31,1076.7561,64.91
2012-04-01,1076.7561,64.90
2012-04-02,1079.5006,65.18
2012-04-03,1069.6987,64.20
2012-04-04,1075.3838,64.76
2012-04-05,1082.8333,65.51
2012-04-06,1082.8333,65.51
2012-04-07,1082.8333,65.50
2012-04-08,1082.8333,65.50
2012-04-09,1097.5362,66.97
2012-04-10,1103.2214,67.54
2012-04-11,1099.8887,67.21
2012-04-12,1097.5362,66.97
2012-04-13,1102.4372,67.46
2012-04-14,1102.4372,67.46
2012-04-15,1102.4372,67.46
2012-04-16,1104.3976,67.65
2012-04-17,1101.0649,67.32
2012-04-18,1102.8293,67.49
2012-04-19,1105.3778,67.74
2012-04-20,1104.2016,67.63
2012-04-21,1104.2016,67.62
2012-04-22,1104.2016,67.62
2012-04-23,1108.1223,68.01
2012-04-24,1105.5738,67.76
2012-04-25,1104.3976,67.64
2012-04-26,1107.3382,67.93
2012-04-27,1110.2788,68.22
2012-04-28,1110.2788,68.22
2012-04-29,1110.2788,68.22
2012-04-30,1111.8146,68.37
2012-05-01,1107.975,67.99
2012-05-02,1110.6627,68.26
2012-05-03,1110.6627,68.26
2012-05-04,1116.2303,68.81
2012-05-05,1116.2303,68.81
2012-05-06,1116.2303,68.81
2012-05-07,1116.2303,68.81
2012-05-08,1119.686,69.15
2012-05-09,1119.494,69.13
2012-05-10,1117.9581,68.98
2012-05-11,1121.6058,69.34
2012-05-12,1121.6058,69.34
2012-05-13,1121.6058,69.34
2012-05-14,1125.8295,69.76
2012-05-15,1125.2535,69.70
2012-05-16,1125.8295,69.76
2012-05-17,1130.0531,70.18
2012-05-18,1130.6291,70.23
2012-05-19,1130.6291,70.23
2012-05-20,1130.6291,70.23
2012-05-21,1128.3253,70.00
2012-05-22,1124.4856,69.61
2012-05-23,1130.4371,70.21
2012-05-24,1127.3653,69.90
2012-05-25,1130.0531,70.16
2012-05-26,1130.0531,70.16
2012-05-27,1130.0531,70.16
2012-05-28,1130.0531,70.16
2012-05-29,1130.821,70.23
2012-05-30,1141.3162,71.27
2012-05-31,1144.2053,71.56
2012-06-01,1154.0283,72.54
2012-06-02,1154.0283,72.54
2012-06-03,1154.0283,72.54
2012-06-04,1146.1314,71.75
2012-06-05,1144.2053,71.55
2012-06-06,1136.3084,70.76
2012-06-07,1137.8492,70.91
2012-06-08,1138.6197,70.99
2012-06-09,1138.6197,70.99
2012-06-10,1138.6197,70.99
2012-06-11,1142.2792,71.35
2012-06-12,1135.3453,70.66
2012-06-13,1141.5088,71.27
2012-06-14,1139.0049,71.02
2012-06-15,1142.2792,71.35
2012-06-16,1142.2792,71.34
2012-06-17,1142.2792,71.34
2012-06-18,1141.7014,71.28
2012-06-19,1138.6197,70.97
2012-06-20,1135.1527,70.63
2012-06-21,1137.0788,70.82
2012-06-22,1132.6488,70.37
2012-06-23,1132.6488,70.37
2012-06-24,1132.6488,70.37
2012-06-25,1139.5827,71.06
2012-06-26,1138.0418,70.91
2012-06-27,1139.3901,71.04
2012-06-28,1144.0127,71.50
2012-06-29,1137.3171,70.83
2012-06-30,1137.3171,70.83
2012-07-01,1137.3171,70.83
2012-07-02,1145.1605,71.61
2012-07-03,1140.5693,71.15
2012-07-04,1140.5693,71.15
2012-07-05,1144.3953,71.53
2012-07-06,1149.3691,72.03
2012-07-07,1149.3691,72.02
2012-07-08,1149.3691,72.02
2012-07-09,1151.6648,72.25
2012-07-10,1152.6213,72.35
2012-07-11,1152.2387,72.31
2012-07-12,1153.0039,72.38
2012-07-13,1151.6648,72.25
2012-07-14,1151.6648,72.24
2012-07-15,1151.6648,72.24
2012-07-16,1154.9169,72.57
2012-07-17,1151.6648,72.24
2012-07-18,1154.1517,72.49
2012-07-19,1150.7082,72.14
2012-07-20,1156.0647,72.68
2012-07-21,1156.0647,72.68
2012-07-22,1156.0647,72.67
2012-07-23,1157.9777,72.86
2012-07-24,1160.4646,73.11
2012-07-25,1160.082,73.07
2012-07-26,1157.5951,72.82
2012-07-27,1146.4996,71.71
2012-07-28,1146.4996,71.71
2012-07-29,1146.4996,71.71
2012-07-30,1151.8561,72.24
2012-07-31,1152.9989,72.36
2012-08-01,1146.9039,71.74
2012-08-02,1152.6179,72.31
2012-08-03,1143.8565,71.44
2012-08-04,1143.8565,71.44
2012-08-05,1143.8565,71.43
2012-08-06,1146.3325,71.68
2012-08-07,1139.8567,71.03
2012-08-08,1138.7139,70.92
2012-08-09,1138.3329,70.88
2012-08-10,1141.7613,71.22
2012-08-11,1141.7613,71.22
2012-08-12,1141.7613,71.22
2012-08-13,1140.4281,71.08
2012-08-14,1134.5236,70.49
2012-08-15,1127.6668,69.80
2012-08-16,1125.0002,69.54
2012-08-17,1126.7144,69.71
2012-08-18,1126.7144,69.70
2012-08-19,1126.7144,69.70
2012-08-20,1126.9049,69.72
2012-08-21,1128.0477,69.83
2012-08-22,1136.6187,70.69
2012-08-23,1141.1899,71.15
2012-08-24,1139.8567,71.01
2012-08-25,1139.8567,71.01
2012-08-26,1139.8567,71.01
2012-08-27,1142.7137,71.29
2012-08-28,1144.4279,71.46
2012-08-29,1143.0311,71.31
2012-08-30,1147.6023,71.76
2012-08-31,1154.8213,72.48
2012-09-01,1154.8213,72.48
2012-09-02,1154.8213,72.48
2012-09-03,1154.8213,72.48
2012-09-04,1150.9191,72.09
2012-09-05,1150.3338,72.03
2012-09-06,1142.5295,71.25
2012-09-07,1146.0414,71.60
2012-09-08,1146.0414,71.60
2012-09-09,1146.0414,71.59
2012-09-10,1144.0903,71.40
2012-09-11,1143.1148,71.30
2012-09-12,1137.6518,70.75
2012-09-13,1142.9197,71.28
2012-09-14,1131.9936,70.18
2012-09-15,1131.9936,70.18
2012-09-16,1131.9936,70.18
2012-09-17,1133.7496,70.36
2012-09-18,1135.8958,70.57
2012-09-19,1138.042,70.78
2012-09-20,1138.4322,70.82
2012-09-21,1141.749,71.15
2012-09-22,1141.749,71.15
2012-09-23,1141.749,71.15
2012-09-24,1144.8708,71.46
2012-09-25,1147.9925,71.77
2012-09-26,1153.8458,72.35
2012-09-27,1152.0898,72.18
2012-09-28,1151.8964,72.16
2012-09-29,1151.8964,72.15
2012-09-30,1151.8964,72.15
2012-10-01,1153.0569,72.27
2012-10-02,1153.8305,72.34
2012-10-03,1154.991,72.46
2012-10-04,1151.1227,72.07
2012-10-05,1144.9335,71.45
2012-10-06,1144.9335,71.45
2012-10-07,1144.9335,71.45
2012-10-08,1144.9335,71.45
2012-10-09,1146.4808,71.60
2012-10-10,1148.6084,71.81
2012-10-11,1149.1886,71.87
2012-10-12,1149.7688,71.92
2012-10-13,1149.7688,71.92
2012-10-14,1149.7688,71.92
2012-10-15,1149.7688,71.92
2012-10-16,1144.3533,71.38
2012-10-17,1134.4892,70.39
2012-10-18,1133.3288,70.27
2012-10-19,1138.3575,70.77
2012-10-20,1138.3575,70.77
2012-10-21,1138.3575,70.77
2012-10-22,1134.8761,70.42
2012-10-23,1138.1641,70.75
2012-10-24,1138.1641,70.75
2012-10-25,1132.3617,70.17
2012-10-26,1140.485,70.98
2012-10-27,1140.485,70.98
2012-10-28,1140.485,70.98
2012-10-29,1140.485,70.98
2012-10-30,1141.8389,71.11
2012-10-31,1146.3249,71.56
2012-11-01,1143.7893,71.30
2012-11-02,1143.2042,71.24
2012-11-03,1143.2042,71.24
2012-11-04,1143.2042,71.24
2012-11-05,1147.6901,71.69
2012-11-06,1142.229,71.14
2012-11-07,1153.1513,72.23
2012-11-08,1156.662,72.58
2012-11-09,1157.2472,72.64
2012-11-10,1157.2472,72.64
2012-11-11,1157.2472,72.64
2012-11-12,1157.2472,72.63
2012-11-13,1159.0025,72.81
2012-11-14,1159.0025,72.81
2012-11-15,1158.8075,72.79
2012-11-16,1160.7579,72.98
2012-11-17,1160.7579,72.98
2012-11-18,1160.7579,72.98
2012-11-19,1157.2472,72.63
2012-11-20,1153.5414,72.25
2012-11-21,1150.8108,71.98
2012-11-22,1150.8108,71.98
2012-11-23,1150.0306,71.90
2012-11-24,1150.0306,71.90
2012-11-25,1150.0306,71.90
2012-11-26,1152.7612,72.17
2012-11-27,1154.9067,72.38
2012-11-28,1158.2224,72.70
2012-11-29,1158.7425,72.75
2012-11-30,1160.0911,72.88
2012-12-01,1160.0911,72.88
2012-12-02,1160.0911,72.88
2012-12-03,1157.9718,72.67
2012-12-04,1159.3205,72.80
2012-12-05,1162.0177,73.07
2012-12-06,1162.981,73.16
2012-12-07,1159.1278,72.78
2012-12-08,1159.1278,72.78
2012-12-09,1159.1278,72.77
2012-12-10,1159.8984,72.85
2012-12-11,1157.2012,72.58
2012-12-12,1152.9626,72.15
2012-12-13,1148.9167,71.75
2012-12-14,1149.6874,71.82
2012-12-15,1149.6874,71.82
2012-12-16,1149.6874,71.82
2012-12-17,1144.6782,71.32
2012-12-18,1139.091,70.76
2012-12-19,1141.7882,71.03
2012-12-20,1141.7882,71.03
2012-12-21,1145.8341,71.43
2012-12-22,1145.8341,71.43
2012-12-23,1145.8341,71.43
2012-12-24,1143.9075,71.23
2012-12-25,1143.9075,71.23
2012-12-26,1146.0268,71.44
2012-12-27,1151.2287,71.96
2012-12-28,1151.614,72.00
2012-12-29,1151.614,72.00
2012-12-30,1151.614,71.99
2012-12-31,1149.4855,71.78
2013-01-01,1149.4855,71.78
2013-01-02,1141.5521,70.98
2013-01-03,1135.1666,70.34
2013-01-04,1133.8121,70.21
2013-01-05,1133.8121,70.21
2013-01-06,1133.8121,70.20
2013-01-07,1134.5861,70.28
2013-01-08,1138.0691,70.63
2013-01-09,1140.5846,70.88
2013-01-10,1136.3276,70.45
2013-01-11,1138.6496,70.68
2013-01-12,1138.6496,70.68
2013-01-13,1138.6496,70.68
2013-01-14,1140.1976,70.83
2013-01-15,1143.1001,71.12
2013-01-16,1143.4871,71.16
2013-01-17,1138.2626,70.64
2013-01-18,1141.5521,70.96
2013-01-19,1141.5521,70.96
2013-01-20,1141.5521,70.96
2013-01-21,1141.5521,70.96
2013-01-22,1143.1001,71.11
2013-01-23,1143.4871,71.15
2013-01-24,1142.7131,71.07
2013-01-25,1132.4576,70.04
2013-01-26,1132.4576,70.04
2013-01-27,1132.4576,70.04
2013-01-28,1130.1357,69.81
2013-01-29,1130.1357,69.81
2013-01-30,1129.7487,69.77
2013-01-31,1130.9285,69.88
2013-02-01,1128.9621,69.69
2013-02-02,1128.9621,69.68
2013-02-03,1128.9621,69.68
2013-02-04,1133.6816,70.15
2013-02-05,1130.142,69.80
2013-02-06,1135.0581,70.29
2013-02-07,1136.8279,70.46
2013-02-08,1136.6313,70.44
2013-02-09,1136.6313,70.44
2013-02-10,1136.6313,70.44
2013-02-11,1136.0414,70.38
2013-02-12,1132.895,70.06
2013-02-13,1129.3554,69.71
2013-02-14,1134.4682,70.22
2013-02-15,1134.0749,70.18
2013-02-16,1134.0749,70.18
2013-02-17,1134.0749,70.18
2013-02-18,1134.0749,70.17
2013-02-19,1131.7151,69.94
2013-02-20,1133.2883,70.09
2013-02-21,1137.4179,70.50
2013-02-22,1138.7944,70.64
2013-02-23,1138.7944,70.64
2013-02-24,1138.7944,70.64
2013-02-25,1146.267,71.38
2013-02-26,1148.4956,71.60
2013-02-27,1147.3158,71.47
2013-02-28,1148.6942,71.61
2013-03-01,1151.6479,71.90
2013-03-02,1151.6479,71.90
2013-03-03,1151.6479,71.90
2013-03-04,1149.6787,71.70
2013-03-05,1148.4972,71.58
2013-03-06,1144.362,71.17
2013-03-07,1138.2576,70.56
2013-03-08,1131.9563,69.92
2013-03-09,1131.9563,69.92
2013-03-10,1131.9563,69.92
2013-03-11,1131.9563,69.92
2013-03-12,1135.3039,70.25
2013-03-13,1135.1069,70.23
2013-03-14,1135.3039,70.25
2013-03-15,1140.4237,70.76
2013-03-16,1140.4237,70.76
2013-03-17,1140.4237,70.76
2013-03-18,1144.362,71.15
2013-03-19,1148.8911,71.60
2013-03-20,1146.725,71.39
2013-03-21,1146.9219,71.41
2013-03-22,1148.3003,71.54
2013-03-23,1148.3003,71.54
2013-03-24,1148.3003,71.54
2013-03-25,1149.088,71.62
2013-03-26,1150.6633,71.77
2013-03-27,1155.9801,72.30
2013-03-28,1154.212,72.12
2013-03-29,1154.212,72.12
2013-03-30,1154.212,72.12
2013-03-31,1154.212,72.12
2013-04-01,1155.9801,72.30
2013-04-02,1154.212,72.12
2013-04-03,1159.5162,72.65
2013-04-04,1165.0169,73.20
2013-04-05,1168.946,73.59
2013-04-06,1168.946,73.59
2013-04-07,1168.946,73.58
2013-04-08,1165.2134,73.21
2013-04-09,1164.624,73.15
2013-04-10,1159.7127,72.66
2013-04-11,1161.2843,72.81
2013-04-12,1166.785,73.36
2013-04-13,1166.785,73.36
2013-04-14,1166.785,73.36
2013-04-15,1167.5708,73.44
2013-04-16,1166.3921,73.32
2013-04-17,1167.7673,73.45
2013-04-18,1168.7495,73.55
2013-04-19,1166.9814,73.37
2013-04-20,1166.9814,73.37
2013-04-21,1166.9814,73.37
2013-04-22,1168.1602,73.49
2013-04-23,1167.9637,73.46
2013-04-24,1168.3566,73.50
2013-04-25,1167.7673,73.44
2013-04-26,1172.4821,73.91
2013-04-27,1172.4821,73.91
2013-04-28,1172.4821,73.91
2013-04-29,1172.6786,73.93
2013-04-30,1171.5158,73.81
2013-05-01,1174.6165,74.12
2013-05-02,1175.0041,74.16
2013-05-03,1165.3145,73.19
2013-05-04,1165.3145,73.18
2013-05-05,1165.3145,73.18
2013-05-06,1162.9889,72.95
2013-05-07,1162.4076,72.89
2013-05-08,1164.3455,73.08
2013-05-09,1163.5703,73.00
2013-05-10,1155.6248,72.21
2013-05-11,1155.6248,72.20
2013-05-12,1155.6248,72.20
2013-05-13,1154.2683,72.07
2013-05-14,1151.1676,71.75
2013-05-15,1152.7179,71.91
2013-05-16,1160.4696,72.68
2013-05-17,1152.9117,71.92
2013-05-18,1152.9117,71.92
2013-05-19,1152.9117,71.92
2013-05-20,1152.3303,71.86
2013-05-21,1153.4931,71.98
2013-05-22,1145.16,71.14
2013-05-23,1145.5476,71.18
2013-05-24,1146.5166,71.27
2013-05-25,1146.5166,71.27
2013-05-26,1146.5166,71.27
2013-05-27,1146.5166,71.27
2013-05-28,1134.6952,70.08
2013-05-29,1135.5996,70.17
2013-05-30,1135.6642,70.17
2013-05-31,1132.262,69.82
2013-06-01,1132.262,69.82
2013-06-02,1132.262,69.82
2013-06-03,1134.4634,70.04
2013-06-04,1133.4628,69.94
2013-06-05,1136.4647,70.24
2013-06-06,1139.4666,70.54
2013-06-07,1130.4608,69.63
2013-06-08,1130.4608,69.63
2013-06-09,1130.4608,69.63
2013-06-10,1126.058,69.19
2013-06-11,1127.4589,69.33
2013-06-12,1124.6571,69.05
2013-06-13,1129.6603,69.55
2013-06-14,1137.2652,70.31
2013-06-15,1137.2652,70.30
2013-06-16,1137.2652,70.30
2013-06-17,1133.4628,69.92
2013-06-18,1132.4621,69.82
2013-06-19,1115.4512,68.12
2013-06-20,1105.0445,67.08
2013-06-21,1094.4377,66.01
2013-06-22,1094.4377,66.01
2013-06-23,1094.4377,66.01
2013-06-24,1090.4351,65.61
2013-06-25,1087.233,65.29
2013-06-26,1093.0368,65.87
2013-06-27,1099.2408,66.49
2013-06-28,1098.2107,66.38
2013-06-29,1098.2107,66.38
2013-06-30,1098.2107,66.38
2013-07-01,1097.7987,66.34
2013-07-02,1098.8287,66.44
2013-07-03,1095.5325,66.11
2013-07-04,1095.5325,66.11
2013-07-05,1073.0772,63.86
2013-07-06,1073.0772,63.86
2013-07-07,1073.0772,63.86
2013-07-08,1081.3177,64.68
2013-07-09,1084.2019,64.97
2013-07-10,1081.3177,64.68
2013-07-11,1094.9145,66.04
2013-07-12,1092.0303,65.75
2013-07-13,1092.0303,65.74
2013-07-14,1092.0303,65.74
2013-07-15,1097.3866,66.28
2013-07-16,1098.6227,66.40
2013-07-17,1104.185,66.95
2013-07-18,1100.6828,66.60
2013-07-19,1105.2151,67.05
2013-07-20,1105.2151,67.05
2013-07-21,1105.2151,67.05
2013-07-22,1105.4211,67.07
2013-07-23,1103.361,66.86
2013-07-24,1096.3566,66.16
2013-07-25,1094.7085,66.00
2013-07-26,1099.8588,66.51
2013-07-27,1099.8588,66.51
2013-07-28,1099.8588,66.51
2013-07-29,1097.7987,66.30
2013-07-30,1096.3566,66.15
2013-07-31,1096.5621,66.17
2013-08-01,1082.5863,64.77
2013-08-02,1098.4119,66.36
2013-08-03,1098.4119,66.35
2013-08-04,1098.4119,66.35
2013-08-05,1095.329,66.04
2013-08-06,1095.5345,66.06
2013-08-07,1099.234,66.43
2013-08-08,1101.4948,66.66
2013-08-09,1101.4948,66.66
2013-08-10,1101.4948,66.65
2013-08-11,1101.4948,66.65
2013-08-12,1099.0284,66.40
2013-08-13,1086.9024,65.19
2013-08-14,1087.93,65.29
2013-08-15,1084.2305,64.92
2013-08-16,1077.4481,64.24
2013-08-17,1077.4481,64.24
2013-08-18,1077.4481,64.24
2013-08-19,1072.5155,63.74
2013-08-20,1079.9145,64.48
2013-08-21,1073.9542,63.89
2013-08-22,1067.9939,63.29
2013-08-23,1075.8039,64.07
2013-08-24,1075.8039,64.07
2013-08-25,1075.8039,64.07
2013-08-26,1078.2702,64.31
2013-08-27,1087.3134,65.21
2013-08-28,1080.9421,64.57
2013-08-29,1084.436,64.91
2013-08-30,1083.2046,64.79
2013-08-31,1083.2046,64.78
2013-09-01,1083.2046,64.78
2013-09-02,1083.2046,64.78
2013-09-03,1073.7631,63.84
2013-09-04,1067.6057,63.22
2013-09-05,1058.5748,62.31
2013-09-06,1065.5532,63.01
2013-09-07,1065.5532,63.01
2013-09-08,1065.5532,63.01
2013-09-09,1071.0949,63.56
2013-09-10,1065.5532,63.01
2013-09-11,1071.5054,63.60
2013-09-12,1071.9159,63.64
2013-09-13,1073.5579,63.80
2013-09-14,1073.5579,63.80
2013-09-15,1073.5579,63.80
2013-09-16,1079.0996,64.35
2013-09-17,1081.3573,64.58
2013-09-18,1100.2401,66.46
2013-09-19,1095.3142,65.97
2013-09-20,1096.5457,66.09
2013-09-21,1096.5457,66.09
2013-09-22,1096.5457,66.09
2013-09-23,1098.5982,66.29
2013-09-24,1104.9608,66.93
2013-09-25,1109.4763,67.38
2013-09-26,1107.0133,67.13
2013-09-27,1110.2973,67.46
2013-09-28,1110.2973,67.46
2013-09-29,1110.2973,67.46
2013-09-30,1110.8893,67.51
2013-10-01,1107.5344,67.18
2013-10-02,1110.8893,67.51
2013-10-03,1113.2575,67.75
2013-10-04,1108.3238,67.25
2013-10-05,1108.3238,67.25
2013-10-06,1108.3238,67.25
2013-10-07,1109.7053,67.39
2013-10-08,1109.3106,67.35
2013-10-09,1109.3106,67.35
2013-10-10,1105.7583,66.99
2013-10-11,1107.3371,67.15
2013-10-12,1107.3371,67.15
2013-10-13,1107.3371,67.14
2013-10-14,1107.3371,67.14
2013-10-15,1104.1795,66.83
2013-10-16,1109.3106,67.34
2013-10-17,1117.9939,68.21
2013-10-18,1117.2045,68.13
2013-10-19,1117.2045,68.13
2013-10-20,1117.2045,68.13
2013-10-21,1115.4284,67.95
2013-10-22,1124.9012,68.89
2013-10-23,1126.8747,69.09
2013-10-24,1123.7171,68.77
2013-10-25,1126.2826,69.03
2013-10-26,1126.2826,69.03
2013-10-27,1126.2826,69.02
2013-10-28,1125.6906,68.96
2013-10-29,1127.6641,69.16
2013-10-30,1125.0985,68.90
2013-10-31,1123.1505,68.71
2013-11-01,1115.943,67.98
2013-11-02,1115.943,67.98
2013-11-03,1115.943,67.98
2013-11-04,1118.4754,68.23
2013-11-05,1113.2159,67.71
2013-11-06,1117.6962,68.15
2013-11-07,1120.4234,68.42
2013-11-08,1107.5668,67.14
2013-11-09,1107.5668,67.14
2013-11-10,1107.5668,67.13
2013-11-11,1107.5668,67.13
2013-11-12,1105.0344,66.88
2013-11-13,1110.6835,67.44
2013-11-14,1116.7222,68.05
2013-11-15,1115.7482,67.95
2013-11-16,1115.7482,67.95
2013-11-17,1115.7482,67.94
2013-11-18,1119.2546,68.29
2013-11-19,1115.3587,67.90
2013-11-20,1110.6835,67.43
2013-11-21,1110.6835,67.43
2013-11-22,1113.4107,67.70
2013-11-23,1113.4107,67.70
2013-11-24,1113.4107,67.70
2013-11-25,1114.5795,67.81
2013-11-26,1119.5143,68.30
2013-11-27,1115.6184,67.90
2013-11-28,1115.6184,67.90
2013-11-29,1114.2004,67.76
2013-11-30,1114.2004,67.76
2013-12-01,1114.2004,67.76
2013-12-02,1107.5156,67.09
2013-12-03,1110.5542,67.39
2013-12-04,1104.2746,66.76
2013-12-05,1101.0335,66.43
2013-12-06,1099.2103,66.25
2013-12-07,1099.2103,66.25
2013-12-08,1099.2103,66.25
2013-12-09,1100.8309,66.41
2013-12-10,1107.7182,67.10
2013-12-11,1103.0591,66.63
2013-12-12,1099.6155,66.28
2013-12-13,1099.818,66.30
2013-12-14,1099.818,66.30
2013-12-15,1099.818,66.30
2013-12-16,1099.4129,66.26
2013-12-17,1103.4643,66.66
2013-12-18,1100.2232,66.34
2013-12-19,1091.9179,65.50
2013-12-20,1092.9307,65.60
2013-12-21,1092.9307,65.60
2013-12-22,1092.9307,65.60
2013-12-23,1089.0819,65.22
2013-12-24,1084.0177,64.71
2013-12-25,1084.0177,64.71
2013-12-26,1083.2074,64.62
2013-12-27,1083.2074,64.62
2013-12-28,1083.2074,64.62
2013-12-29,1083.2074,64.62
2013-12-30,1086.246,64.92
2013-12-31,1084.0188,64.70
2014-01-01,1084.0188,64.70
2014-01-02,1086.246,64.92
2014-01-03,1085.6386,64.86
2014-01-04,1085.6386,64.86
2014-01-05,1085.6386,64.85
2014-01-06,1089.4855,65.24
2014-01-07,1092.32,65.52
2014-01-08,1084.8287,64.77
2014-01-09,1087.6632,65.05
2014-01-10,1100.2163,66.31
2014-01-11,1100.2163,66.30
2014-01-12,1100.2163,66.30
2014-01-13,1103.8607,66.67
2014-01-14,1098.5965,66.14
2014-01-15,1095.9644,65.87
2014-01-16,1099.8113,66.26
2014-01-17,1101.836,66.46
2014-01-18,1101.836,66.46
2014-01-19,1101.836,66.45
2014-01-20,1101.836,66.45
2014-01-21,1101.2286,66.39
2014-01-22,1095.9644,65.86
2014-01-23,1106.4928,66.92
2014-01-24,1110.1372,67.28
2014-01-25,1110.1372,67.28
2014-01-26,1110.1372,67.28
2014-01-27,1106.8977,66.95
2014-01-28,1110.3397,67.29
2014-01-29,1117.426,68.00
2014-01-30,1115.1989,67.78
2014-01-31,1119.0595,68.16
2014-02-01,1119.0595,68.16
2014-02-02,1119.0595,68.16
2014-02-03,1127.7965,69.03
2014-02-04,1124.1392,68.66
2014-02-05,1120.685,68.32
2014-02-06,1117.2308,67.97
2014-02-07,1121.9041,68.44
2014-02-08,1121.9041,68.44
2014-02-09,1121.9041,68.43
2014-02-10,1121.4977,68.39
2014-02-11,1116.8244,67.92
2014-02-12,1112.5574,67.50
2014-02-13,1119.0595,68.15
2014-02-14,1117.6371,68.00
2014-02-15,1117.6371,68.00
2014-02-16,1117.6371,68.00
2014-02-17,1117.6371,68.00
2014-02-18,1121.7009,68.40
2014-02-19,1118.8563,68.12
2014-02-20,1115.8085,67.81
2014-02-21,1117.2308,67.95
2014-02-22,1117.2308,67.95
2014-02-23,1117.2308,67.95
2014-02-24,1115.4021,67.76
2014-02-25,1120.0754,68.23
2014-02-26,1123.2587,68.54
2014-02-27,1126.3065,68.84
2014-02-28,1123.37,68.54
2014-03-01,1123.37,68.54
2014-03-02,1123.37,68.54
2014-03-03,1129.4527,69.15
2014-03-04,1120.6433,68.26
2014-03-05,1120.6433,68.26
2014-03-06,1116.4483,67.84
2014-03-07,1110.1558,67.21
2014-03-08,1110.1558,67.21
2014-03-09,1110.1558,67.21
2014-03-10,1111.624,67.35
2014-03-11,1113.302,67.52
2014-03-12,1117.0775,67.90
2014-03-13,1124.6285,68.65
2014-03-14,1125.048,68.69
2014-03-15,1125.048,68.69
2014-03-16,1125.048,68.69
2014-03-17,1120.014,68.18
2014-03-18,1122.531,68.43
2014-03-19,1109.107,67.09
2014-03-20,1108.0583,66.98
2014-03-21,1108.8973,67.07
2014-03-22,1108.8973,67.07
2014-03-23,1108.8973,67.06
2014-03-24,1108.4778,67.02
2014-03-25,1109.107,67.08
2014-03-26,1113.5118,67.52
2014-03-27,1114.3508,67.60
2014-03-28,1110.3655,67.20
2014-03-29,1110.3655,67.20
2014-03-30,1110.3655,67.20
2014-03-31,1109.5217,67.12
2014-04-01,1107.6231,66.92
2014-04-02,1101.7164,66.33
2014-04-03,1102.3492,66.39
2014-04-04,1111.8422,67.34
2014-04-05,1111.8422,67.34
2014-04-06,1111.8422,67.34
2014-04-07,1114.3737,67.59
2014-04-08,1116.9051,67.84
2014-04-09,1119.0147,68.05
2014-04-10,1125.7652,68.73
2014-04-11,1127.031,68.85
2014-04-12,1127.031,68.85
2014-04-13,1127.031,68.85
2014-04-14,1124.2886,68.57
2014-04-15,1124.2886,68.57
2014-04-16,1121.3352,68.28
2014-04-17,1112.897,67.43
2014-04-18,1112.897,67.43
2014-04-19,1112.897,67.43
2014-04-20,1112.897,67.43
2014-04-21,1112.686,67.40
2014-04-22,1111.2093,67.26
2014-04-23,1115.6394,67.70
2014-04-24,1115.2175,67.65
2014-04-25,1117.1161,67.84
2014-04-26,1117.1161,67.84
2014-04-27,1117.1161,67.84
2014-04-28,1117.538,67.88
2014-04-29,1116.2723,67.75
2014-04-30,1121.9617,68.32
2014-05-01,1125.1225,68.63
2014-05-02,1125.1225,68.63
2014-05-03,1125.1225,68.63
2014-05-04,1125.1225,68.63
2014-05-05,1124.0689,68.52
2014-05-06,1124.9118,68.61
2014-05-07,1128.0726,68.92
2014-05-08,1131.2335,69.24
2014-05-09,1129.7584,69.09
2014-05-10,1129.7584,69.09
2014-05-11,1129.7584,69.08
2014-05-12,1126.1762,68.72
2014-05-13,1130.6013,69.17
2014-05-14,1138.1873,69.92
2014-05-15,1142.191,70.32
2014-05-16,1140.2945,70.13
2014-05-17,1140.2945,70.13
2014-05-18,1140.2945,70.13
2014-05-19,1139.6623,70.06
2014-05-20,1143.2446,70.42
2014-05-21,1140.7159,70.17
2014-05-22,1138.1873,69.91
2014-05-23,1140.5052,70.14
2014-05-24,1140.5052,70.14
2014-05-25,1140.5052,70.14
2014-05-26,1140.5052,70.14
2014-05-27,1141.9802,70.28
2014-05-28,1149.8472,71.06
2014-05-29,1148.7935,70.95
2014-05-30,1147.3584,70.80
2014-05-31,1147.3584,70.80
2014-06-01,1147.3584,70.80
2014-06-02,1139.1573,69.98
2014-06-03,1133.0065,69.36
2014-06-04,1131.5713,69.22
2014-06-05,1134.2367,69.48
2014-06-06,1132.1864,69.28
2014-06-07,1132.1864,69.27
2014-06-08,1132.1864,69.27
2014-06-09,1129.9311,69.05
2014-06-10,1127.6758,68.82
2014-06-11,1128.4959,68.90
2014-06-12,1134.6467,69.51
2014-06-13,1131.3663,69.18
2014-06-14,1131.3663,69.18
2014-06-15,1131.3663,69.18
2014-06-16,1131.5713,69.20
2014-06-17,1125.6255,68.60
2014-06-18,1130.3412,69.08
2014-06-19,1131.9814,69.24
2014-06-20,1130.9562,69.13
2014-06-21,1130.9562,69.13
2014-06-22,1130.9562,69.13
2014-06-23,1130.9562,69.13
2014-06-24,1134.8521,69.52
2014-06-25,1137.927,69.82
2014-06-26,1141.6176,70.19
2014-06-27,1141.8226,70.21
2014-06-28,1141.8226,70.21
2014-06-29,1141.8226,70.21
2014-06-30,1142.853,70.31
2014-07-01,1138.9376,69.92
2014-07-02,1132.5493,69.28
2014-07-03,1130.2825,69.05
2014-07-04,1130.2825,69.05
2014-07-05,1130.2825,69.05
2014-07-06,1130.2825,69.04
2014-07-07,1132.5493,69.27
2014-07-08,1137.289,69.74
2014-07-09,1140.3801,70.05
2014-07-10,1142.853,70.30
2014-07-11,1143.4712,70.36
2014-07-12,1143.4712,70.35
2014-07-13,1143.4712,70.35
2014-07-14,1140.1741,70.02
2014-07-15,1139.3498,69.94
2014-07-16,1139.1437,69.92
2014-07-17,1145.3259,70.53
2014-07-18,1144.2955,70.43
2014-07-19,1144.2955,70.43
2014-07-20,1144.2955,70.43
2014-07-21,1144.0895,70.40
2014-07-22,1145.9441,70.59
2014-07-23,1146.1502,70.61
2014-07-24,1141.2044,70.11
2014-07-25,1144.7077,70.46
2014-07-26,1144.7077,70.46
2014-07-27,1144.7077,70.46
2014-07-28,1142.2348,70.21
2014-07-29,1145.532,70.54
2014-07-30,1136.0526,69.59
2014-07-31,1135.4352,69.52
2014-08-01,1143.8721,70.37
2014-08-02,1143.8721,70.37
2014-08-03,1143.8721,70.36
2014-08-04,1145.5184,70.53
2014-08-05,1145.7242,70.55
2014-08-06,1147.1646,70.69
2014-08-07,1152.7206,71.24
2014-08-08,1153.3379,71.30
2014-08-09,1153.3379,71.30
2014-08-10,1153.3379,71.30
2014-08-11,1152.7206,71.24
2014-08-12,1151.4859,71.11
2014-08-13,1151.4859,71.11
2014-08-14,1157.6593,71.73
2014-08-15,1162.1864,72.18
2014-08-16,1162.1864,72.18
2014-08-17,1162.1864,72.18
2014-08-18,1158.4824,71.80
2014-08-19,1156.6304,71.62
2014-08-20,1152.7206,71.23
2014-08-21,1153.9553,71.35
2014-08-22,1152.3091,71.18
2014-08-23,1152.3091,71.18
2014-08-24,1152.3091,71.18
2014-08-25,1153.1322,71.26
2014-08-26,1154.1611,71.36
2014-08-27,1156.8362,71.62
2014-08-28,1159.3741,71.86
2014-08-29,1158.5678,71.78
2014-08-30,1158.5678,71.78
2014-08-31,1158.5678,71.78
2014-09-01,1158.5678,71.78
2014-09-02,1151.5128,71.07
2014-09-03,1151.5128,71.07
2014-09-04,1148.2877,70.75
2014-09-05,1149.2955,70.85
2014-09-06,1149.2955,70.84
2014-09-07,1149.2955,70.84
2014-09-08,1147.8846,70.70
2014-09-09,1144.0547,70.32
2014-09-10,1141.8374,70.09
2014-09-11,1142.039,70.11
2014-09-12,1135.3871,69.44
2014-09-13,1135.3871,69.44
2014-09-14,1135.3871,69.44
2014-09-15,1137.6044,69.66
2014-09-16,1138.4107,69.74
2014-09-17,1136.1934,69.52
2014-09-18,1132.162,69.11
2014-09-19,1135.5887,69.45
2014-09-20,1135.5887,69.45
2014-09-21,1135.5887,69.45
2014-09-22,1139.217,69.81
2014-09-23,1142.4421,70.13
2014-09-24,1139.217,69.81
2014-09-25,1145.2642,70.41
2014-09-26,1141.2327,70.01
2014-09-27,1141.2327,70.01
2014-09-28,1141.2327,70.01
2014-09-29,1145.4657,70.43
2014-09-30,1143.8677,70.27
2014-10-01,1155.0539,71.38
2014-10-02,1152.457,71.12
2014-10-03,1150.2598,70.90
2014-10-04,1150.2598,70.90
2014-10-05,1150.2598,70.90
2014-10-06,1153.656,71.24
2014-10-07,1161.2462,71.99
2014-10-08,1166.0403,72.47
2014-10-09,1166.8393,72.55
2014-10-10,1168.2376,72.69
2014-10-11,1168.2376,72.69
2014-10-12,1168.2376,72.69
2014-10-13,1168.2376,72.68
2014-10-14,1179.6235,73.82
2014-10-15,1194.0058,75.26
2014-10-16,1187.4139,74.60
2014-10-17,1182.2203,74.08
2014-10-18,1182.2203,74.08
2014-10-19,1182.2203,74.07
2014-10-20,1184.4176,74.29
2014-10-21,1182.4201,74.09
2014-10-22,1179.4238,73.79
2014-10-23,1174.2302,73.27
2014-10-24,1174.4301,73.29
2014-10-25,1174.4301,73.29
2014-10-26,1174.4301,73.28
2014-10-27,1175.8282,73.42
2014-10-28,1173.4312,73.18
2014-10-29,1167.0391,72.54
2014-10-30,1169.2364,72.76
2014-10-31,1165.8315,72.42
2014-11-01,1165.8315,72.42
2014-11-02,1165.8315,72.41
2014-11-03,1164.6298,72.29
2014-11-04,1164.8301,72.31
2014-11-05,1164.8301,72.31
2014-11-06,1162.026,72.03
2014-11-07,1169.6369,72.79
2014-11-08,1169.6369,72.79
2014-11-09,1169.6369,72.79
2014-11-10,1164.6298,72.28
2014-11-11,1164.6298,72.28
2014-11-12,1165.4309,72.36
2014-11-13,1167.4338,72.56
2014-11-14,1170.0375,72.82
2014-11-17,1167.2335,72.53
2014-11-18,1169.4366,72.75
2014-11-19,1166.2321,72.43
2014-11-20,1168.4352,72.65
2014-11-21,1170.0375,72.81
2014-11-24,1171.2392,72.92
2014-11-25,1175.8458,73.37
2014-11-26,1178.9837,73.68
2014-11-27,1178.9837,73.68
2014-11-28,1182.9534,74.08
2014-12-01,1181.3655,73.91
2014-12-02,1174.0214,73.18
2014-12-03,1173.2271,73.10
2014-12-04,1176.0063,73.37
2014-12-05,1168.4637,72.62
2014-12-08,1172.4335,73.01
2014-12-09,1177.1972,73.48
2014-12-10,1183.5489,74.12
2014-12-11,1180.7701,73.84
2014-12-12,1189.3051,74.69
2014-12-15,1185.5338,74.31
2014-12-16,1190.496,74.80
2014-12-17,1181.762,73.93
2014-12-18,1175.8078,73.33
2014-12-19,1177.7927,73.53
2014-12-22,1178.5867,73.60
2014-12-23,1169.6547,72.71
2014-12-24,1169.0592,72.65
2014-12-25,1169.0592,72.65
2014-12-26,1169.8531,72.72
2014-12-29,1174.6169,73.20
2014-12-30,1176.9988,73.43
2014-12-31,1179.8333,73.72
2015-01-01,1179.8333,73.71
2015-01-02,1184.4899,74.18
2015-01-05,1192.386,74.96
2015-01-06,1200.0797,75.73
2015-01-07,1201.4969,75.87
2015-01-08,1196.8403,75.40
2015-01-09,1202.9142,76.01
2015-01-12,1209.1906,76.63
2015-01-13,1212.43,76.96
2015-01-14,1218.301,77.54
2015-01-15,1225.7926,78.29
2015-01-16,1219.5163,77.66
2015-01-20,1219.5163,77.65
2015-01-21,1214.0497,77.10
2015-01-22,1210.0004,76.70
2015-01-23,1217.0867,77.41
2015-01-26,1214.8596,77.18
2015-01-27,1216.8842,77.38
2015-01-28,1227.4124,78.43
2015-01-29,1223.768,78.06
2015-01-30,1232.3609,78.92
2015-02-02,1232.9468,78.98
2015-02-03,1222.2057,77.90
2015-02-04,1221.424,77.82
2015-02-05,1219.6668,77.64
2015-02-09,1204.0434,76.07
2015-02-10,1200.9187,75.76
2015-02-11,1200.9187,75.76
2015-02-12,1201.6998,75.84
2015-02-13,1199.3563,75.60
2015-02-16,1199.3563,75.60
2015-02-17,1187.0528,74.36
2015-02-18,1196.6222,75.32
2015-02-19,1191.3493,74.79
2015-02-20,1191.3493,74.79
2015-02-23,1196.6222,75.31
2015-02-24,1205.0198,76.14
2015-02-25,1205.4755,76.18
2015-02-26,1199.8771,75.62
2015-02-27,1201.8681,75.81
2015-03-02,1193.3069,74.95
2015-03-03,1189.3249,74.55
2015-03-04,1190.5195,74.67
2015-03-05,1192.51,74.87
2015-03-06,1179.7682,73.59
2015-03-09,1184.3474,74.05
2015-03-10,1190.7186,74.68
2015-03-11,1191.515,74.76
2015-03-12,1194.3023,75.04
2015-03-13,1193.1078,74.92
2015-03-16,1194.5014,75.05
2015-03-17,1198.0852,75.41
2015-03-18,1211.6239,76.76
2015-03-19,1207.2437,76.32
2015-03-20,1213.2167,76.92
2015-03-23,1215.2077,77.11
2015-03-24,1218.3933,77.43
2015-03-25,1214.809,77.07
2015-03-26,1207.4428,76.33
2015-03-27,1213.2167,76.91
2015-03-30,1212.0221,76.78
2015-03-31,1215.9874,77.18
2015-04-01,1221.9354,77.77
2015-04-02,1219.3579,77.51
2015-04-06,1222.5302,77.82
2015-04-07,1221.7371,77.74
2015-04-08,1221.7371,77.74
2015-04-09,1215.1944,77.09
2015-04-10,1214.7978,77.04
2015-04-13,1216.9788,77.26
2015-04-14,1221.1423,77.67
2015-04-15,1222.7285,77.83
2015-04-16,1225.9007,78.14
2015-04-17,1227.4869,78.30
2015-04-20,1223.9181,77.94
2015-04-21,1221.7371,77.72
2015-04-22,1215.3926,77.08
2015-04-23,1218.9611,77.44
2015-04-24,1222.134,77.76
2015-04-27,1221.1423,77.65
2015-04-28,1216.582,77.19
2015-04-29,1211.031,76.64
2015-04-30,1209.251,76.46
2015-05-01,1201.735,75.70
2015-05-04,1201.5372,75.68
2015-05-05,1197.186,75.24
2015-05-06,1193.033,74.83
2015-05-07,1196.7904,75.20
2015-05-08,1202.3283,75.75
2015-05-11,1190.4614,74.56
2015-05-12,1192.4392,74.76
2015-05-13,1191.6481,74.68
2015-05-14,1196.79,75.19
2015-05-15,1204.9,76.00
2015-05-18,1196.593,75.16
2015-05-19,1192.241,74.73
2015-05-20,1195.2082,75.02
2015-05-21,1200.9439,75.60
2015-05-22,1195.406,75.04
2015-05-26,1203.3173,75.82
2015-05-27,1203.1195,75.79
2015-05-28,1204.7679,75.95
2015-05-29,1208.488,76.32
2015-06-01,1198.6981,75.34
2015-06-02,1191.2581,74.59
2015-06-03,1180.881,73.55
2015-06-04,1186.559,74.12
2015-06-05,1176.182,73.08
2015-06-08,1179.1189,73.37
2015-06-09,1176.182,73.08
2015-06-10,1170.504,72.51
2015-06-11,1179.3147,73.39
2015-06-12,1178.7273,73.32
2015-06-15,1182.2516,73.67
2015-06-16,1186.167,74.06
2015-06-17,1189.496,74.39
2015-06-18,1185.58,74.00
2015-06-19,1194.5865,74.90
2015-06-22,1185.188,73.96
2015-06-23,1180.489,73.48
2015-06-24,1184.0137,73.84
2015-06-25,1182.0558,73.64
2015-06-26,1175.0073,72.93
2015-06-29,1189.8875,74.42
2015-06-30,1189.4915,74.37
2015-07-01,1180.582,73.48
2015-07-02,1185.7299,74.00
2015-07-06,1197.0147,75.12
2015-07-07,1201.5682,75.57
2015-07-08,1204.736,75.89
2015-07-09,1195.827,74.99
2015-07-10,1183.9481,73.80
2015-07-13,1182.1663,73.62
2015-07-14,1186.522,74.06
2015-07-15,1191.6693,74.57
2015-07-16,1189.4915,74.35
2015-07-17,1188.8976,74.29
2015-07-20,1185.9279,73.99
2015-07-21,1189.8875,74.38
2015-07-22,1191.2733,74.52
2015-07-23,1195.035,74.89
2015-07-24,1196.421,75.03
2015-07-27,1201.964,75.58
2015-07-28,1199.9844,75.38
2015-07-29,1197.6087,75.14
2015-07-30,1198.0046,75.18
2015-07-31,1205.4115,75.92
2015-08-03,1210.2841,76.40
2015-08-04,1203.267,75.70
2015-08-05,1196.8351,75.06
2015-08-06,1200.1487,75.39
2015-08-07,1205.6064,75.93
2015-08-10,1200.149,75.38
2015-08-11,1210.6742,76.43
2015-08-12,1212.0386,76.57
2015-08-13,1205.9962,75.96
2015-08-14,1204.437,75.80
2015-08-17,1209.505,76.30
2015-08-18,1205.6064,75.91
2015-08-19,1213.598,76.71
2015-08-20,1216.5217,77.00
2015-08-21,1220.8099,77.43
2015-08-24,1227.4371,78.09
2015-08-25,1213.2081,76.66
2015-08-26,1211.6488,76.50
2015-08-27,1211.6488,76.49
2015-08-28,1209.6347,76.29
2015-08-31,1207.8301,76.10
2015-09-01,1211.038,76.42
2015-09-02,1209.0331,76.22
2015-09-03,1212.0408,76.52
2015-09-04,1216.652,76.98
2015-09-08,1210.6372,76.37
2015-09-09,1212.642,76.57
2015-09-10,1209.033,76.21
2015-09-11,1213.8453,76.69
2015-09-14,1214.0458,76.70
2015-09-15,1203.2184,75.62
2015-09-16,1200.812,75.37
2015-09-17,1210.8377,76.38
2015-09-18,1219.4596,77.24
2015-09-21,1211.84,76.47
2015-09-22,1221.2641,77.41
2015-09-23,1219.46,77.23
2015-09-24,1221.465,77.43
2015-09-25,1217.8555,77.06
2015-09-28,1225.4748,77.82
2015-09-29,1230.287,78.30
2015-09-30,1229.2933,78.20
2015-10-01,1229.4919,78.22
2015-10-02,1237.0439,78.97
2015-10-05,1230.4858,78.31
2015-10-06,1233.069,78.57
2015-10-07,1230.287,78.29
2015-10-08,1225.9145,77.85
2015-10-09,1226.1133,77.87
2015-10-13,1230.8831,78.34
2015-10-14,1239.6281,79.21
2015-10-15,1234.262,78.67
2015-10-16,1233.0695,78.55
2015-10-19,1232.2745,78.47
2015-10-20,1227.1071,77.95
2015-10-21,1231.082,78.35
2015-10-22,1231.877,78.42
2015-10-23,1225.3183,77.77
2015-10-26,1227.5045,77.98
2015-10-27,1231.678,78.40
2015-10-28,1222.5358,77.48
2015-10-29,1214.983,76.72
2015-10-30,1215.9619,76.82
2015-11-02,1212.0476,76.43
2015-11-03,1208.72,76.09
2015-11-04,1206.3719,75.85
2015-11-05,1205.1977,75.74
2015-11-06,1195.412,74.76
2015-11-09,1195.2159,74.73
2015-11-10,1198.5434,75.06
2015-11-11,1198.5434,75.06
2015-11-12,1197.369,74.94
2015-11-13,1201.4791,75.35
2015-11-16,1203.2405,75.52
2015-11-17,1204.0229,75.60
2015-11-18,1203.0448,75.50
2015-11-19,1204.611,75.66
2015-11-20,1203.2405,75.52
2015-11-23,1205.002,75.69
2015-11-24,1206.1762,75.80
2015-11-25,1206.9591,75.87
2015-11-27,1208.2638,76.00
2015-11-30,1207.4781,75.91
2015-12-01,1213.9602,76.56
2015-12-02,1211.0138,76.27
2015-12-03,1196.2818,74.79
2015-12-04,1200.996,75.26
2015-12-07,1206.2996,75.79
2015-12-08,1206.1031,75.77
2015-12-09,1210.425,76.20
2015-12-10,1206.1031,75.77
2015-12-11,1216.5138,76.81
2015-12-14,1207.2817,75.88
2015-12-15,1203.3532,75.49
2015-12-16,1198.8353,75.03
2015-12-17,1203.5496,75.50
2015-12-18,1208.0674,75.95
2015-12-21,1209.0495,76.05
2015-12-22,1204.1389,75.56
2015-12-23,1201.9782,75.34
2015-12-24,1204.1389,75.55
2015-12-28,1205.3174,75.67
2015-12-29,1197.6568,74.90
2015-12-30,1197.0675,74.84
2015-12-31,1200.824,75.21
2016-01-04,1203.9866,75.53
2016-01-05,1205.1728,75.64
2016-01-06,1212.8827,76.41
2016-01-07,1216.0458,76.73
2016-01-08,1219.8019,77.10
2016-01-11,1219.2088,77.04
2016-01-12,1225.1395,77.63
2016-01-13,1228.105,77.93
2016-01-14,1225.1395,77.63
2016-01-15,1233.0471,78.42
2016-01-19,1232.2564,78.34
2016-01-20,1238.385,78.95
2016-01-21,1235.8148,78.69
2016-01-22,1232.0587,78.31
2016-01-25,1234.2333,78.53
2016-01-26,1237.594,78.86
2016-01-27,1238.1871,78.92
2016-01-28,1240.3617,79.14
2016-01-29,1247.0839,79.81
2016-02-01,1242.0902,79.31
2016-02-02,1253.422,80.44
2016-02-03,1252.4617,80.34
2016-02-04,1255.535,80.65
2016-02-05,1256.6871,80.76
2016-02-08,1268.2109,81.91
2016-02-09,1268.403,81.93
2016-02-10,1270.7077,82.16
2016-02-11,1277.2379,82.81
2016-02-12,1265.3299,81.62
2016-02-16,1263.4093,81.42
2016-02-17,1257.6474,80.84
2016-02-18,1263.6014,81.44
2016-02-19,1263.4091,81.42
2016-02-22,1261.8728,81.26
2016-02-23,1263.7934,81.45
2016-02-24,1264.5617,81.52
2016-02-25,1270.1955,82.08
2016-02-26,1261.4246,81.20
2016-02-29,1263.1707,81.37
2016-03-01,1251.7244,80.22
2016-03-02,1248.6204,79.91
2016-03-03,1250.7544,80.13
2016-03-04,1245.5163,79.60
2016-03-07,1243.3823,79.38
2016-03-08,1250.5604,80.10
2016-03-09,1245.1283,79.56
2016-03-10,1239.8902,79.03
2016-03-11,1236.2041,78.66
2016-03-14,1237.1742,78.76
2016-03-15,1236.9802,78.74
2016-03-16,1242.4123,79.28
2016-03-17,1245.7103,79.61
2016-03-18,1249.3964,79.97
2016-03-21,1244.5463,79.49
2016-03-22,1241.8302,79.21
2016-03-23,1248.4264,79.87
2016-03-24,1247.0684,79.74
2016-03-28,1249.396,79.96
2016-03-29,1256.7685,80.70
2016-03-30,1256.9625,80.72
2016-03-31,1261.6683,81.19
2016-04-01,1260.4919,81.07
2016-04-04,1262.6486,81.28
2016-04-05,1267.1583,81.73
2016-04-06,1265.3937,81.55
2016-04-07,1272.4523,82.26
2016-04-08,1269.7072,81.98
2016-04-11,1269.7072,81.98
2016-04-12,1263.629,81.37
2016-04-13,1264.6094,81.47
2016-04-14,1261.4722,81.15
2016-04-15,1264.8054,81.48
2016-04-18,1263.0408,81.30
2016-04-19,1261.2761,81.13
2016-04-20,1253.6293,80.36
2016-04-21,1251.865,80.18
2016-04-22,1250.1,80.00
2016-04-25,1248.9236,79.88
2016-04-26,1246.375,79.63
2016-04-27,1254.0215,80.39
2016-04-28,1256.1783,80.60
2016-04-29,1257.5526,80.74
2016-05-02,1253.037,80.29
2016-05-03,1260.4975,81.03
2016-05-04,1262.2644,81.21
2016-05-05,1265.995,81.58
2016-05-06,1263.4424,81.32
2016-05-09,1266.78,81.65
2016-05-10,1266.5836,81.63
2016-05-11,1268.1543,81.79
2016-05-12,1264.2277,81.39
2016-05-13,1268.9396,81.86
2016-05-16,1263.2461,81.29
2016-05-17,1261.8718,81.15
2016-05-18,1248.9141,79.85
2016-05-19,1252.6444,80.23
2016-05-20,1253.037,80.26
2016-05-23,1253.626,80.32
2016-05-24,1251.2701,80.08
2016-05-25,1250.0921,79.96
2016-05-26,1255.4584,80.50
2016-05-27,1254.1495,80.37
2016-05-31,1253.961,80.34
2016-06-01,1252.2637,80.17
2016-06-02,1256.2239,80.57
2016-06-03,1269.4247,81.89
2016-06-06,1268.2932,81.77
2016-06-07,1269.2361,81.86
2016-06-08,1268.6704,81.81
2016-06-09,1270.9334,82.03
2016-06-10,1276.2137,82.56
2016-06-13,1279.0424,82.84
2016-06-14,1279.231,82.86
2016-06-15,1282.8141,83.21
2016-06-16,1285.2656,83.46
2016-06-17,1280.1739,82.95
2016-06-20,1275.2708,82.45
2016-06-21,1272.8192,82.19
2016-06-22,1273.9507,82.30
2016-06-23,1267.5389,81.66
2016-06-24,1286.397,83.55
2016-06-27,1297.335,84.64
2016-06-28,1296.9578,84.60
2016-06-29,1294.6948,84.37
2016-06-30,1293.7794,84.28
2016-07-01,1294.8778,84.39
2016-07-05,1304.3978,85.33
2016-07-06,1301.835,85.08
2016-07-07,1302.0178,85.09
2016-07-08,1303.2994,85.22
2016-07-11,1295.7932,84.47
2016-07-12,1288.2871,83.71
2016-07-13,1291.9486,84.08
2016-07-14,1286.8225,83.57
2016-07-15,1280.7809,82.96
2016-07-18,1282.6117,83.14
2016-07-19,1284.9917,83.38
2016-07-20,1282.062,83.08
2016-07-21,1284.9917,83.38
2016-07-22,1283.7102,83.25
2016-07-25,1282.9778,83.17
2016-07-26,1283.7102,83.24
2016-07-27,1288.6532,83.74
2016-07-28,1288.8363,83.75
2016-07-29,1294.5415,84.32
2016-08-01,1291.5969,84.02
2016-08-02,1288.6523,83.73
2016-08-03,1289.0203,83.76
2016-08-04,1293.4373,84.21
2016-08-05,1283.8673,83.25
2016-08-08,1282.763,83.13
2016-08-09,1286.2598,83.48
2016-08-10,1290.8607,83.94
2016-08-11,1282.763,83.13
2016-08-12,1288.4682,83.70
2016-08-15,1285.1555,83.37
2016-08-16,1282.2109,83.07
2016-08-17,1283.4992,83.20
2016-08-18,1286.6278,83.51
