Date,Index_Level,iPath_Pure_Beta_Livestock_ETN
2011-04-20,249.0743,50.00
2011-04-21,247.8038,49.74
2011-04-22,247.8038,49.74
2011-04-23,247.8038,49.74
2011-04-24,247.8038,49.74
2011-04-25,244.8641,49.15
2011-04-26,243.053,48.78
2011-04-27,245.0199,49.18
2011-04-28,244.1482,49.00
2011-04-29,244.1851,49.01
2011-04-30,244.1851,49.01
2011-05-01,244.1851,49.01
2011-05-02,243.2972,48.83
2011-05-03,238.7911,47.92
2011-05-04,239.2972,48.02
2011-05-05,238.119,47.78
2011-05-06,238.1881,47.80
2011-05-07,238.1881,47.80
2011-05-08,238.1881,47.79
2011-05-09,238.6014,47.88
2011-05-10,238.8086,47.92
2011-05-11,237.0168,47.56
2011-05-12,238.1678,47.79
2011-05-13,237.3964,47.63
2011-05-14,237.3964,47.63
2011-05-15,237.3964,47.63
2011-05-16,235.0141,47.15
2011-05-17,235.339,47.21
2011-05-18,235.1628,47.18
2011-05-19,234.7846,47.10
2011-05-20,234.345,47.01
2011-05-21,234.345,47.01
2011-05-22,234.345,47.01
2011-05-23,228.1794,45.77
2011-05-24,226.0069,45.33
2011-05-25,228.3474,45.80
2011-05-26,227.617,45.65
2011-05-27,228.7129,45.87
2011-05-28,228.7129,45.87
2011-05-29,228.7129,45.87
2011-05-30,228.7129,45.87
2011-05-31,230.4999,46.23
2011-06-01,227.5322,45.63
2011-06-02,227.5758,45.64
2011-06-03,229.6195,46.05
2011-06-04,229.6195,46.05
2011-06-05,229.6195,46.05
2011-06-06,227.5058,45.62
2011-06-07,230.6103,46.24
2011-06-08,230.6297,46.24
2011-06-09,234.0253,46.92
2011-06-10,231.9936,46.52
2011-06-11,231.9936,46.51
2011-06-12,231.9936,46.51
2011-06-13,232.931,46.70
2011-06-14,233.5952,46.83
2011-06-15,232.9732,46.71
2011-06-16,236.7351,47.46
2011-06-17,238.7408,47.86
2011-06-18,238.7408,47.86
2011-06-19,238.7408,47.86
2011-06-20,242.375,48.59
2011-06-21,244.2766,48.97
2011-06-22,242.3858,48.59
2011-06-23,241.581,48.42
2011-06-24,243.8351,48.87
2011-06-25,243.8351,48.87
2011-06-26,243.8351,48.87
2011-06-27,239.9121,48.08
2011-06-28,241.7894,48.46
2011-06-29,242.3218,48.57
2011-06-30,238.7269,47.84
2011-07-01,242.7477,48.65
2011-07-02,242.7477,48.65
2011-07-03,242.7477,48.65
2011-07-04,242.7477,48.64
2011-07-05,244.1276,48.92
2011-07-06,243.4571,48.78
2011-07-07,247.775,49.65
2011-07-08,246.8312,49.46
2011-07-09,246.8312,49.46
2011-07-10,246.8312,49.46
2011-07-11,249.6878,50.03
2011-07-12,248.5211,49.79
2011-07-13,248.8869,49.86
2011-07-14,244.0205,48.89
2011-07-15,243.2078,48.72
2011-07-16,243.2078,48.72
2011-07-17,243.2078,48.72
2011-07-18,240.5995,48.20
2011-07-19,242.1877,48.52
2011-07-20,240.6502,48.21
2011-07-21,240.0832,48.09
2011-07-22,242.1503,48.50
2011-07-23,242.1503,48.50
2011-07-24,242.1503,48.50
2011-07-25,241.3819,48.35
2011-07-26,241.9621,48.46
2011-07-27,240.9857,48.27
2011-07-28,241.8747,48.44
2011-07-29,242.2721,48.52
2011-07-30,242.2721,48.52
2011-07-31,242.2721,48.52
2011-08-01,244.126,48.89
2011-08-02,244.0323,48.87
2011-08-03,244.6696,49.00
2011-08-04,243.5298,48.77
2011-08-05,244.1356,48.89
2011-08-06,244.1356,48.89
2011-08-07,244.1356,48.88
2011-08-08,241.4733,48.35
2011-08-09,240.7448,48.20
2011-08-10,237.8955,47.63
2011-08-11,241.7045,48.39
2011-08-12,242.6485,48.58
2011-08-13,242.6485,48.58
2011-08-14,242.6485,48.58
2011-08-15,240.2757,48.10
2011-08-16,240.426,48.13
2011-08-17,237.2517,47.49
2011-08-18,233.8123,46.81
2011-08-19,235.4816,47.14
2011-08-20,235.4816,47.14
2011-08-21,235.4816,47.14
2011-08-22,236.0925,47.26
2011-08-23,236.2076,47.28
2011-08-24,234.0641,46.85
2011-08-25,235.2497,47.09
2011-08-26,236.9711,47.43
2011-08-27,236.9711,47.43
2011-08-28,236.9711,47.43
2011-08-29,236.5534,47.34
2011-08-30,235.9054,47.21
2011-08-31,235.4876,47.13
2011-09-01,234.2325,46.87
2011-09-02,236.0646,47.24
2011-09-03,236.0646,47.24
2011-09-04,236.0646,47.24
2011-09-05,236.0646,47.24
2011-09-06,236.4884,47.32
2011-09-07,238.7242,47.77
2011-09-08,240.3001,48.08
2011-09-09,240.5362,48.13
2011-09-10,240.5362,48.13
2011-09-11,240.5362,48.12
2011-09-12,241.2076,48.26
2011-09-13,241.0066,48.22
2011-09-14,241.9957,48.41
2011-09-15,240.2622,48.07
2011-09-16,239.6469,47.94
2011-09-17,239.6469,47.94
2011-09-18,239.6469,47.94
2011-09-19,238.9584,47.80
2011-09-20,239.9273,47.99
2011-09-21,240.0158,48.01
2011-09-22,234.1429,46.83
2011-09-23,235.4948,47.10
2011-09-24,235.4948,47.10
2011-09-25,235.4948,47.10
2011-09-26,239.1496,47.83
2011-09-27,240.4653,48.09
2011-09-28,239.2807,47.85
2011-09-29,240.7706,48.15
2011-09-30,242.6318,48.52
2011-10-01,242.6318,48.52
2011-10-02,242.6318,48.52
2011-10-03,242.7541,48.54
2011-10-04,239.7697,47.95
2011-10-05,241.9915,48.39
2011-10-06,242.8457,48.56
2011-10-07,243.516,48.69
2011-10-08,243.516,48.69
2011-10-09,243.516,48.69
2011-10-10,242.8995,48.56
2011-10-11,244.001,48.78
2011-10-12,242.9732,48.58
2011-10-13,244.3855,48.86
2011-10-14,246.3859,49.26
2011-10-15,246.3859,49.26
2011-10-16,246.3859,49.25
2011-10-17,247.9262,49.56
2011-10-18,247.9744,49.57
2011-10-19,247.6844,49.51
2011-10-20,247.1995,49.41
2011-10-21,246.8053,49.33
2011-10-22,246.8053,49.33
2011-10-23,246.8053,49.33
2011-10-24,247.3187,49.43
2011-10-25,244.9212,48.95
2011-10-26,241.576,48.28
2011-10-27,241.5386,48.27
2011-10-28,241.0784,48.18
2011-10-29,241.0784,48.18
2011-10-30,241.0784,48.18
2011-10-31,241.0803,48.18
2011-11-01,244.1363,48.79
2011-11-02,244.1694,48.79
2011-11-03,245.3923,49.04
2011-11-04,245.0213,48.96
2011-11-05,245.0213,48.96
2011-11-06,245.0213,48.96
2011-11-07,242.9597,48.54
2011-11-08,241.6097,48.27
2011-11-09,241.0267,48.16
2011-11-10,239.8941,47.93
2011-11-11,240.3125,48.01
2011-11-12,240.3125,48.01
2011-11-13,240.3125,48.01
2011-11-14,240.9898,48.14
2011-11-15,243.7867,48.70
2011-11-16,243.5047,48.64
2011-11-17,243.3922,48.62
2011-11-18,241.9134,48.32
2011-11-19,241.9134,48.32
2011-11-20,241.9134,48.32
2011-11-21,242.9072,48.52
2011-11-22,243.6946,48.67
2011-11-23,241.4644,48.23
2011-11-24,241.4644,48.23
2011-11-25,241.8901,48.31
2011-11-26,241.8901,48.31
2011-11-27,241.8901,48.31
2011-11-28,240.9432,48.12
2011-11-29,240.8761,48.10
2011-11-30,242.2057,48.37
2011-12-01,242.4481,48.42
2011-12-02,241.9694,48.32
2011-12-03,241.9694,48.32
2011-12-04,241.9694,48.32
2011-12-05,238.1856,47.56
2011-12-06,237.8827,47.50
2011-12-07,236.7935,47.28
2011-12-08,235.2823,46.98
2011-12-09,233.1385,46.55
2011-12-10,233.1385,46.55
2011-12-11,233.1385,46.55
2011-12-12,233.2937,46.58
2011-12-13,233.5185,46.62
2011-12-14,232.6234,46.44
2011-12-15,232.7888,46.47
2011-12-16,229.9899,45.91
2011-12-17,229.9899,45.91
2011-12-18,229.9899,45.91
2011-12-19,234.8428,46.88
2011-12-20,234.217,46.75
2011-12-21,233.7042,46.65
2011-12-22,238.104,47.52
2011-12-23,240.6104,48.02
2011-12-24,240.6104,48.02
2011-12-25,240.6104,48.02
2011-12-26,240.6104,48.02
2011-12-27,238.8085,47.66
2011-12-28,239.2836,47.75
2011-12-29,237.251,47.35
2011-12-30,236.5049,47.20
2011-12-31,236.5049,47.20
2012-01-01,236.5049,47.19
2012-01-02,236.5049,47.19
2012-01-03,237.038,47.30
2012-01-04,236.9612,47.28
2012-01-05,234.959,46.88
2012-01-06,234.9447,46.88
2012-01-07,234.9447,46.88
2012-01-08,234.9447,46.88
2012-01-09,234.7722,46.84
2012-01-10,237.0176,47.29
2012-01-11,235.7356,47.03
2012-01-12,235.4539,46.97
2012-01-13,237.4197,47.36
2012-01-14,237.4197,47.36
2012-01-15,237.4197,47.36
2012-01-16,237.4197,47.36
2012-01-17,238.0064,47.48
2012-01-18,238.5485,47.58
2012-01-19,239.0667,47.69
2012-01-20,239.0969,47.69
2012-01-21,239.0969,47.69
2012-01-22,239.0969,47.69
2012-01-23,240.9255,48.05
2012-01-24,241.6624,48.20
2012-01-25,241.7078,48.21
2012-01-26,239.6022,47.78
2012-01-27,240.8658,48.04
2012-01-28,240.8658,48.03
2012-01-29,240.8658,48.03
2012-01-30,240.1822,47.90
2012-01-31,242.379,48.33
2012-02-01,243.9362,48.64
2012-02-02,243.2448,48.50
2012-02-03,241.1549,48.09
2012-02-04,241.1549,48.08
2012-02-05,241.1549,48.08
2012-02-06,241.9456,48.24
2012-02-07,242.8404,48.42
2012-02-08,241.9624,48.24
2012-02-09,241.809,48.21
2012-02-10,239.9515,47.84
2012-02-11,239.9515,47.84
2012-02-12,239.9515,47.84
2012-02-13,240.5444,47.95
2012-02-14,242.4967,48.34
2012-02-15,241.7198,48.18
2012-02-16,242.5567,48.35
2012-02-17,243.8875,48.61
2012-02-18,243.8875,48.61
2012-02-19,243.8875,48.61
2012-02-20,243.8875,48.61
2012-02-21,244.108,48.65
2012-02-22,244.3207,48.70
2012-02-23,242.2773,48.29
2012-02-24,241.9838,48.23
2012-02-25,241.9838,48.23
2012-02-26,241.9838,48.22
2012-02-27,239.9042,47.81
2012-02-28,239.1029,47.65
2012-02-29,241.3508,48.10
2012-03-01,243.3736,48.50
2012-03-02,242.1235,48.25
2012-03-03,242.1235,48.25
2012-03-04,242.1235,48.24
2012-03-05,240.0915,47.84
2012-03-06,236.0878,47.04
2012-03-07,235.4377,46.91
2012-03-08,236.8205,47.18
2012-03-09,235.1931,46.86
2012-03-10,235.1931,46.86
2012-03-11,235.1931,46.86
2012-03-12,235.0922,46.84
2012-03-13,236.5641,47.13
2012-03-14,235.2528,46.86
2012-03-15,233.7142,46.56
2012-03-16,232.6268,46.34
2012-03-17,232.6268,46.34
2012-03-18,232.6268,46.34
2012-03-19,232.2211,46.26
2012-03-20,230.5435,45.92
2012-03-21,231.1541,46.04
2012-03-22,231.6261,46.13
2012-03-23,230.0583,45.82
2012-03-24,230.0583,45.82
2012-03-25,230.0583,45.82
2012-03-26,230.3731,45.88
2012-03-27,231.9172,46.19
2012-03-28,228.5519,45.52
2012-03-29,224.2834,44.66
2012-03-30,222.1424,44.24
2012-03-31,222.1424,44.24
2012-04-01,222.1424,44.23
2012-04-02,224.4681,44.70
2012-04-03,223.0188,44.41
2012-04-04,222.4345,44.29
2012-04-05,224.3219,44.66
2012-04-06,224.3219,44.66
2012-04-07,224.3219,44.66
2012-04-08,224.3219,44.66
2012-04-09,224.9957,44.79
2012-04-10,223.4947,44.49
2012-04-11,223.5431,44.50
2012-04-12,226.6185,45.11
2012-04-13,222.9556,44.38
2012-04-14,222.9556,44.38
2012-04-15,222.9556,44.38
2012-04-16,221.8224,44.16
2012-04-17,222.5601,44.30
2012-04-18,219.048,43.60
2012-04-19,220.6208,43.91
2012-04-20,220.1142,43.81
2012-04-21,220.1142,43.81
2012-04-22,220.1142,43.81
2012-04-23,220.4523,43.88
2012-04-24,216.3151,43.05
2012-04-25,217.3638,43.26
2012-04-26,216.3885,43.06
2012-04-27,215.666,42.92
2012-04-28,215.666,42.92
2012-04-29,215.666,42.92
2012-04-30,216.46,43.07
2012-05-01,216.7901,43.14
2012-05-02,215.278,42.84
2012-05-03,219.2942,43.64
2012-05-04,218.9681,43.57
2012-05-05,218.9681,43.57
2012-05-06,218.9681,43.57
2012-05-07,219.4457,43.66
2012-05-08,217.7045,43.31
2012-05-09,218.7369,43.52
2012-05-10,217.2042,43.21
2012-05-11,216.2308,43.02
2012-05-12,216.2308,43.02
2012-05-13,216.2308,43.02
2012-05-14,216.7155,43.11
2012-05-15,218.7024,43.51
2012-05-16,219.8338,43.73
2012-05-17,221.2958,44.02
2012-05-18,223.0609,44.37
2012-05-19,223.0609,44.37
2012-05-20,223.0609,44.37
2012-05-21,221.4062,44.04
2012-05-22,220.8874,43.93
2012-05-23,219.2902,43.61
2012-05-24,219.4745,43.65
2012-05-25,218.5927,43.47
2012-05-26,218.5927,43.47
2012-05-27,218.5927,43.47
2012-05-28,218.5927,43.47
2012-05-29,219.9444,43.74
2012-05-30,218.767,43.50
2012-05-31,221.0533,43.96
2012-06-01,221.3065,44.01
2012-06-02,221.3065,44.00
2012-06-03,221.3065,44.00
2012-06-04,222.2013,44.18
2012-06-05,221.7055,44.08
2012-06-06,221.9214,44.12
2012-06-07,222.8177,44.30
2012-06-08,222.6786,44.27
2012-06-09,222.6786,44.27
2012-06-10,222.6786,44.27
2012-06-11,222.2348,44.18
2012-06-12,222.0694,44.15
2012-06-13,219.8835,43.71
2012-06-14,217.8616,43.31
2012-06-15,215.9286,42.92
2012-06-16,215.9286,42.92
2012-06-17,215.9286,42.92
2012-06-18,217.4483,43.22
2012-06-19,217.4576,43.22
2012-06-20,217.2656,43.18
2012-06-21,216.9831,43.13
2012-06-22,217.2618,43.18
2012-06-23,217.2618,43.18
2012-06-24,217.2618,43.18
2012-06-25,214.7657,42.68
2012-06-26,213.815,42.49
2012-06-27,216.5779,43.04
2012-06-28,219.4441,43.61
2012-06-29,222.1411,44.14
2012-06-30,222.1411,44.14
2012-07-01,222.1411,44.14
2012-07-02,221.1463,43.94
2012-07-03,222.0608,44.12
2012-07-04,222.0608,44.12
2012-07-05,221.5806,44.03
2012-07-06,221.3199,43.97
2012-07-07,221.3199,43.97
2012-07-08,221.3199,43.97
2012-07-09,223.0707,44.32
2012-07-10,221.2801,43.96
2012-07-11,218.2091,43.35
2012-07-12,217.5673,43.22
2012-07-13,215.6973,42.85
2012-07-14,215.6973,42.85
2012-07-15,215.6973,42.85
2012-07-16,215.5069,42.81
2012-07-17,214.041,42.52
2012-07-18,218.5637,43.41
2012-07-19,218.7442,43.45
2012-07-20,216.6409,43.03
2012-07-21,216.6409,43.03
2012-07-22,216.6409,43.03
2012-07-23,216.811,43.06
2012-07-24,216.1039,42.92
2012-07-25,217.7128,43.24
2012-07-26,219.1937,43.53
2012-07-27,222.4667,44.18
2012-07-28,222.4667,44.18
2012-07-29,222.4667,44.18
2012-07-30,223.8833,44.46
2012-07-31,221.4983,43.98
2012-08-01,220.6888,43.82
2012-08-02,220.1467,43.71
2012-08-03,217.8108,43.25
2012-08-04,217.8108,43.25
2012-08-05,217.8108,43.25
2012-08-06,217.0866,43.10
2012-08-07,217.2595,43.13
2012-08-08,218.5174,43.38
2012-08-09,218.8425,43.45
2012-08-10,219.2301,43.52
2012-08-11,219.2301,43.52
2012-08-12,219.2301,43.52
2012-08-13,220.1877,43.71
2012-08-14,219.6965,43.61
2012-08-15,219.1812,43.51
2012-08-16,218.4127,43.35
2012-08-17,218.9658,43.46
2012-08-18,218.9658,43.46
2012-08-19,218.9658,43.46
2012-08-20,219.5667,43.58
2012-08-21,219.1038,43.49
2012-08-22,217.0969,43.09
2012-08-23,217.5583,43.18
2012-08-24,217.5338,43.17
2012-08-25,217.5338,43.17
2012-08-26,217.5338,43.17
2012-08-27,217.0276,43.07
2012-08-28,216.9543,43.05
2012-08-29,218.7624,43.41
2012-08-30,219.2184,43.50
2012-08-31,219.2218,43.50
2012-09-01,219.2218,43.50
2012-09-02,219.2218,43.50
2012-09-03,219.2218,43.50
2012-09-04,219.2146,43.49
2012-09-05,218.6593,43.38
2012-09-06,218.8898,43.43
2012-09-07,218.165,43.28
2012-09-08,218.165,43.28
2012-09-09,218.165,43.28
2012-09-10,217.7239,43.19
2012-09-11,217.4245,43.13
2012-09-12,218.3657,43.32
2012-09-13,218.3798,43.32
2012-09-14,219.7142,43.58
2012-09-15,219.7142,43.58
2012-09-16,219.7142,43.58
2012-09-17,217.6835,43.18
2012-09-18,217.8899,43.22
2012-09-19,218.9265,43.42
2012-09-20,218.5098,43.34
2012-09-21,219.2609,43.49
2012-09-22,219.2609,43.48
2012-09-23,219.2609,43.48
2012-09-24,218.8404,43.40
2012-09-25,215.3782,42.71
2012-09-26,214.0648,42.45
2012-09-27,214.4307,42.52
2012-09-28,215.1509,42.66
2012-09-29,215.1509,42.66
2012-09-30,215.1509,42.66
2012-10-01,217.6892,43.16
2012-10-02,218.7829,43.38
2012-10-03,217.8342,43.19
2012-10-04,216.7357,42.97
2012-10-05,216.8637,43.00
2012-10-06,216.8637,42.99
2012-10-07,216.8637,42.99
2012-10-08,216.6023,42.94
2012-10-09,217.5141,43.12
2012-10-10,218.4351,43.30
2012-10-11,218.3597,43.29
2012-10-12,218.4286,43.30
2012-10-13,218.4286,43.30
2012-10-14,218.4286,43.30
2012-10-15,218.951,43.40
2012-10-16,219.4345,43.49
2012-10-17,220.6976,43.74
2012-10-18,221.3392,43.87
2012-10-19,221.1932,43.84
2012-10-20,221.1932,43.84
2012-10-21,221.1932,43.84
2012-10-22,221.071,43.81
2012-10-23,220.0264,43.60
2012-10-24,220.2443,43.65
2012-10-25,218.36,43.27
2012-10-26,218.067,43.21
2012-10-27,218.067,43.21
2012-10-28,218.067,43.21
2012-10-29,218.067,43.21
2012-10-30,218.067,43.21
2012-10-31,218.8737,43.37
2012-11-01,217.8645,43.17
2012-11-02,217.5908,43.11
2012-11-03,217.5908,43.11
2012-11-04,217.5908,43.11
2012-11-05,216.567,42.91
2012-11-06,217.4017,43.07
2012-11-07,219.0241,43.39
2012-11-08,219.5984,43.50
2012-11-09,219.8666,43.56
2012-11-10,219.8666,43.55
2012-11-11,219.8666,43.55
2012-11-12,219.6023,43.50
2012-11-13,220.4684,43.67
2012-11-14,219.8463,43.55
2012-11-15,220.1187,43.60
2012-11-16,220.6531,43.70
2012-11-17,220.6531,43.70
2012-11-18,220.6531,43.70
2012-11-19,221.3762,43.84
2012-11-20,222.3865,44.04
2012-11-21,223.1902,44.20
2012-11-22,223.1902,44.20
2012-11-23,224.0088,44.36
2012-11-24,224.0088,44.36
2012-11-25,224.0088,44.36
2012-11-26,223.4888,44.26
2012-11-27,222.9895,44.16
2012-11-28,223.0548,44.17
2012-11-29,223.8176,44.32
2012-11-30,222.7385,44.10
2012-12-01,222.7385,44.10
2012-12-02,222.7385,44.10
2012-12-03,222.9509,44.14
2012-12-04,221.551,43.86
2012-12-05,221.7728,43.91
2012-12-06,221.2891,43.81
2012-12-07,220.0467,43.56
2012-12-08,220.0467,43.56
2012-12-09,220.0467,43.56
2012-12-10,219.7763,43.51
2012-12-11,221.8431,43.91
2012-12-12,222.5742,44.06
2012-12-13,222.3507,44.01
2012-12-14,223.1023,44.16
2012-12-15,223.1023,44.16
2012-12-16,223.1023,44.16
2012-12-17,223.5557,44.25
2012-12-18,223.1366,44.16
2012-12-19,224.1799,44.37
2012-12-20,222.9359,44.12
2012-12-21,223.6099,44.25
2012-12-22,223.6099,44.25
2012-12-23,223.6099,44.25
2012-12-24,222.9126,44.11
2012-12-25,222.9126,44.11
2012-12-26,222.9469,44.12
2012-12-27,222.1197,43.95
2012-12-28,221.9461,43.92
2012-12-29,221.9461,43.92
2012-12-30,221.9461,43.92
2012-12-31,219.466,43.42
2013-01-01,219.466,43.42
2013-01-02,220.4946,43.63
2013-01-03,222.1964,43.96
2013-01-04,221.8769,43.90
2013-01-05,221.8769,43.90
2013-01-06,221.8769,43.89
2013-01-07,221.752,43.87
2013-01-08,221.3574,43.79
2013-01-09,218.3941,43.20
2013-01-10,218.5386,43.23
2013-01-11,217.9582,43.11
2013-01-12,217.9582,43.11
2013-01-13,217.9582,43.11
2013-01-14,218.3792,43.19
2013-01-15,217.7206,43.06
2013-01-16,215.9278,42.71
2013-01-17,214.7849,42.48
2013-01-18,214.7915,42.48
2013-01-19,214.7915,42.48
2013-01-20,214.7915,42.48
2013-01-21,214.7915,42.48
2013-01-22,215.9962,42.72
2013-01-23,215.8987,42.70
2013-01-24,216.7183,42.86
2013-01-25,215.7521,42.66
2013-01-26,215.7521,42.66
2013-01-27,215.7521,42.66
2013-01-28,218.4367,43.19
2013-01-29,218.6061,43.22
2013-01-30,218.7099,43.24
2013-01-31,218.8108,43.26
2013-02-01,217.6229,43.03
2013-02-02,217.6229,43.03
2013-02-03,217.6229,43.03
2013-02-04,217.5322,43.01
2013-02-05,216.9676,42.89
2013-02-06,215.0935,42.52
2013-02-07,214.0799,42.32
2013-02-08,212.8512,42.08
2013-02-09,212.8512,42.08
2013-02-10,212.8512,42.07
2013-02-11,212.8339,42.07
2013-02-12,212.1338,41.93
2013-02-13,211.2357,41.75
2013-02-14,210.6424,41.63
2013-02-15,211.3342,41.77
2013-02-16,211.3342,41.77
2013-02-17,211.3342,41.77
2013-02-18,211.3342,41.77
2013-02-19,210.2766,41.56
2013-02-20,209.7885,41.46
2013-02-21,209.114,41.33
2013-02-22,208.7236,41.25
2013-02-23,208.7236,41.25
2013-02-24,208.7236,41.25
2013-02-25,208.5303,41.21
2013-02-26,209.3321,41.36
2013-02-27,209.2633,41.35
2013-02-28,209.8235,41.46
2013-03-01,210.0296,41.50
2013-03-02,210.0296,41.50
2013-03-03,210.0296,41.50
2013-03-04,209.7103,41.43
2013-03-05,208.0792,41.11
2013-03-06,207.037,40.90
2013-03-07,209.2527,41.34
2013-03-08,208.7507,41.24
2013-03-09,208.7507,41.24
2013-03-10,208.7507,41.24
2013-03-11,208.3414,41.16
2013-03-12,209.1485,41.31
2013-03-13,207.9287,41.07
2013-03-14,207.7741,41.04
2013-03-15,204.5877,40.41
2013-03-16,204.5877,40.41
2013-03-17,204.5877,40.41
2013-03-18,204.0893,40.31
2013-03-19,202.8304,40.06
2013-03-20,203.6726,40.22
2013-03-21,204.8274,40.45
2013-03-22,203.9878,40.29
2013-03-23,203.9878,40.28
2013-03-24,203.9878,40.28
2013-03-25,205.4976,40.58
2013-03-26,205.8186,40.64
2013-03-27,207.3016,40.93
2013-03-28,208.7528,41.22
2013-03-29,208.7528,41.22
2013-03-30,208.7528,41.22
2013-03-31,208.7528,41.22
2013-04-01,208.2239,41.11
2013-04-02,207.3519,40.94
2013-04-03,208.6865,41.20
2013-04-04,207.0946,40.89
2013-04-05,205.2771,40.53
2013-04-06,205.2771,40.53
2013-04-07,205.2771,40.52
2013-04-08,206.4687,40.76
2013-04-09,205.892,40.64
2013-04-10,203.7028,40.21
2013-04-11,203.8051,40.23
2013-04-12,203.501,40.17
2013-04-13,203.501,40.17
2013-04-14,203.501,40.17
2013-04-15,200.9737,39.67
2013-04-16,201.7474,39.82
2013-04-17,204.1598,40.29
2013-04-18,203.8997,40.24
2013-04-19,202.9144,40.05
2013-04-20,202.9144,40.05
2013-04-21,202.9144,40.05
2013-04-22,201.9356,39.85
2013-04-23,202.3445,39.93
2013-04-24,203.9137,40.24
2013-04-25,204.5833,40.37
2013-04-26,204.6796,40.39
2013-04-27,204.6796,40.39
2013-04-28,204.6796,40.39
2013-04-29,204.7005,40.39
2013-04-30,204.6804,40.39
2013-05-01,204.8772,40.42
2013-05-02,205.5027,40.55
2013-05-03,204.2484,40.30
2013-05-04,204.2484,40.30
2013-05-05,204.2484,40.30
2013-05-06,201.9814,39.85
2013-05-07,202.1057,39.87
2013-05-08,201.3765,39.73
2013-05-09,201.4087,39.73
2013-05-10,201.3526,39.72
2013-05-11,201.3526,39.72
2013-05-12,201.3526,39.72
2013-05-13,201.5899,39.76
2013-05-14,201.7429,39.79
2013-05-15,200.0439,39.46
2013-05-16,200.1126,39.47
2013-05-17,199.444,39.34
2013-05-18,199.444,39.34
2013-05-19,199.444,39.33
2013-05-20,200.509,39.54
2013-05-21,202.3063,39.90
2013-05-22,202.4039,39.92
2013-05-23,201.6751,39.77
2013-05-24,203.3543,40.10
2013-05-25,203.3543,40.10
2013-05-26,203.3543,40.10
2013-05-27,203.3543,40.10
2013-05-28,203.493,40.12
2013-05-29,204.8618,40.39
2013-05-30,204.2559,40.27
2013-05-31,205.1233,40.44
2013-06-01,205.1233,40.44
2013-06-02,205.1233,40.44
2013-06-03,203.7938,40.18
2013-06-04,204.9903,40.41
2013-06-05,203.7364,40.17
2013-06-06,204.9089,40.40
2013-06-07,205.3486,40.48
2013-06-08,205.3486,40.48
2013-06-09,205.3486,40.48
2013-06-10,203.8082,40.17
2013-06-11,204.9223,40.39
2013-06-12,205.8525,40.58
2013-06-13,205.6564,40.54
2013-06-14,204.8912,40.38
2013-06-15,204.8912,40.38
2013-06-16,204.8912,40.38
2013-06-17,205.9279,40.59
2013-06-18,205.3771,40.48
2013-06-19,207.309,40.86
2013-06-20,206.8163,40.76
2013-06-21,207.9988,40.99
2013-06-22,207.9988,40.99
2013-06-23,207.9988,40.99
2013-06-24,208.2139,41.03
2013-06-25,207.9999,40.99
2013-06-26,208.5774,41.10
2013-06-27,210.4693,41.47
2013-06-28,209.039,41.19
2013-06-29,209.039,41.19
2013-06-30,209.039,41.19
2013-07-01,209.1483,41.21
2013-07-02,208.3952,41.06
2013-07-03,208.9526,41.17
2013-07-04,208.9526,41.17
2013-07-05,208.7047,41.12
2013-07-06,208.7047,41.12
2013-07-07,208.7047,41.11
2013-07-08,207.8961,40.95
2013-07-09,208.2916,41.03
2013-07-10,208.9531,41.16
2013-07-11,208.5497,41.08
2013-07-12,208.1424,41.00
2013-07-13,208.1424,41.00
2013-07-14,208.1424,41.00
2013-07-15,209.0939,41.18
2013-07-16,209.5263,41.27
2013-07-17,208.7857,41.12
2013-07-18,209.7512,41.31
2013-07-19,209.4126,41.24
2013-07-20,209.4126,41.24
2013-07-21,209.4126,41.24
2013-07-22,208.9624,41.15
2013-07-23,209.4729,41.25
2013-07-24,209.5157,41.26
2013-07-25,208.9609,41.15
2013-07-26,208.6389,41.08
2013-07-27,208.6389,41.08
2013-07-28,208.6389,41.08
2013-07-29,208.8555,41.12
2013-07-30,207.7078,40.90
2013-07-31,207.7546,40.90
2013-08-01,206.9696,40.75
2013-08-02,206.7073,40.70
2013-08-03,206.7073,40.70
2013-08-04,206.7073,40.69
2013-08-05,207.572,40.86
2013-08-06,208.3876,41.02
2013-08-07,207.3563,40.82
2013-08-08,209.7405,41.29
2013-08-09,209.5993,41.26
2013-08-10,209.5993,41.26
2013-08-11,209.5993,41.26
2013-08-12,210.9278,41.52
2013-08-13,211.4715,41.62
2013-08-14,211.5906,41.65
2013-08-15,211.4411,41.62
2013-08-16,211.0806,41.54
2013-08-17,211.0806,41.54
2013-08-18,211.0806,41.54
2013-08-19,211.8602,41.69
2013-08-20,212.0804,41.74
2013-08-21,211.395,41.60
2013-08-22,209.9354,41.31
2013-08-23,209.851,41.29
2013-08-24,209.851,41.29
2013-08-25,209.851,41.29
2013-08-26,211.5608,41.63
2013-08-27,211.4839,41.61
2013-08-28,211.1214,41.54
2013-08-29,212.0583,41.72
2013-08-30,212.3796,41.79
2013-08-31,212.3796,41.78
2013-09-01,212.3796,41.78
2013-09-02,212.3796,41.78
2013-09-03,212.3755,41.78
2013-09-04,212.6411,41.83
2013-09-05,211.764,41.66
2013-09-06,211.7332,41.65
2013-09-07,211.7332,41.65
2013-09-08,211.7332,41.65
2013-09-09,211.9214,41.69
2013-09-10,211.6494,41.63
2013-09-11,211.1266,41.53
2013-09-12,211.3767,41.58
2013-09-13,212.1676,41.73
2013-09-14,212.1676,41.73
2013-09-15,212.1676,41.73
2013-09-16,212.6808,41.83
2013-09-17,211.7807,41.65
2013-09-18,212.6266,41.82
2013-09-19,213.014,41.89
2013-09-20,212.8183,41.85
2013-09-21,212.8183,41.85
2013-09-22,212.8183,41.85
2013-09-23,214.1164,42.10
2013-09-24,216.4895,42.57
2013-09-25,216.5425,42.58
2013-09-26,216.5765,42.58
2013-09-27,217.4288,42.75
2013-09-28,217.4288,42.75
2013-09-29,217.4288,42.75
2013-09-30,216.6002,42.59
2013-10-01,215.9093,42.45
2013-10-02,216.4032,42.54
2013-10-03,216.7131,42.60
2013-10-04,218.0868,42.87
2013-10-05,218.0868,42.87
2013-10-06,218.0868,42.87
2013-10-07,217.9642,42.85
2013-10-08,218.0628,42.86
2013-10-09,216.6663,42.59
2013-10-10,217.2073,42.69
2013-10-11,217.1383,42.68
2013-10-12,217.1383,42.68
2013-10-13,217.1383,42.68
2013-10-14,217.6556,42.78
2013-10-15,218.281,42.90
2013-10-16,219.5065,43.14
2013-10-17,218.0141,42.85
2013-10-18,217.9201,42.83
2013-10-19,217.9201,42.83
2013-10-20,217.9201,42.82
2013-10-21,217.5627,42.75
2013-10-22,219.2193,43.08
2013-10-23,218.4669,42.93
2013-10-24,220.0023,43.23
2013-10-25,220.4827,43.32
2013-10-26,220.4827,43.32
2013-10-27,220.4827,43.32
2013-10-28,222.6874,43.75
2013-10-29,222.6921,43.75
2013-10-30,221.0258,43.42
2013-10-31,220.0336,43.23
2013-11-01,218.5728,42.94
2013-11-02,218.5728,42.94
2013-11-03,218.5728,42.94
2013-11-04,219.093,43.04
2013-11-05,219.4716,43.11
2013-11-06,218.6941,42.96
2013-11-07,218.8086,42.98
2013-11-08,219.7966,43.17
2013-11-09,219.7966,43.17
2013-11-10,219.7966,43.17
2013-11-11,220.4368,43.30
2013-11-12,219.6342,43.14
2013-11-13,219.2817,43.07
2013-11-14,218.8198,42.98
2013-11-15,219.411,43.09
2013-11-16,219.411,43.09
2013-11-17,219.411,43.09
2013-11-18,217.6484,42.74
2013-11-19,216.4936,42.51
2013-11-20,217.5284,42.72
2013-11-21,217.6262,42.74
2013-11-22,216.8443,42.58
2013-11-23,216.8443,42.58
2013-11-24,216.8443,42.58
2013-11-25,217.2393,42.66
2013-11-26,218.6715,42.94
2013-11-27,219.9008,43.18
2013-11-28,219.9008,43.17
2013-11-29,220.1434,43.22
2013-11-30,220.1434,43.22
2013-12-01,220.1434,43.22
2013-12-02,220.0373,43.20
2013-12-03,218.7062,42.94
2013-12-04,219.0158,42.99
2013-12-05,217.2178,42.64
2013-12-06,217.0786,42.61
2013-12-07,217.0786,42.61
2013-12-08,217.0786,42.61
2013-12-09,218.1742,42.82
2013-12-10,217.3908,42.67
2013-12-11,217.0077,42.59
2013-12-12,217.3913,42.67
2013-12-13,216.7784,42.55
2013-12-14,216.7784,42.55
2013-12-15,216.7784,42.54
2013-12-16,216.666,42.52
2013-12-17,216.162,42.42
2013-12-18,216.4365,42.47
2013-12-19,217.3335,42.65
2013-12-20,217.9348,42.77
2013-12-21,217.9348,42.77
2013-12-22,217.9348,42.76
2013-12-23,218.0029,42.78
2013-12-24,217.829,42.74
2013-12-25,217.829,42.74
2013-12-26,217.9575,42.77
2013-12-27,218.2911,42.83
2013-12-28,218.2911,42.83
2013-12-29,218.2911,42.83
2013-12-30,218.255,42.82
2013-12-31,218.0795,42.78
2014-01-01,218.0795,42.78
2014-01-02,219.0938,42.98
2014-01-03,219.4304,43.05
2014-01-04,219.4304,43.05
2014-01-05,219.4304,43.04
2014-01-06,219.6464,43.09
2014-01-07,218.3609,42.83
2014-01-08,219.3669,43.03
2014-01-09,219.1882,42.99
2014-01-10,219.5626,43.07
2014-01-11,219.5626,43.06
2014-01-12,219.5626,43.06
2014-01-13,219.163,42.98
2014-01-14,219.6159,43.07
2014-01-15,220.7216,43.29
2014-01-16,221.3396,43.41
2014-01-17,221.3736,43.41
2014-01-18,221.3736,43.41
2014-01-19,221.3736,43.41
2014-01-20,221.3736,43.41
2014-01-21,222.4848,43.63
2014-01-22,223.878,43.90
2014-01-23,222.618,43.65
2014-01-24,222.7251,43.67
2014-01-25,222.7251,43.67
2014-01-26,222.7251,43.67
2014-01-27,222.6272,43.65
2014-01-28,222.7265,43.67
2014-01-29,223.4949,43.82
2014-01-30,223.6714,43.85
2014-01-31,224.1627,43.95
2014-02-01,224.1627,43.94
2014-02-02,224.1627,43.94
2014-02-03,222.7551,43.67
2014-02-04,222.7168,43.66
2014-02-05,224.2342,43.95
2014-02-06,224.0435,43.92
2014-02-07,225.2268,44.15
2014-02-08,225.2268,44.15
2014-02-09,225.2268,44.15
2014-02-10,224.9013,44.08
2014-02-11,225.4087,44.18
2014-02-12,224.7942,44.06
2014-02-13,226.0143,44.30
2014-02-14,226.1765,44.33
2014-02-15,226.1765,44.33
2014-02-16,226.1765,44.32
2014-02-17,226.1765,44.32
2014-02-18,227.9108,44.66
2014-02-19,228.4119,44.76
2014-02-20,228.7688,44.83
2014-02-21,228.4519,44.76
2014-02-22,228.4519,44.76
2014-02-23,228.4519,44.76
2014-02-24,228.0315,44.68
2014-02-25,229.4413,44.95
2014-02-26,230.2119,45.10
2014-02-27,230.2064,45.10
2014-02-28,231.7761,45.41
2014-03-01,231.7761,45.41
2014-03-02,231.7761,45.41
2014-03-03,232.2788,45.50
2014-03-04,236.1298,46.26
2014-03-05,234.5516,45.95
2014-03-06,235.0383,46.04
2014-03-07,236.6392,46.35
2014-03-08,236.6392,46.35
2014-03-09,236.6392,46.35
2014-03-10,239.5459,46.92
2014-03-11,238.5722,46.73
2014-03-12,238.317,46.68
2014-03-13,239.7887,46.96
2014-03-14,240.2358,47.05
2014-03-15,240.2358,47.05
2014-03-16,240.2358,47.05
2014-03-17,238.2292,46.65
2014-03-18,237.4776,46.51
2014-03-19,239.6969,46.94
2014-03-20,239.6169,46.92
2014-03-21,241.2685,47.25
2014-03-22,241.2685,47.24
2014-03-23,241.2685,47.24
2014-03-24,242.6783,47.52
2014-03-25,241.1989,47.23
2014-03-26,242.096,47.40
2014-03-27,244.5571,47.88
2014-03-28,243.2049,47.62
2014-03-29,243.2049,47.62
2014-03-30,243.2049,47.61
2014-03-31,241.9546,47.37
2014-04-01,242.8758,47.55
2014-04-02,243.4438,47.66
2014-04-03,243.9897,47.76
2014-04-04,238.7647,46.74
2014-04-05,238.7647,46.74
2014-04-06,238.7647,46.74
2014-04-07,241.2505,47.22
2014-04-08,239.818,46.94
2014-04-09,240.6137,47.10
2014-04-10,239.2671,46.83
2014-04-11,240.4423,47.06
2014-04-12,240.4423,47.06
2014-04-13,240.4423,47.06
2014-04-14,240.912,47.15
2014-04-15,238.789,46.73
2014-04-16,238.9199,46.76
2014-04-17,238.7804,46.73
2014-04-18,238.7804,46.73
2014-04-19,238.7804,46.73
2014-04-20,238.7804,46.73
2014-04-21,237.8104,46.53
2014-04-22,239.6659,46.90
2014-04-23,242.7619,47.50
2014-04-24,243.1209,47.57
2014-04-25,244.0598,47.75
2014-04-26,244.0598,47.75
2014-04-27,244.0598,47.75
2014-04-28,245.1006,47.95
2014-04-29,246.7363,48.27
2014-04-30,246.2528,48.18
2014-05-01,249.3877,48.79
2014-05-02,249.9344,48.89
2014-05-03,249.9344,48.89
2014-05-04,249.9344,48.89
2014-05-05,250.3459,48.97
2014-05-06,251.0149,49.10
2014-05-07,250.6418,49.03
2014-05-08,250.2847,48.96
2014-05-09,250.218,48.94
2014-05-10,250.218,48.94
2014-05-11,250.218,48.94
2014-05-12,250.2185,48.94
2014-05-13,250.0138,48.90
2014-05-14,249.432,48.78
2014-05-15,249.4507,48.79
2014-05-16,249.8455,48.86
2014-05-17,249.8455,48.86
2014-05-18,249.8455,48.86
2014-05-19,252.1168,49.30
2014-05-20,252.1009,49.30
2014-05-21,252.7557,49.42
2014-05-22,252.0297,49.28
2014-05-23,250.9949,49.08
2014-05-24,250.9949,49.08
2014-05-25,250.9949,49.08
2014-05-26,250.9949,49.07
2014-05-27,250.9268,49.06
2014-05-28,251.2662,49.13
2014-05-29,252.1079,49.29
2014-05-30,251.9854,49.26
2014-05-31,251.9854,49.26
2014-06-01,251.9854,49.26
2014-06-02,252.8615,49.43
2014-06-03,252.5355,49.37
2014-06-04,252.3807,49.34
2014-06-05,252.6759,49.39
2014-06-06,253.222,49.50
2014-06-07,253.222,49.50
2014-06-08,253.222,49.50
2014-06-09,255.0577,49.85
2014-06-10,255.2365,49.89
2014-06-11,256.2805,50.09
2014-06-12,261.572,51.12
2014-06-13,262.9769,51.40
2014-06-14,262.9769,51.39
2014-06-15,262.9769,51.39
2014-06-16,260.1028,50.83
2014-06-17,257.4918,50.32
2014-06-18,255.5739,49.94
2014-06-19,260.7574,50.95
2014-06-20,259.9861,50.80
2014-06-21,259.9861,50.80
2014-06-22,259.9861,50.80
2014-06-23,261.7025,51.13
2014-06-24,265.0636,51.79
2014-06-25,263.6626,51.52
2014-06-26,264.8338,51.74
2014-06-27,263.6716,51.51
2014-06-28,263.6716,51.51
2014-06-29,263.6716,51.51
2014-06-30,266.2649,52.02
2014-07-01,269.649,52.68
2014-07-02,271.7069,53.08
2014-07-03,275.0978,53.74
2014-07-04,275.0978,53.74
2014-07-05,275.0978,53.74
2014-07-06,275.0978,53.74
2014-07-07,276.3842,53.99
2014-07-08,275.9784,53.91
2014-07-09,275.1337,53.74
2014-07-10,271.0244,52.94
2014-07-11,272.7113,53.26
2014-07-12,272.7113,53.26
2014-07-13,272.7113,53.26
2014-07-14,272.2942,53.18
2014-07-15,273.2916,53.37
2014-07-16,272.8754,53.29
2014-07-17,275.3994,53.78
2014-07-18,276.3085,53.96
2014-07-19,276.3085,53.96
2014-07-20,276.3085,53.95
2014-07-21,277.4667,54.18
2014-07-22,280.7856,54.83
2014-07-23,277.3532,54.16
2014-07-24,274.2296,53.54
2014-07-25,275.1663,53.73
2014-07-26,275.1663,53.72
2014-07-27,275.1663,53.72
2014-07-28,273.3838,53.37
2014-07-29,272.6718,53.23
2014-07-30,271.2302,52.95
2014-07-31,268.4418,52.41
2014-08-01,267.7343,52.27
2014-08-02,267.7343,52.26
2014-08-03,267.7343,52.26
2014-08-04,269.2124,52.55
2014-08-05,266.901,52.10
2014-08-06,267.8918,52.29
2014-08-07,262.459,51.23
2014-08-08,258.465,50.45
2014-08-09,258.465,50.45
2014-08-10,258.465,50.45
2014-08-11,260.211,50.79
2014-08-12,255.6593,49.90
2014-08-13,255.6593,49.89
2014-08-14,255.1856,49.80
2014-08-15,257.753,50.30
2014-08-16,257.753,50.30
2014-08-17,257.753,50.30
2014-08-18,258.5455,50.45
2014-08-19,257.3922,50.23
2014-08-20,254.1184,49.59
2014-08-21,256.3466,50.02
2014-08-22,258.2903,50.40
2014-08-23,258.2903,50.40
2014-08-24,258.2903,50.40
2014-08-25,260.7242,50.87
2014-08-26,262.0941,51.14
2014-08-27,262.5567,51.22
2014-08-28,264.5043,51.60
2014-08-29,266.3629,51.96
2014-08-30,266.3629,51.96
2014-08-31,266.3629,51.96
2014-09-01,266.3629,51.96
2014-09-02,268.9906,52.47
2014-09-03,270.1297,52.69
2014-09-04,267.4541,52.17
2014-09-05,271.4605,52.95
2014-09-06,271.4605,52.95
2014-09-07,271.4605,52.95
2014-09-08,272.7994,53.21
2014-09-09,275.6148,53.76
2014-09-10,275.7686,53.78
2014-09-11,274.7157,53.58
2014-09-12,273.8831,53.41
2014-09-13,273.8831,53.41
2014-09-14,273.8831,53.41
2014-09-15,274.7048,53.57
2014-09-16,273.8566,53.40
2014-09-17,273.2954,53.29
2014-09-18,272.8266,53.20
2014-09-19,273.4608,53.32
2014-09-20,273.4608,53.32
2014-09-21,273.4608,53.32
2014-09-22,274.8869,53.60
2014-09-23,274.9662,53.61
2014-09-24,275.7046,53.75
2014-09-25,275.7363,53.76
2014-09-26,276.7069,53.95
2014-09-27,276.7069,53.95
2014-09-28,276.7069,53.94
2014-09-29,276.8762,53.98
2014-09-30,277.4716,54.09
2014-10-01,279.9658,54.58
2014-10-02,280.8723,54.75
2014-10-03,280.3816,54.65
2014-10-04,280.3816,54.65
2014-10-05,280.3816,54.65
2014-10-06,283.0903,55.18
2014-10-07,282.7165,55.10
2014-10-08,284.2835,55.41
2014-10-09,283.4402,55.24
2014-10-10,281.4205,54.85
2014-10-11,281.4205,54.85
2014-10-12,281.4205,54.85
2014-10-13,283.0249,55.16
2014-10-14,278.9664,54.36
2014-10-15,272.7601,53.15
2014-10-16,273.3185,53.26
2014-10-17,274.2312,53.44
2014-10-18,274.2312,53.44
2014-10-19,274.2312,53.44
2014-10-20,276.8161,53.94
2014-10-21,276.7306,53.92
2014-10-22,279.6352,54.48
2014-10-23,280.467,54.65
2014-10-24,277.9877,54.16
2014-10-25,277.9877,54.16
2014-10-26,277.9877,54.16
2014-10-27,279.51,54.45
2014-10-28,279.9484,54.54
2014-10-29,280.2212,54.59
2014-10-30,279.7647,54.50
2014-10-31,280.745,54.69
2014-11-01,280.745,54.69
2014-11-02,280.745,54.69
2014-11-03,281.1739,54.77
2014-11-04,280.7604,54.69
2014-11-05,279.1633,54.38
2014-11-06,280.3968,54.61
2014-11-07,282.193,54.96
2014-11-08,282.193,54.96
2014-11-09,282.193,54.96
2014-11-10,283.1891,55.15
2014-11-11,284.0034,55.31
2014-11-12,285.3035,55.56
2014-11-13,287.3839,55.97
2014-11-14,289.2524,56.33
2014-11-17,289.7578,56.42
2014-11-18,289.701,56.41
2014-11-19,290.7347,56.61
2014-11-20,291.7249,56.80
2014-11-21,293.3803,57.12
2014-11-24,292.2379,56.90
2014-11-25,290.9139,56.64
2014-11-26,290.0461,56.47
2014-11-27,290.0461,56.47
2014-11-28,289.9428,56.44
2014-12-01,291.4702,56.74
2014-12-02,290.0365,56.46
2014-12-03,286.1221,55.69
2014-12-04,285.7313,55.62
2014-12-05,282.3931,54.97
2014-12-08,278.4983,54.20
2014-12-09,278.5686,54.22
2014-12-10,278.4684,54.20
2014-12-11,276.8023,53.87
2014-12-12,275.4152,53.60
2014-12-15,273.8106,53.28
2014-12-16,269.1224,52.37
2014-12-17,266.109,51.78
2014-12-18,270.8044,52.69
2014-12-19,272.808,53.08
2014-12-22,272.1182,52.95
2014-12-23,271.8854,52.90
2014-12-24,271.2533,52.77
2014-12-25,271.2533,52.77
2014-12-26,273.5191,53.21
2014-12-29,276.8123,53.85
2014-12-30,276.6023,53.81
2014-12-31,276.8079,53.85
2015-01-01,276.8079,53.84
2015-01-02,279.8307,54.43
2015-01-05,280.6442,54.59
2015-01-06,278.1238,54.09
2015-01-07,277.5664,53.98
2015-01-08,272.4676,52.99
2015-01-09,269.4373,52.40
2015-01-12,268.6966,52.25
2015-01-13,265.29,51.59
2015-01-14,265.0906,51.55
2015-01-15,263.4482,51.23
2015-01-16,261.989,50.94
2015-01-20,257.0371,49.98
2015-01-21,258.223,50.21
2015-01-22,257.1395,49.99
2015-01-23,250.4032,48.68
2015-01-26,252.6261,49.11
2015-01-27,254.1225,49.40
2015-01-28,257.5936,50.08
2015-01-29,255.1124,49.59
2015-01-30,256.985,49.96
2015-02-02,252.6894,49.12
2015-02-03,252.8481,49.15
2015-02-04,247.4269,48.09
2015-02-05,246.2221,47.86
2015-02-09,253.3026,49.23
2015-02-10,252.8238,49.13
2015-02-11,247.87,48.17
2015-02-12,249.5058,48.49
2015-02-13,252.9386,49.15
2015-02-16,252.9386,49.15
2015-02-17,249.6205,48.50
2015-02-18,250.8294,48.74
2015-02-19,252.9258,49.14
2015-02-20,250.3051,48.63
2015-02-23,249.6448,48.50
2015-02-24,249.2697,48.43
2015-02-25,252.055,48.97
2015-02-26,253.6171,49.27
2015-02-27,253.396,49.23
2015-03-02,255.5951,49.65
2015-03-03,251.3266,48.82
2015-03-04,255.1828,49.57
2015-03-05,253.2783,49.20
2015-03-06,254.6291,49.46
2015-03-09,253.8325,49.30
2015-03-10,252.9781,49.13
2015-03-11,250.8594,48.72
2015-03-12,250.1631,48.58
2015-03-13,247.0722,47.98
2015-03-16,247.0396,47.97
2015-03-17,247.7295,48.10
2015-03-18,249.2705,48.40
2015-03-19,249.0011,48.35
2015-03-20,248.0709,48.17
2015-03-23,251.0792,48.75
2015-03-24,254.6045,49.43
2015-03-25,254.3309,49.38
2015-03-26,253.1192,49.14
2015-03-27,252.74,49.07
2015-03-30,255.116,49.52
2015-03-31,255.4773,49.59
2015-04-01,256.6707,49.82
2015-04-02,256.2296,49.74
2015-04-06,255.8361,49.66
2015-04-07,256.1538,49.72
2015-04-08,257.0808,49.89
2015-04-09,257.1672,49.91
2015-04-10,255.6763,49.62
2015-04-13,255.7935,49.64
2015-04-14,257.3359,49.94
2015-04-15,256.4536,49.76
2015-04-16,258.7332,50.21
2015-04-17,254.8935,49.46
2015-04-20,251.7434,48.85
2015-04-21,255.1436,49.50
2015-04-22,251.9697,48.89
2015-04-23,257.3019,49.92
2015-04-24,259.4883,50.34
2015-04-27,257.9761,50.05
2015-04-28,258.5622,50.16
2015-04-29,259.7117,50.38
2015-04-30,257.8643,50.02
2015-05-01,258.4881,50.14
2015-05-04,260.4053,50.51
2015-05-05,260.8499,50.59
2015-05-06,261.3447,50.69
2015-05-07,260.8122,50.58
2015-05-08,262.3977,50.89
2015-05-11,260.3773,50.50
2015-05-12,262.3107,50.87
2015-05-13,262.5588,50.92
2015-05-14,263.4512,51.09
2015-05-15,262.5602,50.91
2015-05-18,262.2994,50.86
2015-05-19,262.7382,50.94
2015-05-20,261.914,50.78
2015-05-21,263.0474,51.00
2015-05-22,262.9182,50.98
2015-05-26,262.573,50.90
2015-05-27,262.9751,50.98
2015-05-28,264.7997,51.33
2015-05-29,261.939,50.78
2015-06-01,263.6838,51.11
2015-06-02,262.7242,50.92
2015-06-03,259.5447,50.31
2015-06-04,258.1705,50.04
2015-06-05,258.1131,50.03
2015-06-08,259.3326,50.26
2015-06-09,259.8537,50.36
2015-06-10,260.3506,50.46
2015-06-11,259.2738,50.25
2015-06-12,254.9813,49.41
2015-06-15,252.6881,48.96
2015-06-16,252.5352,48.93
2015-06-17,253.7333,49.16
2015-06-18,251.7592,48.78
2015-06-19,250.3697,48.51
2015-06-22,250.3054,48.50
2015-06-23,250.4712,48.53
2015-06-24,248.9304,48.23
2015-06-25,246.6127,47.78
2015-06-26,247.4282,47.93
2015-06-29,251.5429,48.73
2015-06-30,251.7096,48.76
2015-07-01,253.6573,49.13
2015-07-02,254.549,49.31
2015-07-06,253.2375,49.05
2015-07-07,254.2183,49.24
2015-07-08,251.2252,48.66
2015-07-09,246.387,47.72
2015-07-10,243.8644,47.23
2015-07-13,243.4793,47.15
2015-07-14,247.1117,47.85
2015-07-15,247.4379,47.91
2015-07-16,246.6073,47.75
2015-07-17,245.1787,47.47
2015-07-20,244.8575,47.41
2015-07-21,242.3548,46.92
2015-07-22,245.1231,47.46
2015-07-23,242.6594,46.98
2015-07-24,241.8954,46.83
2015-07-27,239.7088,46.40
2015-07-28,243.3799,47.11
2015-07-29,243.7564,47.19
2015-07-30,243.6311,47.16
2015-07-31,240.8409,46.62
2015-08-03,244.9247,47.41
2015-08-04,246.9971,47.81
2015-08-05,246.5758,47.72
2015-08-06,244.1511,47.25
2015-08-07,243.5742,47.14
2015-08-10,243.0655,47.04
2015-08-11,242.8269,46.99
2015-08-12,241.374,46.71
2015-08-13,242.6575,46.96
2015-08-14,243.1048,47.04
2015-08-17,244.5598,47.32
2015-08-18,244.4017,47.29
2015-08-19,242.4055,46.90
2015-08-20,242.3114,46.88
2015-08-21,237.0053,45.85
2015-08-24,238.7441,46.19
2015-08-25,239.5749,46.35
2015-08-26,236.7837,45.81
2015-08-27,238.8301,46.20
2015-08-28,239.7797,46.38
2015-08-31,240.823,46.58
2015-09-01,238.3065,46.09
2015-09-02,239.983,46.42
2015-09-03,239.8908,46.40
2015-09-04,238.405,46.11
2015-09-08,242.0991,46.82
2015-09-09,241.2286,46.65
2015-09-10,240.194,46.45
2015-09-11,236.6384,45.76
2015-09-14,236.9799,45.82
2015-09-15,238.5364,46.12
2015-09-16,233.7757,45.20
2015-09-17,236.3092,45.69
2015-09-18,234.9364,45.42
2015-09-21,237.2885,45.88
2015-09-22,236.2136,45.67
2015-09-23,232.3646,44.92
2015-09-24,231.5619,44.77
2015-09-25,233.8817,45.21
2015-09-28,234.8345,45.39
2015-09-29,232.39,44.92
2015-09-30,229.4339,44.35
2015-10-01,226.6451,43.81
2015-10-02,228.9191,44.25
2015-10-05,227.9155,44.05
2015-10-06,232.9861,45.03
2015-10-07,233.9145,45.21
2015-10-08,235.871,45.58
2015-10-09,236.0342,45.61
2015-10-12,236.8551,45.77
2015-10-13,236.7479,45.75
2015-10-14,235.702,45.54
2015-10-15,234.217,45.26
2015-10-16,236.4135,45.68
2015-10-19,237.366,45.86
2015-10-20,238.7757,46.13
2015-10-21,238.9451,46.16
2015-10-22,239.4253,46.26
2015-10-23,237.4753,45.88
2015-10-26,235.9112,45.57
2015-10-27,233.6983,45.14
2015-10-28,236.2654,45.64
2015-10-29,233.3162,45.07
2015-10-30,232.5966,44.93
2015-11-02,232.0858,44.83
2015-11-03,230.0863,44.44
2015-11-04,225.9973,43.65
2015-11-05,222.1713,42.91
2015-11-06,222.4221,42.96
2015-11-09,217.439,41.99
2015-11-10,212.7248,41.08
2015-11-11,217.6932,42.04
2015-11-12,219.8458,42.45
2015-11-13,215.8018,41.67
2015-11-16,209.0346,40.36
2015-11-17,213.4664,41.22
2015-11-18,217.1243,41.92
2015-11-19,216.0763,41.72
2015-11-20,218.0032,42.09
2015-11-23,219.0861,42.29
2015-11-24,217.0061,41.89
2015-11-25,217.564,42.00
2015-11-27,216.7446,41.84
2015-11-30,214.8814,41.48
2015-12-01,220.1579,42.49
2015-12-02,217.0167,41.89
2015-12-03,215.035,41.50
2015-12-04,214.8429,41.46
2015-12-07,211.5236,40.82
2015-12-08,211.3704,40.79
2015-12-09,210.156,40.56
2015-12-10,211.7564,40.86
2015-12-11,212.6406,41.03
2015-12-14,210.8306,40.68
2015-12-15,211.4447,40.80
2015-12-16,211.687,40.84
2015-12-17,209.0465,40.33
2015-12-18,212.5139,41.00
2015-12-21,215.6491,41.60
2015-12-22,216.7615,41.82
2015-12-23,220.1673,42.47
2015-12-24,223.8418,43.18
2015-12-28,224.4479,43.29
2015-12-29,223.6918,43.15
2015-12-30,224.7897,43.36
2015-12-31,224.6627,43.33
2016-01-04,224.042,43.21
2016-01-05,224.1255,43.22
2016-01-06,224.0695,43.21
2016-01-07,220.1869,42.46
2016-01-08,219.7585,42.38
2016-01-11,219.6333,42.35
2016-01-12,221.0723,42.63
2016-01-13,220.99,42.61
2016-01-14,219.8586,42.39
2016-01-15,216.453,41.73
2016-01-19,218.4626,42.12
2016-01-20,216.1542,41.67
2016-01-21,220.883,42.58
2016-01-22,221.5139,42.70
2016-01-25,221.1507,42.63
2016-01-26,221.8219,42.76
2016-01-27,223.2664,43.04
2016-01-28,222.6673,42.92
2016-01-29,222.5818,42.90
2016-02-01,224.0951,43.19
2016-02-02,223.4022,43.06
2016-02-03,224.415,43.25
2016-02-04,224.3256,43.23
2016-02-05,223.6168,43.09
2016-02-08,219.6003,42.32
2016-02-09,219.4737,42.29
2016-02-10,219.7492,42.34
2016-02-11,218.1405,42.03
2016-02-12,217.7741,41.96
2016-02-16,220.3446,42.45
2016-02-17,221.8818,42.75
2016-02-18,222.4925,42.87
2016-02-19,221.5772,42.69
2016-02-22,223.37,43.03
2016-02-23,224.2458,43.20
2016-02-24,225.2194,43.38
2016-02-25,225.4449,43.43
2016-02-26,225.9844,43.53
2016-02-29,226.2968,43.59
2016-03-01,226.3909,43.60
2016-03-02,225.9927,43.53
2016-03-03,225.6302,43.46
2016-03-04,226.9854,43.72
2016-03-07,226.751,43.67
2016-03-08,227.4089,43.79
2016-03-09,227.6319,43.84
2016-03-10,229.0769,44.11
2016-03-11,229.4057,44.17
2016-03-14,229.4437,44.18
2016-03-15,229.9927,44.28
2016-03-16,230.7032,44.42
2016-03-17,231.108,44.50
2016-03-18,229.6171,44.21
2016-03-21,226.8957,43.68
2016-03-22,226.9795,43.70
2016-03-23,226.4005,43.58
2016-03-24,226.3068,43.56
2016-03-28,228.1012,43.91
2016-03-29,228.5972,44.00
2016-03-30,224.8027,43.27
2016-03-31,225.7573,43.45
2016-04-01,223.4867,43.01
2016-04-04,223.8465,43.08
2016-04-05,221.2025,42.57
2016-04-06,222.7098,42.86
2016-04-07,223.7825,43.06
2016-04-08,225.5157,43.40
2016-04-11,224.4922,43.20
2016-04-12,224.2673,43.15
2016-04-13,222.8493,42.88
2016-04-14,221.1475,42.55
2016-04-15,222.9217,42.89
2016-04-18,220.1754,42.36
2016-04-19,220.5185,42.42
2016-04-20,219.547,42.24
2016-04-21,219.3567,42.20
2016-04-22,216.2585,41.60
2016-04-25,218.5572,42.04
2016-04-26,220.3061,42.38
2016-04-27,220.2922,42.37
2016-04-28,217.5675,41.85
2016-04-29,218.3422,42.00
2016-05-02,220.7883,42.46
2016-05-03,221.6005,42.62
2016-05-04,222.3751,42.77
2016-05-05,224.4893,43.17
2016-05-06,224.714,43.21
2016-05-09,225.3731,43.34
2016-05-10,225.5189,43.37
2016-05-11,226.4143,43.54
2016-05-12,225.5823,43.38
2016-05-13,225.1586,43.29
2016-05-16,226.2432,43.50
2016-05-17,226.9891,43.64
2016-05-18,227.1093,43.66
2016-05-19,224.4871,43.16
2016-05-20,223.4837,42.96
2016-05-23,218.7916,42.06
2016-05-24,217.82,41.87
2016-05-25,218.1362,41.93
2016-05-26,220.7165,42.43
2016-05-27,221.765,42.63
2016-05-31,222.1869,42.70
2016-06-01,223.4552,42.95
2016-06-02,224.7791,43.20
2016-06-03,225.6463,43.37
2016-06-06,225.0992,43.26
2016-06-07,225.2628,43.29
2016-06-08,228.0985,43.83
2016-06-09,228.5231,43.91
2016-06-10,227.712,43.76
2016-06-13,225.3208,43.29
2016-06-14,227.734,43.76
2016-06-15,226.9471,43.60
2016-06-16,227.0693,43.63
2016-06-17,226.3225,43.48
2016-06-20,224.6656,43.16
2016-06-21,225.4205,43.30
2016-06-22,222.9755,42.83
2016-06-23,224.0927,43.05
2016-06-24,221.1844,42.49
2016-06-27,221.3117,42.51
2016-06-28,223.3264,42.89
2016-06-29,223.275,42.88
2016-06-30,223.9469,43.01
2016-07-01,223.675,42.96
2016-07-05,224.3251,43.08
2016-07-06,220.3198,42.31
2016-07-07,218.9746,42.05
2016-07-08,218.2204,41.90
2016-07-11,214.1962,41.13
2016-07-12,213.8458,41.06
2016-07-13,215.0764,41.30
2016-07-14,216.2101,41.51
2016-07-15,212.2337,40.75
2016-07-18,212.069,40.71
2016-07-19,209.2518,40.17
2016-07-20,207.5966,39.85
2016-07-21,202.6527,38.90
2016-07-22,206.956,39.73
2016-07-25,210.9365,40.49
2016-07-26,211.286,40.56
2016-07-27,208.5341,40.03
2016-07-28,204.7293,39.30
2016-07-29,204.2242,39.20
2016-08-01,208.7436,40.06
2016-08-02,208.9573,40.10
2016-08-03,208.2928,39.97
2016-08-04,206.3068,39.59
2016-08-05,206.9492,39.71
2016-08-08,207.4153,39.80
2016-08-09,207.3222,39.78
2016-08-10,208.1265,39.94
2016-08-11,205.9454,39.52
2016-08-12,206.1773,39.56
2016-08-15,209.2208,40.14
2016-08-16,206.7219,39.66
2016-08-17,207.5918,39.83
2016-08-18,205.419,39.41
